Score,Episodes
6.3807386399847035,26.0
8.38,1.0
8.22,26.0
7.25,26.0
6.94,52.0
7.92,145.0
8.0,24.0
7.55,52.0
8.16,24.0
8.87,74.0
7.99,220.0
7.86,178.0
6.39,12.0
7.89,26.0
7.38,24.0
7.76,22.0
7.29,24.0
7.91,69.0
7.48,26.0
8.35,26.0
7.46,1.0
8.55,1.0
8.56,25.0
8.27,1.0
8.71,4.0
8.29,94.0
7.55,1.0
8.16,1.0
6.95,26.0
7.29,5.0
7.32,24.0
6.27,3.0
7.26,26.0
7.11,24.0
7.06,1.0
6.51,26.0
5.86,13.0
8.29,26.0
7.03,26.0
7.4,26.0
7.62,24.0
7.17,26.0
6.72,26.0
6.56,12.0
7.41,12.0
7.62,12.0
7.99,26.0
7.55,24.0
7.33,23.0
6.31,25.0
7.61,24.0
8.03,12.0
7.93,13.0
7.64,26.0
7.26,25.0
7.41,13.0
7.97,13.0
7.03,24.0
7.76,43.0
8.01,12.0
7.96,6.0
6.76,1.0
7.24,13.0
7.9,50.0
6.68,47.0
7.66,1.0
6.62,1.0
6.77,51.0
7.69,49.0
7.74,3.0
7.34,39.0
7.75,50.0
7.18,50.0
7.74,50.0
7.57,49.0
7.79,26.0
7.42,26.0
7.28,26.0
7.16,13.0
7.28,12.0
7.44,26.0
7.49,74.0
7.18,24.0
6.4,13.0
7.61,51.0
7.19,13.0
7.25,3.0
6.79,24.0
7.58,52.0
6.97,52.0
4.82,8.0
7.37,26.0
7.9,26.0
6.79,13.0
6.93,26.0
7.26,7.0
6.78,4.0
6.52,13.0
7.69,26.0
8.11,51.0
7.94,52.0
7.61,52.0
6.82,4.0
6.44,13.0
6.86,13.0
6.92,24.0
6.74,6.0
7.55,50.0
7.37,25.0
7.37,26.0
7.58,49.0
6.15,12.0
7.39,13.0
8.08,75.0
8.41,62.0
8.31,8.0
8.18,8.0
8.25,14.0
6.1,12.0
7.46,44.0
6.81,12.0
7.07,13.0
7.59,26.0
6.71,12.0
7.18,14.0
6.56,12.0
6.76,12.0
7.62,50.0
7.1,3.0
7.27,24.0
8.02,45.0
7.75,64.0
6.57,1.0
7.4,24.0
6.94,26.0
7.29,13.0
6.28,24.0
7.61,13.0
7.3,24.0
6.93,26.0
6.55,26.0
8.67,1.0
7.39,26.0
7.44,26.0
7.38,24.0
7.36,26.0
6.82,12.0
8.54,101.0
6.32,13.0
7.2,25.0
6.88,24.0
6.59,26.0
6.09,4.0
7.52,26.0
7.16,26.0
6.62,1.0
7.17,13.0
7.39,13.0
7.67,26.0
7.39,39.0
6.32,12.0
8.33,26.0
8.16,13.0
7.9,1.0
6.03,4.0
7.1,24.0
7.21,3.0
7.31,1.0
7.18,1.0
6.74,24.0
7.51,5.0
7.11,12.0
6.82,12.0
6.51,24.0
7.31,24.0
8.78,1.0
7.43,50.0
7.2,6.0
7.8,26.0
6.72,5.0
6.08,12.0
8.51,26.0
7.13,27.0
7.36,13.0
7.63,3.0
7.53,26.0
7.76,161.0
6.17,2.0
6.85,1.0
5.94,3.0
6.07,3.0
6.19,6.0
5.81,1.0
6.17,5.0
7.49,26.0
6.73,1.0
5.62,4.0
6.62,2.0
6.65,13.0
7.96,153.0
6.48,64.0
7.48,13.0
8.03,6.0
7.61,26.0
6.89,12.0
6.97,27.0
6.1,26.0
8.16,70.0
7.66,78.0
6.63,26.0
6.59,26.0
8.06,50.0
7.34,42.0
8.14,24.0
7.63,12.0
6.38,11.0
7.41,13.0
6.93,13.0
6.83,39.0
8.69,43.0
7.22,51.0
7.0,26.0
6.63,12.0
7.86,167.0
7.54,150.0
7.63,78.0
7.03,26.0
7.81,26.0
7.79,6.0
7.62,7.0
7.12,1.0
6.39,13.0
6.15,4.0
6.6,5.0
6.61,13.0
6.77,13.0
6.76,3.0
8.76,75.0
8.26,1.0
8.23,1.0
6.73,12.0
7.83,26.0
8.04,6.0
7.92,366.0
7.49,13.0
6.65,26.0
7.29,26.0
6.71,12.0
7.19,24.0
5.85,9.0
7.15,12.0
7.14,14.0
6.74,51.0
7.1,13.0
7.26,51.0
5.73,3.0
7.25,50.0
7.77,50.0
7.0,12.0
6.76,25.0
7.03,25.0
7.47,24.0
6.76,51.0
6.58,13.0
7.64,13.0
6.95,26.0
6.78,26.0
6.8,16.0
6.0,13.0
6.41,13.0
6.69,38.0
6.69,12.0
6.56,12.0
6.59,4.0
6.71,4.0
6.28,13.0
8.1,26.0
6.89,48.0
7.54,1.0
5.28,4.0
7.23,13.0
6.02,39.0
6.85,26.0
6.13,13.0
5.99,50.0
7.11,26.0
6.85,12.0
6.93,1.0
7.17,13.0
6.34,1.0
6.14,3.0
7.72,1.0
6.69,10.0
5.96,3.0
6.54,2.0
5.97,12.0
7.85,12.0
7.67,13.0
7.67,47.0
6.94,25.0
7.24,4.0
7.44,26.0
5.98,10.0
8.26,26.0
7.23,13.0
7.6,45.0
7.1,38.0
7.41,51.0
7.44,76.0
7.25,26.0
6.43,13.0
6.19,24.0
8.33,40.0
8.08,13.0
7.55,26.0
7.22,25.0
7.01,13.0
6.94,25.0
7.37,20.0
7.62,12.0
6.14,13.0
6.67,22.0
6.43,13.0
6.16,13.0
7.29,51.0
7.43,49.0
7.44,50.0
7.72,51.0
5.65,12.0
7.45,24.0
7.28,24.0
6.54,4.0
6.93,6.0
6.19,2.0
6.17,12.0
5.78,3.0
6.14,3.0
6.13,4.0
7.4,37.0
6.5,1.0
5.93,7.0
7.0,3.0
6.57,6.0
7.16,12.0
6.57,13.0
7.63,1.0
8.21,1.0
6.74,6.0
6.28,12.0
6.62,12.0
7.14,1.0
6.66,6.0
6.56,1.0
7.49,26.0
7.14,3.0
7.25,6.0
6.32,4.0
7.03,24.0
6.99,13.0
6.63,26.0
7.23,41.0
7.97,13.0
7.83,52.0
7.37,6.0
7.18,26.0
6.79,4.0
8.46,112.0
7.06,1.0
7.12,12.0
7.03,13.0
7.67,13.0
7.8,10.0
7.65,2.0
7.16,1.0
7.84,24.0
7.97,2.0
6.3,1.0
6.58,12.0
6.68,6.0
6.88,1.0
6.51,13.0
7.73,45.0
7.3,1.0
7.26,26.0
6.52,12.0
2.22,1.0
7.12,1.0
7.95,1.0
6.45,26.0
7.23,1.0
6.9,26.0
6.67,1.0
6.74,13.0
6.66,2.0
6.78,6.0
7.2,24.0
6.36,2.0
6.11,4.0
7.91,51.0
7.47,1.0
7.84,1.0
7.52,1.0
8.66,1.0
7.07,6.0
7.45,1.0
5.51,1.0
7.47,20.0
8.54,1.0
6.46,3.0
6.07,2.0
8.2,39.0
7.64,1.0
7.11,1.0
7.28,1.0
7.63,13.0
6.19,13.0
6.53,13.0
6.69,25.0
7.03,2.0
7.55,1.0
7.67,1.0
7.8,1.0
7.56,1.0
6.1,1.0
7.53,26.0
6.96,26.0
8.66,26.0
6.24,3.0
7.09,1.0
7.1,1.0
6.87,1.0
7.53,1.0
7.13,1.0
7.74,1.0
7.2,1.0
6.7,1.0
8.42,26.0
7.79,1.0
7.11,24.0
6.3,13.0
6.51,13.0
6.6,13.0
6.6,12.0
7.71,4.0
6.86,1.0
7.31,12.0
7.67,13.0
7.09,26.0
7.72,51.0
7.48,224.0
7.19,180.0
7.29,24.0
7.31,1.0
7.23,26.0
8.29,13.0
6.61,13.0
7.63,12.0
7.36,12.0
7.43,26.0
6.81,1.0
7.05,1.0
6.66,26.0
6.61,1.0
6.52,13.0
6.08,3.0
6.15,1.0
7.37,26.0
6.77,1.0
5.33,2.0
6.56,1.0
7.36,51.0
7.35,23.0
6.9,2.0
6.99,296.0
6.76,13.0
5.77,13.0
6.12,13.0
8.22,1.0
8.26,1.0
6.79,3.0
6.01,1.0
7.69,358.0
7.71,2.0
7.13,63.0
7.29,26.0
7.3,1.0
7.15,52.0
7.52,1.0
8.25,1.0
7.0,1.0
6.92,26.0
7.09,6.0
7.37,276.0
7.64,1.0
7.14,13.0
7.73,46.0
7.71,1.0
7.89,38.0
6.64,13.0
7.73,26.0
8.02,26.0
7.27,1.0
5.27,2.0
6.87,26.0
7.61,6.0
7.63,6.0
7.27,6.0
7.91,1.0
6.77,1.0
6.14,12.0
5.91,13.0
6.11,3.0
6.98,1.0
7.22,27.0
7.49,24.0
7.77,54.0
7.03,13.0
6.75,24.0
6.27,12.0
6.05,3.0
6.65,4.0
8.19,26.0
6.27,1.0
7.37,1.0
6.86,25.0
6.36,3.0
6.65,12.0
6.52,2.0
7.32,1.0
7.08,4.0
7.53,26.0
7.09,26.0
7.86,26.0
7.78,1.0
6.32,6.0
8.36,1.0
7.37,25.0
5.61,6.0
6.31,13.0
6.12,13.0
8.51,1.0
6.9,15.0
6.77,10.0
6.2,2.0
7.63,48.0
7.57,24.0
8.22,1.0
7.39,11.0
7.47,6.0
5.89,2.0
8.02,21.0
6.58,12.0
6.45,12.0
6.83,26.0
7.43,26.0
6.76,1.0
6.78,1.0
6.97,1.0
7.72,1.0
6.96,13.0
6.48,4.0
4.86,12.0
7.32,1.0
6.54,7.0
7.08,49.0
7.18,26.0
6.95,26.0
7.16,13.0
7.03,39.0
6.42,1.0
7.06,2.0
6.26,12.0
5.64,24.0
6.53,13.0
7.11,52.0
6.4,13.0
6.64,5.0
7.29,35.0
7.61,1.0
6.67,13.0
5.63,1.0
7.02,13.0
6.92,12.0
6.45,2.0
6.84,25.0
5.98,12.0
5.42,3.0
6.63,22.0
8.22,26.0
7.06,6.0
6.73,13.0
7.08,1.0
6.89,1.0
7.27,13.0
7.04,13.0
6.69,13.0
6.86,13.0
6.55,16.0
6.82,1.0
6.83,1.0
7.65,2.0
7.94,1.0
6.7,12.0
6.15,2.0
6.13,13.0
6.76,12.0
7.35,3.0
6.09,1.0
7.19,9.0
7.3,26.0
7.09,2.0
7.22,13.0
7.29,2.0
7.92,26.0
7.03,1.0
6.42,8.0
6.09,4.0
7.25,1.0
7.21,7.0
7.44,6.0
6.63,12.0
5.76,13.0
6.08,3.0
6.8,12.0
6.53,13.0
6.88,27.0
5.02,4.0
5.67,3.0
6.82,12.0
7.07,26.0
6.54,3.0
5.02,1.0
6.53,12.0
6.33,2.0
6.54,11.0
6.42,13.0
6.04,7.0
7.08,52.0
6.73,12.0
6.87,1.0
7.16,26.0
7.5,124.0
5.58,4.0
6.15,12.0
6.73,24.0
5.66,2.0
7.42,26.0
6.69,1.0
4.64,1.0
6.49,13.0
6.35,4.0
7.53,26.0
7.74,52.0
7.28,9.0
6.67,1.0
7.18,50.0
7.22,1.0
7.31,86.0
6.33,3.0
6.34,16.0
7.06,2.0
8.13,38.0
6.14,1.0
6.73,1.0
5.16,2.0
4.89,1.0
7.42,54.0
7.01,48.0
5.04,2.0
8.13,1.0
7.01,1.0
6.2,2.0
6.6,1.0
5.83,1.0
7.25,102.0
7.72,43.0
6.66,1.0
6.54,1.0
6.5,20.0
5.88,2.0
6.67,2.0
5.96,3.0
5.89,12.0
6.94,12.0
6.9,52.0
4.84,1.0
6.16,2.0
6.92,36.0
5.59,3.0
5.82,1.0
6.66,1.0
7.0,1.0
8.27,1.0
7.05,1.0
6.56,1.0
7.17,1.0
7.36,67.0
7.31,26.0
4.89,3.0
5.99,1.0
6.08,1.0
6.39,4.0
7.29,1.0
6.63,13.0
6.19,4.0
6.6,12.0
8.35,10.0
7.85,1.0
7.88,1.0
8.03,1.0
6.64,25.0
6.55,13.0
7.12,2.0
5.73,13.0
4.31,2.0
6.89,6.0
7.9,23.0
6.13,1.0
7.41,1.0
7.93,1.0
7.83,39.0
6.74,1.0
6.65,3.0
7.36,12.0
6.51,13.0
6.87,13.0
8.52,26.0
7.3,1.0
6.45,3.0
6.54,24.0
6.84,6.0
6.78,13.0
8.16,291.0
7.44,1.0
7.33,1.0
5.5,6.0
6.41,13.0
6.14,12.0
6.21,1.0
9.02,110.0
7.57,1.0
7.31,2.0
6.37,1.0
5.89,6.0
6.28,4.0
5.76,2.0
5.64,2.0
6.67,2.0
7.08,24.0
5.58,24.0
6.37,13.0
6.97,1.0
6.3,13.0
6.41,26.0
7.2,4.0
5.99,13.0
6.1,2.0
6.52,12.0
5.94,16.0
7.14,10.0
7.26,1.0
7.28,51.0
7.99,26.0
6.11,1.0
7.83,14.0
6.47,13.0
8.05,10.0
7.62,50.0
8.16,26.0
6.1,12.0
7.28,26.0
7.62,26.0
7.49,25.0
5.84,24.0
6.95,48.0
6.71,12.0
7.98,24.0
6.59,12.0
6.31,2.0
6.96,48.0
7.16,1.0
7.31,1.0
7.31,1.0
7.31,1.0
6.85,2.0
7.06,40.0
6.87,26.0
7.63,51.0
7.78,1.0
7.05,29.0
8.54,47.0
7.29,26.0
7.44,26.0
7.55,22.0
5.97,1.0
6.79,1.0
7.18,1.0
6.84,1.0
7.71,1.0
6.65,12.0
6.25,1.0
6.35,12.0
8.03,12.0
7.84,49.0
6.73,1.0
6.82,1.0
7.13,1.0
6.63,1.0
6.59,1.0
6.69,1.0
6.55,1.0
7.05,1.0
6.79,1.0
6.83,1.0
7.31,1.0
7.11,1.0
6.77,1.0
5.78,1.0
7.58,1.0
7.34,1.0
6.98,12.0
7.3,3.0
6.32,13.0
6.32,13.0
7.1,1.0
7.01,55.0
6.54,25.0
7.51,26.0
7.22,26.0
6.53,13.0
7.07,1.0
8.94,201.0
6.59,13.0
6.37,1.0
6.63,2.0
6.61,43.0
6.39,35.0
6.67,38.0
6.09,51.0
6.64,52.0
7.06,49.0
7.03,39.0
6.03,1.0
6.93,4.0
7.89,26.0
7.22,24.0
6.87,1.0
6.54,1.0
7.06,4.0
7.23,26.0
6.98,12.0
6.69,13.0
6.42,12.0
7.31,24.0
7.87,6.0
6.47,1.0
7.61,142.0
6.18,12.0
7.21,11.0
6.83,44.0
7.89,39.0
7.13,25.0
7.28,26.0
7.22,26.0
7.1,35.0
8.17,26.0
7.22,1.0
5.48,8.0
6.95,13.0
7.96,109.0
6.82,25.0
7.58,26.0
7.32,47.0
7.01,50.0
6.65,2.0
6.53,24.0
7.21,1.0
7.4,2.0
7.13,2.0
5.4,1.0
7.74,13.0
6.51,1.0
6.29,26.0
6.84,4.0
5.79,3.0
5.68,1.0
6.73,2.0
7.77,1.0
7.56,1.0
6.54,1.0
5.9,12.0
5.86,1.0
7.1,13.0
5.54,3.0
7.08,13.0
6.85,1.0
4.7,1.0
7.89,13.0
7.94,34.0
7.69,1.0
7.0,26.0
6.39,3.0
7.69,42.0
6.55,1.0
7.62,6.0
7.51,3.0
7.28,1.0
6.59,26.0
7.41,1.0
7.73,6.0
7.58,2.0
4.78,1.0
7.35,1.0
7.63,3.0
6.34,2.0
7.19,24.0
7.01,2.0
7.66,1.0
7.06,2.0
7.1,24.0
6.76,23.0
6.5,13.0
6.81,3.0
7.31,44.0
6.86,12.0
8.0,4.0
6.82,2.0
6.97,13.0
5.99,2.0
5.23,2.0
6.88,1.0
7.43,1.0
7.3,1.0
4.93,1.0
6.75,1.0
8.25,1.0
7.48,1.0
6.47,26.0
5.93,2.0
5.97,6.0
5.69,2.0
6.3,2.0
7.19,47.0
6.31,1.0
6.34,1.0
6.69,2.0
6.47,1.0
7.0,12.0
7.02,12.0
7.46,1.0
6.33,13.0
6.87,1.0
7.48,76.0
7.01,4.0
5.18,3.0
4.79,2.0
5.89,6.0
6.04,1.0
6.2,16.0
5.61,4.0
5.21,2.0
7.37,24.0
6.43,27.0
7.33,7.0
8.0,101.0
7.07,4.0
6.53,12.0
6.84,54.0
7.45,40.0
6.49,25.0
5.98,1.0
7.31,5.0
6.78,1.0
5.16,1.0
5.74,1.0
7.32,1.0
6.99,4.0
7.2,5.0
7.29,13.0
6.77,24.0
6.22,13.0
5.91,2.0
6.37,3.0
7.14,26.0
7.53,48.0
7.9,36.0
7.94,1.0
7.24,1.0
7.33,1.0
7.74,1.0
6.85,136.0
7.2,1.0
7.55,1.0
7.96,1.0
5.95,13.0
5.91,13.0
5.77,1.0
6.01,3.0
7.1,1.0
4.42,5.0
6.64,13.0
6.89,13.0
5.44,6.0
5.86,1.0
6.44,1.0
7.08,26.0
6.64,1.0
7.19,39.0
6.87,1.0
6.77,1.0
6.17,3.0
5.6,1.0
7.1,1.0
7.34,1.0
7.08,1.0
6.9,1.0
7.15,1.0
6.74,1.0
6.96,1.0
6.68,25.0
7.05,1.0
7.2,13.0
6.77,12.0
7.01,12.0
6.79,1.0
6.49,1.0
7.15,50.0
7.14,26.0
6.95,1.0
6.58,26.0
6.93,32.0
7.08,52.0
5.77,13.0
7.06,1.0
6.53,1.0
8.2,12.0
6.52,1.0
7.2,1.0
7.13,25.0
7.31,1.0
7.19,1.0
5.9,4.0
6.63,12.0
5.95,3.0
6.87,4.0
6.89,6.0
6.41,6.0
5.44,1.0
6.13,6.0
6.0,4.0
6.18,25.0
6.42,3.0
6.5,4.0
5.4,1.0
6.6,25.0
5.99,2.0
6.59,48.0
7.16,24.0
6.64,4.0
6.93,6.0
5.93,12.0
7.2,10.0
6.56,3.0
7.34,3.0
7.3,3.0
7.81,26.0
6.77,1.0
6.44,13.0
5.66,2.0
6.71,4.0
6.36,3.0
7.0,26.0
7.07,25.0
6.66,4.0
6.63,6.0
5.56,3.0
7.03,26.0
6.44,6.0
6.91,26.0
6.5,3.0
6.03,23.0
6.5,26.0
7.36,1.0
7.22,6.0
6.64,1.0
6.39,13.0
6.63,12.0
7.23,13.0
7.16,12.0
6.56,12.0
5.45,26.0
6.11,1.0
7.29,1.0
6.58,1.0
7.05,6.0
7.26,1.0
6.81,1.0
6.76,1.0
6.99,1.0
8.31,24.0
7.7,1.0
7.5,26.0
6.86,10.0
7.13,3.0
5.42,1.0
6.31,1.0
6.69,13.0
6.75,24.0
5.7,1.0
6.42,52.0
7.25,26.0
5.75,1.0
6.05,13.0
6.91,3.0
5.92,13.0
5.65,4.0
5.88,2.0
6.78,12.0
7.28,26.0
6.56,3.0
6.5,7.0
5.95,1.0
6.38,5.0
6.96,73.0
7.21,1.0
7.32,1.0
7.62,39.0
7.55,1.0
7.38,1.0
6.74,24.0
5.49,3.0
5.8,1.0
7.07,13.0
6.58,6.0
6.86,1.0
6.92,26.0
7.25,26.0
7.52,39.0
5.26,1.0
7.75,12.0
7.75,114.0
7.2,1.0
6.78,1.0
8.05,13.0
6.86,1.0
7.2,1.0
6.75,1.0
7.07,54.0
6.29,6.0
6.4,3.0
7.08,39.0
6.5,2.0
6.44,4.0
5.88,5.0
5.71,1.0
5.91,1.0
6.37,1.0
5.47,2.0
6.22,6.0
6.08,4.0
5.99,4.0
6.11,6.0
6.41,7.0
6.58,4.0
7.31,1.0
7.74,39.0
6.23,5.0
7.73,19.0
6.07,2.0
6.36,3.0
5.32,1.0
5.01,1.0
5.16,1.0
7.27,7.0
7.54,16.0
6.67,1.0
7.36,5.0
7.73,195.0
6.2,2.0
6.45,1.0
6.33,1.0
6.39,1.0
7.14,13.0
6.56,24.0
7.55,1.0
7.24,1.0
7.3,9.0
6.95,1.0
7.16,26.0
7.23,50.0
6.3,26.0
7.25,52.0
6.6,1.0
6.01,4.0
6.52,25.0
7.42,58.0
6.38,1.0
6.95,1.0
6.08,3.0
5.85,2.0
6.1,26.0
7.12,26.0
6.97,6.0
6.15,25.0
5.34,2.0
6.18,11.0
5.29,1.0
5.18,1.0
5.54,1.0
5.47,1.0
6.18,4.0
3.08,1.0
6.24,3.0
7.31,8.0
6.54,3.0
5.91,12.0
6.54,3.0
5.95,6.0
7.18,3.0
5.57,3.0
4.83,2.0
7.56,43.0
6.94,3.0
7.21,1.0
6.26,2.0
6.42,4.0
6.32,1.0
7.17,1.0
8.03,1.0
8.12,1.0
8.3,1.0
7.8,1.0
8.06,1.0
7.36,1.0
7.23,1.0
6.37,1.0
7.12,13.0
7.54,47.0
7.21,4.0
7.22,26.0
7.7,40.0
7.8,13.0
6.66,13.0
5.97,1.0
7.74,1.0
6.2,1.0
7.11,1.0
8.07,8.0
5.66,6.0
6.96,4.0
5.75,2.0
5.57,2.0
6.27,10.0
6.03,5.0
6.13,3.0
5.91,2.0
7.43,37.0
7.3,6.0
7.4,8.0
7.31,8.0
7.4,5.0
6.27,2.0
7.18,49.0
6.81,4.0
6.93,3.0
6.89,1.0
6.68,6.0
5.37,2.0
6.39,2.0
5.59,2.0
5.81,2.0
5.87,2.0
6.05,2.0
6.59,5.0
6.5,5.0
7.25,13.0
5.95,6.0
7.63,23.0
7.04,1.0
6.97,1.0
6.8,1.0
7.12,1.0
7.02,1.0
7.56,1.0
7.33,1.0
6.68,1.0
6.88,1.0
7.11,1.0
6.62,1.0
7.31,1.0
7.77,155.0
7.29,50.0
5.84,1.0
6.3,1.0
7.01,1.0
8.15,1.0
6.76,1.0
7.28,1.0
6.46,1.0
6.91,1.0
7.0,1.0
6.91,1.0
7.24,1.0
6.93,1.0
7.33,1.0
5.87,2.0
7.35,1.0
5.72,13.0
6.27,2.0
6.33,6.0
6.66,52.0
6.84,52.0
7.26,26.0
4.7,1.0
5.92,1.0
8.19,96.0
7.35,13.0
5.19,2.0
6.39,12.0
6.88,15.0
6.19,26.0
7.45,49.0
6.28,6.0
7.71,3.0
6.82,10.0
6.57,26.0
6.12,1.0
6.79,48.0
7.91,51.0
8.06,63.0
7.8,13.0
7.74,13.0
7.37,1.0
7.34,1.0
7.32,1.0
7.41,1.0
7.49,1.0
7.36,1.0
6.59,1.0
6.61,1.0
8.02,103.0
7.59,24.0
6.06,2.0
7.81,35.0
8.06,102.0
6.63,1.0
7.49,3.0
6.87,3.0
7.07,26.0
7.78,113.0
6.93,26.0
6.98,26.0
6.03,1.0
6.39,2.0
5.65,2.0
6.54,1.0
7.1,12.0
5.19,2.0
6.11,4.0
6.71,1.0
6.82,26.0
6.24,7.0
6.85,1.0
7.79,1.0
8.04,1.0
6.16,20.0
6.61,13.0
6.19,2.0
5.39,2.0
5.71,2.0
5.6,2.0
7.01,6.0
5.26,1.0
7.06,153.0
6.79,26.0
8.17,12.0
7.73,12.0
7.33,1.0
7.23,13.0
6.83,1.0
7.31,1.0
6.48,1.0
5.23,3.0
4.57,3.0
7.95,24.0
7.15,1.0
6.64,12.0
6.77,51.0
7.21,49.0
8.62,37.0
7.3,26.0
6.37,22.0
7.16,24.0
6.83,1.0
6.59,1.0
6.66,22.0
6.17,26.0
7.09,12.0
6.58,3.0
6.95,26.0
5.98,96.0
7.15,42.0
6.73,1.0
6.94,104.0
6.11,1.0
6.82,4.0
7.03,12.0
7.03,25.0
7.05,4.0
7.55,26.0
6.0,1.0
8.06,50.0
4.96,3.0
6.13,12.0
7.72,25.0
7.52,29.0
7.11,192.0
7.26,191.0
8.11,1.0
7.56,43.0
6.85,22.0
7.03,12.0
6.36,12.0
7.76,25.0
6.63,52.0
6.95,51.0
6.2,51.0
8.7,25.0
7.09,26.0
7.45,4.0
6.82,13.0
7.42,25.0
5.98,2.0
6.58,12.0
6.21,2.0
6.2,12.0
6.83,2.0
3.55,2.0
5.59,2.0
6.85,25.0
7.03,24.0
7.34,11.0
7.37,50.0
6.24,12.0
7.0,11.0
6.7,1.0
7.88,26.0
5.49,3.0
5.26,4.0
6.69,48.0
6.3,4.0
6.66,12.0
6.26,13.0
7.04,22.0
7.02,13.0
6.79,25.0
8.13,203.0
7.6,52.0
6.34,12.0
7.4,20.0
7.24,4.0
5.31,3.0
5.4,1.0
7.44,52.0
6.36,4.0
6.55,26.0
7.07,1.0
5.7,4.0
4.72,1.0
5.56,1.0
5.83,13.0
6.3,1.0
5.8,1.0
5.15,1.0
5.36,4.0
5.99,13.0
6.6,26.0
6.01,2.0
6.94,1.0
5.93,2.0
6.25,4.0
6.46,3.0
6.47,2.0
6.04,2.0
6.84,1.0
6.78,41.0
4.23,1.0
5.42,2.0
4.49,1.0
7.48,51.0
5.97,2.0
5.74,2.0
6.64,6.0
4.76,2.0
6.85,2.0
7.59,26.0
7.46,26.0
7.03,25.0
6.76,1.0
7.27,12.0
5.29,24.0
4.1,3.0
6.44,1.0
6.93,9.0
6.72,24.0
6.4,25.0
6.23,1.0
7.44,52.0
5.69,13.0
5.79,4.0
6.32,39.0
5.06,13.0
6.94,52.0
6.7,51.0
6.61,1.0
6.23,3.0
6.8,48.0
6.38,50.0
7.28,47.0
6.8,52.0
6.51,13.0
6.21,2.0
7.26,50.0
6.19,3.0
7.42,1.0
6.4,4.0
7.07,104.0
7.34,26.0
5.83,26.0
7.43,1.0
7.02,12.0
7.58,3.0
7.61,24.0
7.18,24.0
5.55,2.0
6.51,26.0
6.47,26.0
7.87,52.0
6.98,6.0
8.27,23.0
7.59,24.0
6.25,3.0
5.43,4.0
6.64,13.0
6.36,12.0
4.93,13.0
6.52,13.0
6.91,51.0
5.24,13.0
7.06,1.0
6.91,56.0
6.08,13.0
5.44,13.0
6.19,13.0
6.55,2.0
7.72,2.0
6.83,3.0
6.76,12.0
7.22,26.0
7.23,1.0
6.75,26.0
5.22,6.0
6.94,12.0
6.79,12.0
7.37,52.0
7.8,5.0
7.14,4.0
7.08,1.0
6.39,1.0
6.32,4.0
8.26,500.0
7.1,14.0
6.46,34.0
7.09,12.0
6.3807386399847035,80.0
5.1,11.0
5.4,4.0
6.45,12.0
5.85,14.0
7.3,172.0
5.18,13.0
6.37,26.0
7.38,7.0
6.55,8.0
6.63,1.0
6.56,1.0
5.25,1.0
6.59,1.0
6.27,1.0
6.5,4.0
6.65,4.0
6.6,4.0
6.58,1.0
6.46,2.0
5.57,1.0
6.77,1.0
6.55,1.0
6.88,6.0
5.7,2.0
7.33,1.0
4.64,1.0
5.65,1.0
5.59,1.0
6.71,4.0
6.01,12.0
5.62,3.0
6.56,12.0
5.16,3.0
7.45,1.0
6.88,1.0
5.5,12.0
5.43,1.0
6.16,1.0
7.0,26.0
6.15,2.0
6.49,3.0
6.18,1.0
5.48,3.0
6.38,2.0
5.25,2.0
6.41,2.0
5.58,2.0
6.96,3.0
5.53,2.0
6.32,1.0
5.74,1.0
5.62,4.0
6.99,26.0
6.31,1.0
6.31,1.0
6.73,1.0
7.07,1.0
6.89,1.0
6.91,1.0
6.38,1.0
6.69,1.0
6.57,6.0
7.03,2.0
6.78,6.0
6.71,6.0
6.71,26.0
6.43,12.0
7.21,26.0
6.4,12.0
5.49,2.0
3.33,12.0
7.63,3.0
7.37,1.0
6.55,78.0
6.78,1.0
7.74,26.0
5.19,1.0
5.33,2.0
6.11,3.0
6.57,6.0
7.15,26.0
7.77,1.0
7.34,1.0
7.07,65.0
8.14,26.0
5.94,1.0
6.84,1.0
7.56,6.0
5.77,2.0
6.1,4.0
5.09,1.0
5.64,4.0
7.08,55.0
6.53,12.0
6.78,12.0
5.9,2.0
6.36,26.0
7.41,12.0
6.79,4.0
8.23,26.0
6.86,1.0
6.84,26.0
7.13,39.0
7.2,26.0
7.11,1.0
6.85,52.0
6.59,13.0
6.12,3.0
6.14,1.0
7.45,12.0
6.67,39.0
6.43,3.0
5.65,2.0
6.17,7.0
6.81,2.0
7.31,12.0
6.81,1.0
7.07,14.0
7.52,1.0
6.27,1.0
6.3807386399847035,26.0
6.9,12.0
6.28,11.0
5.64,1.0
6.32,2.0
6.21,12.0
6.98,3.0
5.92,26.0
7.36,37.0
5.95,4.0
7.33,26.0
6.43,1.0
6.2,1.0
6.6,13.0
6.7,13.0
6.17,26.0
6.3,12.0
5.9,12.0
7.25,52.0
7.74,24.0
7.67,3.0
8.18,24.0
6.76,1.0
7.26,50.0
7.25,25.0
6.67,117.0
6.58,1.0
6.17,1.0
6.66,3.0
7.03,51.0
6.63,2.0
6.02,26.0
6.24,3.0
7.03,1.0
6.66,1.0
6.22,1.0
6.37,3.0
6.29,8.0
7.13,1.0
6.39,2.0
5.98,1.0
5.98,2.0
7.7,15.0
7.41,2.0
5.81,13.0
7.43,5.0
8.02,39.0
7.63,26.0
6.72,3.0
6.55,3.0
6.36,3.0
7.34,11.0
7.04,1.0
7.84,1.0
6.93,1.0
6.71,1.0
7.42,1.0
6.76,1.0
6.04,1.0
5.49,1.0
5.87,1.0
6.99,47.0
6.76,1.0
7.09,1.0
7.2,49.0
5.36,1.0
6.79,4.0
6.03,12.0
5.42,1.0
6.01,2.0
5.69,4.0
5.84,1.0
7.13,12.0
7.05,12.0
8.04,1.0
7.03,6.0
7.59,50.0
5.78,28.0
5.19,1.0
7.06,3.0
6.57,4.0
6.92,9.0
6.86,3.0
5.94,10.0
6.75,12.0
6.67,4.0
6.54,1.0
6.19,2.0
7.65,1.0
6.85,13.0
6.42,3.0
7.18,13.0
4.13,2.0
7.08,1.0
6.96,1.0
7.07,1.0
7.37,26.0
5.7,1.0
8.05,51.0
6.53,22.0
6.09,1.0
6.45,1.0
5.99,1.0
6.51,4.0
6.3,2.0
5.15,1.0
7.14,1.0
6.01,1.0
7.55,74.0
6.17,56.0
6.46,13.0
5.58,1.0
6.03,1.0
5.96,12.0
5.51,3.0
3.83,1.0
6.12,1.0
4.59,1.0
6.69,1.0
6.47,4.0
6.36,1.0
7.04,1.0
8.63,27.0
7.52,26.0
5.22,1.0
7.97,25.0
6.89,1.0
5.63,2.0
6.17,1.0
7.15,1.0
6.45,1.0
7.03,20.0
7.56,49.0
7.37,1.0
7.38,26.0
5.9,1.0
6.72,1.0
6.74,1.0
6.13,1.0
5.94,1.0
7.2,1.0
5.99,2.0
4.78,1.0
5.91,4.0
5.77,24.0
8.06,25.0
7.52,52.0
6.09,4.0
6.23,4.0
6.67,1.0
7.22,26.0
6.48,13.0
6.59,13.0
5.95,1.0
8.03,24.0
7.81,12.0
7.35,43.0
7.53,61.0
7.13,38.0
7.28,48.0
7.31,47.0
6.73,51.0
6.58,1.0
7.19,73.0
7.32,52.0
6.21,1.0
6.35,1.0
6.29,1.0
7.12,12.0
6.03,2.0
6.59,2.0
6.19,5.0
6.27,3.0
5.45,1.0
4.85,1.0
6.61,1.0
5.36,1.0
4.81,1.0
5.29,1.0
6.41,6.0
6.39,1.0
6.33,1.0
6.3,1.0
6.17,1.0
6.13,3.0
5.64,2.0
5.87,4.0
6.44,1.0
6.15,3.0
5.64,1.0
5.47,2.0
6.32,1.0
5.74,4.0
7.24,6.0
6.6,30.0
6.35,51.0
7.94,148.0
7.05,1.0
5.38,2.0
5.8,4.0
5.63,1.0
5.64,1.0
5.29,2.0
6.16,2.0
7.35,38.0
6.27,3.0
6.53,3.0
7.19,26.0
4.3,1.0
6.51,35.0
6.67,6.0
5.36,1.0
5.67,1.0
5.13,1.0
5.51,1.0
5.89,3.0
5.4,1.0
6.63,2.0
7.37,1.0
6.23,1.0
6.23,1.0
5.24,1.0
6.06,2.0
6.13,1.0
7.67,26.0
6.51,26.0
6.53,26.0
7.32,1.0
7.14,51.0
7.05,51.0
7.04,25.0
7.18,1.0
7.53,26.0
7.18,38.0
6.35,6.0
7.34,128.0
7.15,13.0
6.84,1.0
6.73,1.0
6.65,1.0
6.81,1.0
6.81,1.0
7.07,1.0
7.02,2.0
7.21,2.0
7.27,4.0
6.36,38.0
6.64,50.0
7.29,13.0
6.98,25.0
6.65,2.0
7.02,1.0
6.23,1.0
6.25,3.0
7.12,2.0
6.85,1.0
5.98,2.0
6.26,4.0
5.83,2.0
6.32,2.0
7.03,1.0
6.38,51.0
7.75,3.0
6.92,1.0
5.8,2.0
4.54,1.0
5.25,1.0
6.15,4.0
8.21,78.0
7.15,52.0
7.2,26.0
6.3,13.0
7.95,1.0
6.16,13.0
6.43,52.0
6.87,13.0
7.88,24.0
7.89,25.0
6.6,13.0
6.28,25.0
5.89,3.0
8.04,26.0
6.85,100.0
6.75,12.0
8.0,23.0
6.26,6.0
5.25,3.0
7.04,2.0
7.43,1.0
6.77,1.0
5.88,1.0
7.56,1.0
7.68,1.0
6.95,1.0
6.72,1.0
6.04,2.0
6.42,5.0
4.66,1.0
7.24,1.0
5.84,2.0
5.74,2.0
5.3,2.0
5.8,2.0
6.39,2.0
6.03,6.0
5.16,3.0
6.04,3.0
7.17,9.0
6.24,2.0
5.8,2.0
6.29,1.0
7.5,2.0
7.09,1.0
7.16,23.0
6.78,1.0
7.49,1.0
7.37,22.0
7.35,26.0
6.75,1.0
6.9,1.0
6.32,1.0
5.57,2.0
5.6,3.0
6.25,1.0
6.46,1.0
6.64,1.0
7.58,61.0
7.53,17.0
6.79,26.0
7.37,12.0
6.7,1.0
5.46,1.0
4.92,1.0
5.47,1.0
6.78,42.0
7.18,243.0
6.89,52.0
6.72,19.0
7.37,52.0
6.12,23.0
7.48,21.0
7.35,47.0
7.57,46.0
7.01,50.0
6.64,37.0
4.95,12.0
6.2,26.0
6.06,30.0
6.72,1.0
8.11,1.0
6.46,1.0
7.46,3.0
4.78,2.0
4.51,2.0
6.72,39.0
5.79,12.0
6.5,12.0
8.43,12.0
6.86,1.0
5.41,1.0
4.11,1.0
8.37,13.0
6.49,39.0
7.26,92.0
7.12,50.0
6.69,38.0
6.18,1.0
7.41,75.0
5.27,1.0
6.75,51.0
6.07,5.0
5.99,3.0
5.09,1.0
6.87,2.0
7.01,1.0
5.99,2.0
6.32,1.0
7.27,3.0
6.5,1.0
7.78,1.0
6.84,1.0
6.34,3.0
6.31,3.0
6.27,24.0
5.53,1.0
6.9,1.0
6.37,61.0
6.41,39.0
6.41,26.0
7.15,49.0
6.51,39.0
6.32,40.0
7.19,1.0
6.0,26.0
6.58,26.0
6.68,1.0
6.44,1.0
6.17,3.0
6.02,6.0
6.19,1.0
7.23,4.0
7.0,1.0
6.54,1.0
6.93,1.0
5.93,1.0
6.21,3.0
6.12,3.0
5.91,2.0
5.78,6.0
6.21,2.0
6.11,2.0
5.68,13.0
6.14,1.0
4.8,2.0
5.13,1.0
6.35,1.0
7.68,1.0
6.04,1.0
5.21,1.0
6.56,52.0
5.05,2.0
3.75,1.0
6.37,1.0
7.78,7.0
5.95,3.0
6.32,3.0
6.36,3.0
5.35,1.0
5.71,3.0
5.93,3.0
5.99,2.0
7.35,26.0
7.07,26.0
6.12,1.0
7.09,52.0
6.45,1.0
7.14,52.0
7.28,1.0
7.31,26.0
5.1,6.0
5.01,4.0
5.45,5.0
6.04,3.0
5.58,2.0
5.63,4.0
5.31,3.0
5.22,1.0
5.6,1.0
5.37,3.0
5.07,2.0
5.26,3.0
5.31,2.0
6.59,6.0
6.48,2.0
7.16,1.0
7.03,1.0
6.48,1.0
6.09,5.0
6.08,1.0
5.84,1.0
7.24,51.0
4.72,13.0
6.87,16.0
5.44,12.0
5.43,1.0
6.29,25.0
6.39,12.0
5.64,3.0
7.01,24.0
5.94,2.0
6.08,3.0
7.1,6.0
5.47,4.0
5.54,3.0
5.78,4.0
5.72,2.0
6.3,6.0
6.06,3.0
5.33,2.0
5.54,2.0
5.36,26.0
7.2,13.0
5.32,1.0
7.13,1.0
7.1,1.0
6.52,1.0
5.3,1.0
6.93,105.0
6.89,100.0
5.35,52.0
7.53,1.0
7.32,1.0
6.4,3.0
5.41,2.0
6.74,4.0
7.78,1.0
7.26,1.0
6.55,1.0
7.25,45.0
8.29,79.0
6.71,12.0
6.83,11.0
7.5,36.0
7.21,1.0
7.24,1.0
7.43,26.0
6.52,3.0
6.63,2.0
5.69,2.0
6.57,2.0
6.13,2.0
6.98,25.0
7.13,39.0
6.52,1.0
8.26,1.0
6.4,1.0
6.52,2.0
6.01,1.0
6.09,1.0
6.03,1.0
7.46,3.0
7.14,1.0
6.19,1.0
7.05,1.0
6.0,2.0
6.16,3.0
6.81,6.0
6.95,3.0
5.82,3.0
5.86,2.0
5.85,2.0
5.96,3.0
6.75,2.0
5.57,2.0
5.79,2.0
6.53,2.0
6.3,2.0
5.42,5.0
5.62,2.0
6.23,2.0
6.98,4.0
5.89,2.0
7.99,1.0
8.07,1.0
7.85,1.0
7.66,31.0
7.08,1.0
5.55,3.0
7.62,1.0
5.33,2.0
6.35,1.0
6.55,6.0
7.36,8.0
6.84,1.0
7.14,1.0
5.89,1.0
5.24,2.0
7.24,12.0
6.22,5.0
5.83,4.0
6.05,1.0
6.58,36.0
6.06,1.0
5.69,3.0
6.91,1.0
7.8,1787.0
7.29,1.0
6.11,2.0
6.32,3.0
4.29,6.0
5.53,12.0
5.26,1.0
4.84,1.0
5.42,1.0
5.85,2.0
7.24,38.0
6.28,4.0
7.11,13.0
7.18,39.0
7.28,1.0
7.27,52.0
6.99,1.0
6.61,1.0
6.56,1.0
6.55,1.0
6.66,12.0
6.43,13.0
6.61,8.0
7.54,1.0
7.64,1.0
7.19,3.0
6.66,26.0
6.52,42.0
6.61,3.0
5.88,1.0
6.28,2.0
7.75,12.0
6.59,26.0
6.62,1.0
7.32,1.0
7.18,1.0
7.49,1.0
7.22,1.0
6.14,6.0
6.99,1.0
7.14,12.0
6.7,2.0
5.37,13.0
5.84,2.0
6.12,12.0
5.3,3.0
5.58,4.0
6.04,1.0
5.74,2.0
5.34,2.0
5.44,1.0
5.8,7.0
6.57,2.0
5.76,2.0
6.25,4.0
6.27,3.0
6.01,3.0
5.73,2.0
5.92,8.0
5.2,2.0
6.61,2.0
5.71,2.0
5.3,2.0
7.16,45.0
7.09,52.0
7.28,50.0
6.16,26.0
6.72,48.0
7.67,46.0
7.38,48.0
7.53,53.0
6.3,1.0
5.06,2.0
6.21,13.0
7.35,52.0
6.95,51.0
7.29,43.0
6.8,52.0
7.61,40.0
7.55,40.0
8.32,33.0
6.42,1.0
7.14,52.0
7.51,22.0
8.0,1.0
6.4,12.0
6.55,26.0
6.06,24.0
6.25,52.0
6.43,52.0
7.01,52.0
7.03,26.0
6.53,52.0
6.41,24.0
7.1,50.0
6.19,52.0
6.19,26.0
6.74,52.0
7.27,49.0
6.71,52.0
6.82,26.0
6.61,1.0
8.11,25.0
7.7,52.0
7.08,1.0
6.68,1.0
7.2,1.0
6.87,5.0
5.69,1.0
7.09,1.0
6.32,2.0
5.35,1.0
5.09,1.0
7.57,1.0
7.62,1.0
6.87,13.0
7.41,22.0
7.25,1.0
6.81,54.0
5.56,1.0
5.64,1.0
6.26,1.0
7.12,13.0
6.57,12.0
7.0,26.0
7.86,12.0
6.54,1.0
6.0,1.0
7.47,26.0
6.18,13.0
5.47,4.0
6.72,2.0
6.73,130.0
6.32,24.0
6.56,1.0
6.62,1.0
5.73,3.0
6.36,2.0
7.94,26.0
6.55,26.0
6.69,26.0
5.87,1.0
5.41,1.0
7.81,1.0
7.0,26.0
6.73,1.0
6.35,1.0
6.11,1.0
6.48,1.0
6.82,1.0
6.18,1.0
6.44,1.0
6.38,1.0
6.99,1.0
5.96,1.0
5.95,1.0
5.75,1.0
6.41,1.0
6.6,1.0
6.42,1.0
7.23,1.0
7.24,1.0
6.39,1.0
6.87,1.0
7.03,1.0
6.45,1.0
7.2,1.0
7.18,1.0
7.34,1.0
6.94,1.0
7.05,1.0
7.09,1.0
7.14,1.0
7.14,1.0
6.91,1.0
7.21,1.0
7.57,1.0
7.12,1.0
6.98,1.0
6.99,1.0
7.03,1.0
7.27,1.0
7.06,1.0
7.14,1.0
7.56,1.0
6.98,1.0
7.21,1.0
7.37,1.0
7.1,1.0
6.83,1.0
6.09,6.0
6.41,4.0
6.68,1.0
7.2,12.0
6.79,13.0
8.27,3.0
6.47,96.0
6.54,39.0
6.59,31.0
5.7,1.0
6.0,1.0
6.77,3.0
5.96,3.0
7.06,25.0
6.65,1.0
6.57,2.0
6.21,12.0
6.34,1.0
6.22,13.0
5.97,13.0
6.3807386399847035,104.0
6.42,18.0
6.62,22.0
6.62,26.0
6.9,51.0
7.12,51.0
6.65,97.0
6.3807386399847035,26.0
6.72,51.0
6.25,1.0
5.31,1.0
6.79,26.0
6.08,2.0
6.74,1.0
6.86,32.0
6.69,24.0
6.42,27.0
5.19,25.0
5.54,2.0
6.82,1.0
6.12,24.0
7.71,2.0
6.74,1.0
6.4,2.0
5.71,18.0
6.74,1.0
6.45,1.0
4.77,2.0
5.82,6.0
6.49,53.0
6.29,3.0
7.07,1.0
6.3807386399847035,52.0
7.16,74.0
4.76,2.0
6.34,26.0
5.73,3.0
6.73,25.0
6.88,25.0
6.3807386399847035,26.0
7.37,4.0
7.28,12.0
7.1,3.0
6.91,1.0
7.08,193.0
7.21,65.0
7.38,40.0
6.3807386399847035,1.0
6.88,1.0
7.88,6.0
7.71,1.0
5.81,3.0
5.43,1.0
7.18,1.0
7.32,39.0
7.28,52.0
8.0,1.0
5.99,1.0
7.89,1.0
7.81,24.0
5.11,1.0
6.62,52.0
5.46,1.0
7.44,1.0
6.23,25.0
6.12,1.0
6.58,39.0
6.82,26.0
5.78,5.0
3.07,1.0
3.32,1.0
3.56,2.0
5.32,2.0
5.44,1.0
5.89,13.0
5.62,2.0
6.7,26.0
6.67,1.0
5.32,2.0
6.57,51.0
7.56,24.0
5.64,3.0
6.29,52.0
5.22,1.0
6.16,1.0
3.21,1.0
6.62,1.0
5.76,3.0
6.6,25.0
5.19,1.0
6.88,3.0
7.26,2.0
7.05,47.0
7.56,115.0
6.52,1.0
6.69,1.0
7.15,46.0
6.79,50.0
7.09,39.0
7.18,170.0
7.17,1.0
6.11,26.0
7.07,39.0
6.57,1.0
7.35,52.0
6.61,52.0
6.98,52.0
7.23,44.0
7.32,26.0
7.28,41.0
6.93,43.0
7.42,39.0
5.21,2.0
5.76,52.0
6.22,45.0
5.92,50.0
7.2,52.0
6.65,52.0
6.22,45.0
7.84,51.0
7.89,23.0
5.81,1.0
6.53,1.0
6.7,15.0
5.73,1.0
7.33,51.0
7.21,49.0
6.62,78.0
5.86,2.0
5.61,3.0
5.35,2.0
6.02,1.0
6.63,2.0
6.48,1.0
7.29,1.0
7.5,1.0
6.05,1.0
6.82,4.0
6.14,2.0
6.03,2.0
6.18,2.0
5.09,2.0
5.73,3.0
5.18,2.0
6.78,4.0
6.91,2.0
6.14,1.0
6.05,1.0
6.33,1.0
6.22,2.0
5.56,3.0
6.76,2.0
5.43,1.0
6.17,2.0
5.13,1.0
6.26,3.0
6.11,26.0
6.44,1.0
6.55,1.0
6.31,23.0
7.42,1.0
7.92,1.0
6.88,1.0
6.1,52.0
5.29,2.0
6.07,1.0
6.35,3.0
5.09,1.0
7.14,1.0
7.06,1.0
7.4,34.0
8.91,25.0
6.61,6.0
5.8,1.0
7.14,66.0
5.78,7.0
6.47,6.0
7.08,63.0
7.18,40.0
6.39,1.0
7.22,47.0
6.08,3.0
7.08,1.0
8.71,47.0
7.24,1.0
7.4,51.0
7.89,12.0
7.12,13.0
7.28,24.0
6.67,1.0
7.26,14.0
6.3807386399847035,12.0
7.05,24.0
7.17,50.0
6.43,51.0
6.01,2.0
5.33,2.0
7.07,1.0
6.98,51.0
5.21,1.0
7.38,13.0
6.17,3.0
5.22,2.0
6.12,2.0
5.55,2.0
7.15,1.0
7.16,1.0
7.06,1.0
8.08,1.0
7.91,1.0
6.45,1.0
7.26,5.0
6.43,2.0
5.69,2.0
5.74,2.0
5.97,2.0
5.34,2.0
6.5,2.0
7.59,1.0
7.1,2.0
7.65,13.0
6.68,13.0
6.67,25.0
8.22,13.0
4.95,12.0
7.32,1.0
6.66,13.0
7.41,5.0
4.5,1.0
6.41,1.0
4.76,1.0
5.22,3.0
7.36,13.0
5.28,2.0
6.92,50.0
4.75,1.0
6.43,2.0
5.14,1.0
7.59,25.0
7.31,26.0
7.43,46.0
6.51,5.0
5.98,2.0
4.2,1.0
5.17,1.0
6.75,13.0
7.7,2.0
6.93,1.0
7.0,1.0
6.94,1.0
7.19,23.0
7.56,11.0
8.27,26.0
6.43,1.0
6.19,2.0
6.5,1.0
7.33,330.0
6.12,1.0
6.65,108.0
7.31,105.0
7.22,52.0
6.3,2.0
6.93,68.0
7.88,1.0
6.26,1.0
8.08,1.0
6.78,1.0
6.63,50.0
7.06,47.0
6.54,45.0
6.65,119.0
6.73,52.0
5.5,2.0
5.07,2.0
7.09,1.0
6.31,3.0
6.83,1.0
6.95,1.0
7.05,1.0
5.7,2.0
6.3,35.0
7.42,50.0
6.6,1.0
6.11,1.0
5.8,2.0
5.4,1.0
6.86,1.0
7.14,52.0
5.63,2.0
6.23,2.0
6.36,2.0
7.27,1.0
6.85,23.0
6.51,39.0
5.85,2.0
6.47,6.0
6.37,3.0
7.03,43.0
5.96,4.0
6.25,7.0
6.16,2.0
5.38,2.0
4.03,5.0
6.38,3.0
5.29,1.0
7.08,1.0
6.59,1.0
5.27,1.0
6.67,1.0
6.84,1.0
6.3807386399847035,52.0
5.98,5.0
6.26,52.0
7.38,3.0
6.76,103.0
5.84,3.0
6.95,38.0
6.03,1.0
6.73,58.0
5.36,1.0
6.58,3.0
6.81,3.0
7.15,1.0
7.15,2.0
7.27,1.0
7.57,2.0
8.21,13.0
7.5,12.0
5.2,1.0
5.3,1.0
5.69,2.0
6.97,53.0
6.33,26.0
6.22,1.0
6.47,51.0
7.14,2.0
5.58,26.0
5.94,1.0
6.07,2.0
5.84,2.0
5.89,4.0
7.01,52.0
7.07,1.0
4.49,6.0
4.5,2.0
6.66,52.0
6.07,1.0
6.92,25.0
5.91,1.0
7.03,3.0
7.13,34.0
5.62,1.0
6.83,49.0
6.75,94.0
6.38,47.0
6.2,26.0
6.18,1.0
7.11,46.0
7.14,109.0
7.01,1.0
5.45,1.0
6.26,13.0
6.11,1.0
6.07,26.0
5.75,1.0
6.08,1.0
6.37,3.0
6.33,1.0
5.79,4.0
6.82,95.0
5.12,2.0
6.93,49.0
6.3807386399847035,13.0
7.53,2.0
6.31,12.0
8.01,6.0
6.42,2.0
6.92,2.0
6.34,1.0
5.63,26.0
6.33,1.0
5.95,52.0
6.46,5.0
5.57,1.0
6.97,26.0
6.88,1.0
6.35,1.0
5.73,1.0
6.55,52.0
6.15,26.0
6.84,30.0
7.41,39.0
6.48,26.0
6.27,26.0
7.07,1.0
5.31,37.0
6.92,2.0
5.46,2.0
7.47,35.0
5.91,1.0
6.02,1.0
7.0,2.0
7.06,1.0
7.15,1.0
7.11,1.0
7.02,1.0
7.05,1.0
7.33,13.0
8.19,26.0
6.66,1.0
7.9,13.0
7.11,13.0
7.13,12.0
7.13,13.0
6.3,2.0
6.27,1.0
5.89,13.0
6.18,38.0
6.3807386399847035,13.0
7.19,2.0
7.16,1.0
6.73,5.0
5.79,2.0
6.3807386399847035,50.0
4.74,1.0
5.84,3.0
7.2,12.0
5.94,1.0
5.7,9.0
5.61,8.0
6.55,3.0
6.9,1.0
5.4,4.0
7.34,3.0
7.08,1.0
7.07,13.0
6.71,39.0
7.29,137.0
6.37,1.0
6.23,1.0
6.23,1.0
6.05,1.0
6.21,1.0
6.38,1.0
6.31,1.0
6.32,1.0
6.98,46.0
6.79,94.0
6.63,2.0
1.85,1.0
6.51,15.0
5.91,23.0
7.26,6.0
5.74,35.0
6.48,60.0
8.48,13.0
7.11,10.0
7.0,12.0
5.99,6.0
5.93,4.0
6.42,3.0
6.1,4.0
7.15,40.0
4.68,1.0
6.01,2.0
6.17,3.0
5.17,1.0
6.97,74.0
6.78,52.0
6.37,37.0
7.42,77.0
6.9,4.0
5.21,1.0
7.19,24.0
6.24,1.0
6.25,3.0
6.67,48.0
6.66,1.0
7.22,26.0
5.54,1.0
5.86,5.0
7.02,35.0
5.52,2.0
7.2,42.0
5.83,1.0
7.26,6.0
7.16,30.0
6.84,24.0
6.04,4.0
7.35,1.0
7.0,2.0
6.65,39.0
6.85,109.0
7.33,12.0
6.88,13.0
6.08,26.0
5.7,1.0
7.09,26.0
6.52,26.0
6.68,1.0
7.52,20.0
5.92,2.0
8.12,24.0
6.3807386399847035,6.0
6.6,2.0
5.32,2.0
5.76,5.0
5.78,3.0
5.46,2.0
6.44,10.0
5.73,2.0
5.37,1.0
5.5,3.0
6.08,3.0
6.84,72.0
6.49,3.0
5.69,3.0
6.19,95.0
7.44,1.0
5.44,2.0
6.51,1.0
5.37,3.0
5.77,2.0
6.26,64.0
6.31,3.0
5.39,1.0
6.3,2.0
5.91,9.0
6.89,24.0
6.51,9.0
5.64,2.0
6.3807386399847035,78.0
6.31,4.0
6.99,50.0
6.88,2.0
7.46,12.0
7.12,1.0
5.88,2.0
6.89,52.0
6.7,25.0
6.07,4.0
5.37,1.0
5.29,1.0
5.35,2.0
7.02,51.0
6.57,32.0
6.09,130.0
6.4,26.0
6.74,127.0
7.17,99.0
6.69,49.0
5.64,2.0
6.02,2.0
6.38,50.0
6.96,1.0
6.88,1.0
6.3,4.0
7.45,4.0
6.3807386399847035,26.0
5.86,3.0
5.46,3.0
6.99,26.0
6.78,1.0
6.88,13.0
5.6,65.0
7.24,26.0
5.9,4.0
7.04,1.0
4.61,1.0
6.55,12.0
6.49,1.0
7.56,1.0
7.2,12.0
7.29,7.0
7.26,6.0
7.51,24.0
6.09,1.0
5.38,1.0
6.15,1.0
6.15,1.0
6.67,2.0
6.81,4.0
5.43,1.0
6.39,1.0
6.03,2.0
6.92,1.0
6.7,1.0
7.15,26.0
7.06,47.0
6.37,1.0
4.63,1.0
6.93,21.0
4.86,1.0
5.05,1.0
5.82,1.0
5.53,5.0
6.3807386399847035,26.0
6.74,13.0
6.38,12.0
6.91,48.0
5.94,1.0
6.18,1.0
7.14,7.0
5.96,1.0
5.13,1.0
6.13,1.0
4.88,2.0
6.06,12.0
7.57,6.0
4.87,5.0
5.13,9.0
6.18,1.0
6.37,13.0
6.33,1.0
5.94,1.0
5.52,2.0
5.36,2.0
5.41,2.0
5.09,2.0
5.42,1.0
5.9,1.0
4.54,2.0
5.49,2.0
6.14,13.0
5.11,2.0
6.63,2.0
6.13,3.0
5.37,2.0
4.44,1.0
4.72,1.0
4.84,1.0
5.77,3.0
7.78,373.0
6.68,1.0
6.69,1.0
7.33,26.0
6.98,61.0
5.52,2.0
4.95,2.0
5.49,1.0
5.84,2.0
5.5,4.0
7.35,12.0
5.78,1.0
6.89,52.0
4.83,1.0
5.16,1.0
4.87,1.0
5.4,1.0
5.13,1.0
5.12,1.0
7.21,30.0
5.55,4.0
6.42,1.0
6.26,34.0
7.89,25.0
5.32,40.0
6.87,2.0
6.3807386399847035,1.0
6.35,49.0
7.26,26.0
6.02,3.0
6.77,51.0
5.57,2.0
5.2,2.0
6.08,1.0
5.43,1.0
4.63,1.0
5.42,3.0
5.42,3.0
7.84,51.0
7.18,3.0
7.15,26.0
5.8,3.0
5.27,1.0
5.36,1.0
5.76,2.0
5.98,3.0
6.51,1.0
7.71,1.0
7.82,13.0
4.86,2.0
6.33,52.0
7.44,12.0
7.05,13.0
6.8,13.0
7.0,12.0
6.73,4.0
6.72,39.0
6.75,14.0
6.44,4.0
7.15,26.0
5.56,1.0
7.38,4.0
7.18,13.0
5.68,2.0
5.72,25.0
6.89,39.0
5.32,1.0
5.02,1.0
6.67,2.0
6.24,52.0
7.04,52.0
5.16,1.0
5.26,1.0
6.5,3.0
5.97,4.0
5.07,1.0
5.31,3.0
5.48,1.0
6.55,1.0
5.21,2.0
5.31,1.0
7.41,5.0
6.9,24.0
6.92,12.0
7.26,26.0
6.94,24.0
6.31,1.0
6.55,25.0
5.18,1.0
8.05,28.0
6.95,12.0
6.61,26.0
5.69,1.0
7.09,25.0
6.1,1.0
7.36,50.0
7.55,22.0
7.41,1.0
5.64,1.0
6.32,47.0
6.59,3.0
6.17,2.0
5.65,2.0
5.8,300.0
5.56,1.0
5.6,1.0
6.64,2.0
6.77,31.0
6.78,21.0
6.95,29.0
7.2,48.0
4.54,1.0
8.14,12.0
8.11,12.0
6.0,52.0
5.28,3.0
5.86,2.0
6.56,4.0
6.86,11.0
5.68,2.0
7.33,12.0
7.61,26.0
6.31,1.0
6.14,26.0
5.81,26.0
5.62,1.0
7.11,1.0
5.79,2.0
5.52,1.0
7.42,25.0
6.84,3.0
6.86,6.0
6.16,30.0
6.87,13.0
7.03,13.0
5.11,1.0
7.42,1.0
7.03,1.0
6.26,2.0
7.75,13.0
6.7,1.0
6.76,1.0
7.1,50.0
5.95,1.0
6.12,1.0
5.93,1.0
5.8,1.0
6.64,1.0
6.74,26.0
5.9,1.0
5.61,1.0
5.55,3.0
7.13,39.0
6.16,13.0
6.08,13.0
6.94,5.0
5.34,26.0
6.4,50.0
5.63,2.0
7.78,1.0
8.02,1.0
8.31,1.0
7.64,1.0
8.61,1.0
5.89,1.0
7.27,1.0
5.22,2.0
5.82,3.0
5.0,1.0
6.4,44.0
3.69,1.0
6.09,2.0
6.03,2.0
7.1,69.0
6.69,20.0
6.05,36.0
6.67,52.0
6.34,26.0
6.77,35.0
6.19,26.0
5.75,1.0
4.28,1.0
5.23,1.0
5.94,1.0
6.41,26.0
5.62,1.0
5.52,1.0
6.16,26.0
6.39,26.0
5.13,1.0
6.49,163.0
5.18,1.0
6.88,28.0
6.3807386399847035,1.0
6.75,1.0
4.66,1.0
5.96,2.0
6.33,26.0
6.47,26.0
6.72,52.0
7.03,45.0
6.5,61.0
6.41,44.0
6.12,12.0
7.67,104.0
6.26,1.0
5.42,1.0
6.09,26.0
6.35,39.0
6.22,26.0
6.53,1.0
7.45,1.0
5.72,3.0
6.38,1.0
6.6,4.0
6.89,91.0
7.27,26.0
7.24,5.0
5.68,8.0
6.21,4.0
6.26,1.0
6.82,1.0
6.28,100.0
6.14,26.0
6.19,29.0
6.41,52.0
6.54,88.0
6.03,26.0
6.32,26.0
6.7,49.0
5.53,13.0
5.9,24.0
6.22,45.0
5.25,1.0
4.85,4.0
6.03,1.0
5.92,26.0
5.59,1.0
7.23,1.0
6.54,2.0
5.86,1.0
4.73,1.0
5.1,1.0
6.07,3.0
6.09,1.0
6.61,52.0
8.09,3.0
5.34,2.0
6.26,1.0
5.84,1.0
7.89,52.0
5.39,4.0
6.45,75.0
4.66,1.0
5.85,2.0
5.22,2.0
6.16,4.0
6.29,1.0
6.43,61.0
6.16,2.0
6.32,2.0
7.31,3.0
6.76,2.0
5.51,2.0
5.58,3.0
5.44,2.0
6.41,10.0
8.08,25.0
5.57,1.0
4.45,1.0
7.65,1.0
6.13,39.0
6.81,26.0
6.0,26.0
6.3807386399847035,77.0
7.04,4.0
6.55,2.0
6.71,2.0
5.25,2.0
6.62,2.0
5.85,2.0
7.01,1.0
6.82,64.0
6.59,3.0
4.97,1.0
5.57,2.0
6.33,2.0
5.36,3.0
6.69,1.0
7.18,3.0
7.28,13.0
4.5,1.0
6.09,13.0
6.45,1.0
6.58,1.0
7.35,1.0
5.59,3.0
6.1,18.0
6.94,2.0
7.44,154.0
6.3807386399847035,24.0
7.42,13.0
6.2,102.0
5.61,2.0
6.14,6.0
5.23,2.0
5.2,2.0
5.57,3.0
5.37,4.0
6.18,1.0
5.65,1.0
6.68,6.0
6.73,6.0
6.38,2.0
6.12,4.0
6.46,4.0
5.93,2.0
6.3,4.0
6.28,2.0
5.72,2.0
6.72,2.0
5.9,2.0
5.77,1.0
6.36,50.0
6.04,3.0
7.29,2.0
5.11,1.0
7.01,12.0
6.55,16.0
6.2,13.0
5.88,26.0
6.88,1.0
6.45,4.0
7.25,13.0
6.59,1.0
6.18,1.0
5.13,2.0
7.41,1.0
7.29,51.0
7.52,50.0
5.31,1.0
6.15,26.0
6.22,26.0
7.07,52.0
6.72,51.0
6.65,39.0
7.96,7.0
6.64,26.0
7.01,12.0
6.24,2.0
5.45,1.0
7.93,1.0
7.39,24.0
7.27,23.0
7.34,72.0
7.04,12.0
6.8,26.0
7.11,50.0
7.12,52.0
6.58,46.0
6.16,1.0
6.95,2.0
6.77,39.0
6.44,1.0
6.69,1.0
6.86,1.0
7.74,39.0
8.31,13.0
6.95,1.0
6.54,26.0
5.87,5.0
5.75,3.0
6.95,51.0
7.84,22.0
6.88,52.0
5.81,1.0
6.94,6.0
6.21,1.0
5.53,1.0
5.53,1.0
5.49,1.0
6.21,1.0
6.56,51.0
5.74,1.0
5.19,15.0
7.92,1.0
8.16,1.0
6.42,48.0
7.31,52.0
7.1,43.0
6.53,40.0
6.71,1.0
5.68,1.0
6.43,4.0
5.74,1.0
5.45,24.0
5.98,4.0
6.49,26.0
7.14,1.0
6.7,22.0
7.34,3.0
5.65,1.0
5.0,1.0
5.61,1.0
6.82,13.0
6.37,52.0
8.08,1.0
7.03,1.0
4.88,1.0
5.68,1.0
5.23,2.0
6.99,1.0
7.82,2.0
5.84,3.0
6.82,2.0
6.44,7.0
5.12,1.0
7.65,26.0
4.54,1.0
8.93,24.0
7.54,1.0
6.88,50.0
7.28,24.0
5.89,1.0
7.41,3.0
7.26,26.0
6.51,1.0
7.01,25.0
7.67,25.0
7.03,3.0
6.72,12.0
6.53,51.0
7.04,46.0
6.48,30.0
7.08,10.0
6.54,1.0
6.79,2.0
6.93,1.0
6.79,51.0
6.41,12.0
5.78,1.0
6.34,25.0
5.96,1.0
6.9,13.0
5.47,1.0
5.99,1.0
8.08,25.0
6.58,3.0
6.77,39.0
6.38,39.0
6.4,43.0
7.14,1.0
4.69,1.0
5.22,2.0
5.3,4.0
6.72,12.0
5.78,12.0
4.62,8.0
6.39,2.0
7.83,1.0
8.53,1.0
6.63,48.0
5.58,6.0
6.07,7.0
6.46,1.0
3.48,1.0
7.39,1.0
6.13,16.0
5.94,16.0
5.8,2.0
6.63,1.0
5.79,100.0
6.69,39.0
6.81,26.0
6.34,23.0
5.53,2.0
6.5,2.0
5.56,2.0
6.61,12.0
5.65,1.0
5.69,2.0
5.45,2.0
7.1,2.0
6.8,4.0
6.45,6.0
6.63,13.0
6.18,2.0
5.81,2.0
6.04,1.0
4.78,6.0
6.28,1.0
7.23,91.0
5.62,1.0
5.53,2.0
7.22,14.0
6.23,6.0
5.96,1.0
5.93,1.0
6.45,1.0
4.74,3.0
5.03,1.0
5.38,1.0
5.02,1.0
4.77,1.0
4.96,1.0
4.93,1.0
4.51,1.0
4.57,1.0
5.33,1.0
6.65,3.0
5.59,2.0
6.57,1.0
6.81,47.0
6.94,13.0
7.36,12.0
6.3807386399847035,6.0
6.11,8.0
5.93,7.0
5.92,1.0
6.46,2.0
6.24,35.0
7.28,1.0
6.36,26.0
6.04,1.0
6.15,52.0
5.92,12.0
7.78,1.0
6.5,11.0
5.99,2.0
5.21,1.0
7.67,1.0
5.54,1.0
5.66,1.0
6.0,1.0
4.68,1.0
5.05,1.0
6.41,1.0
6.64,26.0
6.36,1.0
6.66,56.0
5.94,1.0
7.8,1.0
6.66,3.0
6.2,1.0
6.87,1.0
8.14,11.0
5.28,2.0
5.96,2.0
6.22,1.0
7.24,12.0
5.78,3.0
6.6,4.0
6.57,39.0
5.46,2.0
5.69,3.0
5.67,2.0
6.02,1.0
6.1,2.0
5.61,1.0
6.09,1.0
6.18,1.0
5.08,1.0
5.06,1.0
4.79,1.0
5.47,1.0
7.18,3.0
6.56,23.0
6.56,50.0
6.53,2.0
5.94,1.0
6.47,39.0
6.07,1.0
6.72,26.0
6.61,26.0
5.99,1.0
5.67,1.0
5.88,1.0
3.22,1.0
7.09,48.0
6.59,1.0
5.91,2.0
6.78,7.0
6.41,50.0
5.9,3.0
5.52,1.0
5.77,2.0
6.3807386399847035,1.0
6.3807386399847035,26.0
6.79,12.0
7.1,13.0
7.24,13.0
7.21,12.0
5.68,13.0
6.76,26.0
6.03,2.0
4.63,2.0
4.97,1.0
5.54,3.0
4.96,2.0
5.37,4.0
5.87,5.0
6.06,50.0
8.57,1.0
5.98,6.0
3.79,1.0
6.4,50.0
4.72,1.0
5.99,2.0
7.19,13.0
6.16,21.0
6.99,26.0
6.71,2.0
6.14,20.0
7.57,1.0
6.45,52.0
6.3807386399847035,156.0
6.16,26.0
6.75,4.0
4.48,1.0
5.53,2.0
5.29,1.0
5.3,3.0
6.63,2.0
5.64,3.0
6.31,22.0
6.1,52.0
6.0,13.0
6.15,2.0
7.27,12.0
6.3807386399847035,1.0
5.45,2.0
7.29,6.0
6.36,1.0
5.05,1.0
5.13,1.0
6.83,4.0
6.9,1.0
7.5,70.0
5.96,2.0
7.36,24.0
6.7,26.0
5.62,1.0
6.99,13.0
7.21,20.0
7.18,1.0
6.37,51.0
7.98,1.0
4.88,1.0
6.03,1.0
6.0,1.0
5.82,1.0
6.3807386399847035,26.0
5.93,1.0
5.8,1.0
5.94,1.0
7.23,50.0
5.21,1.0
5.15,1.0
5.14,1.0
6.48,2.0
5.16,1.0
5.06,5.0
6.13,3.0
7.21,1.0
7.08,8.0
5.66,26.0
6.53,1.0
6.02,1.0
6.23,2.0
7.32,1.0
5.42,1.0
5.61,1.0
6.13,12.0
6.49,13.0
8.08,25.0
6.48,32.0
7.58,12.0
7.19,12.0
5.91,4.0
5.62,1.0
5.07,5.0
5.87,2.0
4.56,1.0
6.06,11.0
6.48,16.0
6.39,12.0
7.1,13.0
6.4,1.0
6.4,12.0
5.04,1.0
7.08,2.0
6.97,2.0
7.96,1.0
6.59,37.0
5.18,1.0
5.5,3.0
6.51,52.0
6.85,1.0
8.0,12.0
6.29,1.0
6.54,1.0
6.7,1.0
6.49,1.0
6.5,1.0
7.08,1.0
5.63,2.0
6.4,26.0
6.05,26.0
5.35,2.0
5.46,4.0
6.68,2.0
6.87,46.0
6.43,26.0
6.7,35.0
7.67,2.0
5.25,6.0
7.71,12.0
6.23,2.0
4.97,2.0
4.98,2.0
5.35,2.0
5.61,2.0
5.22,1.0
5.01,3.0
5.83,26.0
5.34,2.0
5.63,4.0
5.3,2.0
5.08,2.0
4.11,1.0
5.39,2.0
7.5,1.0
5.53,2.0
5.25,2.0
5.55,12.0
5.34,2.0
5.34,5.0
6.94,1.0
5.53,2.0
6.02,8.0
6.23,6.0
6.25,6.0
6.25,1.0
4.33,1.0
5.01,2.0
5.49,3.0
7.81,3.0
6.49,2.0
6.88,1.0
7.15,13.0
7.28,26.0
7.74,1.0
6.3,1.0
7.05,26.0
7.66,24.0
8.02,5.0
7.19,13.0
5.19,26.0
5.71,1.0
5.72,12.0
6.37,1.0
6.21,1.0
8.04,2.0
8.29,1.0
5.29,4.0
7.0,1.0
5.17,2.0
6.44,43.0
5.34,12.0
6.66,26.0
4.16,1.0
6.78,296.0
6.91,694.0
8.1,2.0
5.5,20.0
6.3807386399847035,26.0
6.26,1.0
6.39,1.0
6.06,1.0
5.87,1.0
6.35,2.0
6.51,51.0
4.65,1.0
5.4,1.0
7.34,1.0
6.31,12.0
7.51,24.0
6.86,1.0
7.87,1.0
6.08,1.0
6.94,1.0
6.7,12.0
6.38,2.0
7.74,26.0
6.01,1.0
5.87,1.0
6.53,1.0
6.39,14.0
4.97,1.0
5.17,23.0
6.96,1.0
4.59,5.0
6.43,73.0
6.97,26.0
5.16,1.0
6.04,25.0
8.4,25.0
7.96,1.0
7.01,12.0
6.83,2.0
7.06,13.0
7.27,12.0
6.54,5.0
6.63,3.0
6.87,12.0
8.33,25.0
7.16,26.0
6.83,12.0
6.65,6.0
6.8,1.0
5.53,2.0
5.29,1.0
5.98,56.0
5.68,1.0
6.43,2.0
6.27,1.0
7.27,52.0
7.29,1.0
6.34,43.0
6.89,104.0
6.79,1.0
7.71,12.0
7.39,48.0
7.13,23.0
6.06,1.0
8.33,15.0
6.33,50.0
7.2,1.0
5.68,1.0
6.53,26.0
6.3807386399847035,13.0
5.36,1.0
7.15,24.0
7.44,1.0
7.1,2.0
5.62,1.0
4.99,1.0
6.56,26.0
5.02,1.0
5.06,1.0
5.72,2.0
6.12,12.0
9.1,64.0
6.76,1.0
5.76,5.0
7.46,25.0
6.18,26.0
6.14,36.0
6.17,16.0
6.1,1.0
6.58,1.0
6.8,20.0
7.38,12.0
6.33,36.0
6.37,4.0
7.27,12.0
5.64,3.0
6.83,1.0
6.44,25.0
5.12,1.0
6.86,11.0
5.75,1.0
4.66,1.0
5.09,1.0
4.5,1.0
7.55,13.0
7.06,9.0
6.13,1.0
6.22,1.0
5.66,4.0
6.16,1.0
6.79,2.0
5.6,2.0
7.51,2.0
5.95,1.0
6.3807386399847035,48.0
6.05,156.0
5.26,4.0
5.58,2.0
6.05,1.0
5.44,1.0
6.89,2.0
7.01,7.0
7.29,39.0
6.95,2.0
7.14,39.0
6.4,50.0
6.91,50.0
7.46,1.0
8.39,1.0
4.74,7.0
5.67,2.0
6.21,3.0
5.75,1.0
5.94,2.0
6.15,2.0
6.06,1.0
6.56,2.0
7.12,2.0
6.74,39.0
7.05,24.0
6.2,33.0
6.35,1.0
7.23,26.0
7.4,1.0
7.69,127.0
5.39,1.0
7.38,13.0
5.64,13.0
6.26,51.0
5.18,1.0
6.14,1.0
6.3807386399847035,1.0
5.26,11.0
7.32,1.0
5.28,1.0
7.46,48.0
6.17,23.0
7.47,2.0
7.34,1.0
6.54,1.0
8.66,26.0
6.35,2.0
5.64,10.0
7.41,51.0
5.84,1.0
6.5,1.0
7.33,26.0
5.77,1.0
5.84,1.0
7.33,49.0
7.42,87.0
6.36,13.0
7.28,13.0
6.19,25.0
7.05,1.0
6.04,2.0
5.08,2.0
6.1,53.0
6.35,2.0
6.04,1.0
7.37,1.0
7.47,1.0
6.26,50.0
5.49,1.0
6.74,1.0
6.92,1.0
4.92,1.0
8.55,13.0
5.57,1.0
5.27,10.0
6.6,1.0
7.45,4.0
7.01,26.0
6.18,1.0
7.79,1.0
6.3,26.0
5.85,1.0
6.84,2.0
5.86,3.0
6.21,2.0
5.01,4.0
6.1,3.0
4.62,2.0
7.34,1.0
6.54,6.0
6.53,52.0
8.32,12.0
6.9,13.0
6.68,12.0
5.79,20.0
6.45,1.0
7.5,1.0
7.15,1.0
6.49,6.0
7.33,12.0
7.22,13.0
8.01,1.0
6.23,1.0
5.58,3.0
6.3807386399847035,225.0
6.14,53.0
4.82,1.0
6.31,1.0
4.35,1.0
4.96,1.0
7.23,51.0
5.92,2.0
7.04,13.0
5.38,2.0
5.52,2.0
5.09,2.0
5.43,2.0
4.47,1.0
5.56,2.0
5.45,2.0
5.75,1.0
5.58,1.0
7.46,1.0
8.31,50.0
5.83,1.0
4.96,1.0
6.55,2.0
6.43,3.0
5.66,3.0
6.97,48.0
5.53,1.0
6.03,1.0
6.43,12.0
6.4,2.0
7.11,1.0
8.21,1.0
6.09,6.0
6.74,2.0
5.6,1.0
6.3807386399847035,14.0
5.65,1.0
5.65,1.0
6.3807386399847035,36.0
5.65,26.0
5.93,26.0
6.01,26.0
6.17,25.0
6.03,68.0
6.52,12.0
7.66,26.0
5.5,1.0
7.49,1.0
7.58,39.0
6.34,1.0
5.6,13.0
5.8,1.0
7.13,12.0
6.68,12.0
7.57,26.0
5.47,1.0
6.91,52.0
7.31,1.0
5.61,2.0
7.19,25.0
6.81,1.0
6.44,1.0
7.66,25.0
6.75,164.0
6.12,1.0
7.43,1.0
6.23,1.0
4.87,1.0
4.65,1.0
4.66,1.0
4.81,1.0
4.73,1.0
4.66,1.0
4.91,1.0
4.3,1.0
4.41,1.0
5.28,1.0
5.34,1.0
4.52,1.0
4.76,1.0
5.14,1.0
4.6,1.0
5.03,1.0
4.99,1.0
5.15,1.0
5.32,1.0
5.18,1.0
4.58,1.0
4.55,1.0
4.43,1.0
4.73,1.0
5.36,1.0
5.22,1.0
4.91,1.0
5.27,1.0
2.22,1.0
4.87,1.0
4.85,1.0
4.88,1.0
4.86,2.0
5.14,1.0
5.38,1.0
7.28,7.0
5.21,1.0
6.49,1.0
6.4,1.0
6.42,1.0
5.03,1.0
5.07,1.0
5.14,2.0
3.9,2.0
5.46,2.0
7.31,4.0
6.3807386399847035,13.0
7.24,13.0
6.21,26.0
4.67,5.0
6.41,2.0
5.07,2.0
5.13,2.0
5.2,2.0
5.29,2.0
4.81,2.0
5.23,2.0
4.74,2.0
5.28,2.0
5.46,2.0
5.22,2.0
6.65,103.0
5.54,1.0
4.74,4.0
4.28,1.0
5.41,1.0
6.36,39.0
5.85,4.0
7.76,11.0
5.36,1.0
5.27,1.0
5.93,26.0
5.4,1.0
6.32,2.0
6.62,2.0
5.46,3.0
5.13,3.0
5.02,3.0
5.4,3.0
5.35,3.0
6.61,4.0
6.11,2.0
6.16,3.0
4.98,1.0
7.05,56.0
4.64,1.0
5.65,1.0
4.76,4.0
5.52,3.0
5.33,4.0
7.26,6.0
7.14,12.0
7.46,25.0
5.99,1.0
5.47,4.0
7.21,26.0
7.95,24.0
7.85,13.0
8.03,1.0
7.94,26.0
7.39,50.0
6.2,2.0
4.67,4.0
6.69,65.0
5.56,6.0
8.23,11.0
7.0,1.0
6.3807386399847035,1.0
7.09,9.0
7.25,1.0
7.46,26.0
7.49,1.0
4.6,1.0
7.12,2.0
6.53,2.0
6.03,10.0
6.46,30.0
5.13,1.0
6.72,12.0
6.35,1.0
6.47,3.0
7.59,4.0
7.28,1.0
6.7,3.0
7.23,26.0
6.76,3.0
6.53,24.0
7.24,1.0
6.39,1.0
4.51,1.0
6.92,2.0
7.75,13.0
5.75,1.0
6.56,4.0
5.72,1.0
4.84,1.0
6.76,1.0
6.3807386399847035,51.0
6.3807386399847035,11.0
4.46,1.0
4.64,1.0
4.49,1.0
4.25,1.0
6.38,1.0
5.64,215.0
5.33,1.0
6.37,1.0
6.08,38.0
6.96,59.0
7.31,33.0
6.25,56.0
7.19,182.0
7.7,39.0
5.03,1.0
6.3807386399847035,12.0
5.67,2.0
6.25,1.0
6.25,1.0
6.52,1.0
6.34,1.0
7.2,26.0
6.64,1.0
6.16,1.0
6.54,1.0
4.47,1.0
5.26,1.0
4.75,1.0
4.96,1.0
4.97,1.0
5.37,1.0
5.03,1.0
5.85,1.0
5.58,2.0
2.53,10.0
5.74,1.0
4.99,1.0
6.18,24.0
5.99,23.0
5.5,1.0
5.6,3.0
6.72,45.0
6.39,1.0
6.07,1.0
6.5,2.0
4.44,1.0
5.76,3.0
6.51,56.0
7.31,12.0
6.85,13.0
6.3807386399847035,1.0
6.22,1.0
5.64,1.0
5.18,1.0
5.77,1.0
6.02,1.0
6.05,13.0
6.01,1.0
6.21,1.0
5.42,1.0
6.14,4.0
5.71,1.0
7.1,1.0
5.66,2.0
5.31,1.0
6.33,1.0
4.68,1.0
6.02,43.0
6.09,1.0
6.54,52.0
6.66,12.0
8.38,50.0
5.2,1.0
6.58,39.0
7.24,1.0
7.26,62.0
6.91,2.0
6.05,1.0
6.49,13.0
7.26,13.0
7.28,4.0
6.87,51.0
6.93,13.0
6.97,13.0
6.62,12.0
7.05,1.0
7.05,39.0
7.31,11.0
5.92,2.0
6.3807386399847035,1.0
5.29,1.0
7.06,112.0
6.29,2.0
6.3807386399847035,10.0
6.79,1.0
6.69,52.0
7.32,1.0
4.44,1.0
7.87,1.0
6.8,52.0
5.93,13.0
5.08,1.0
7.09,6.0
6.3807386399847035,1.0
7.18,12.0
7.71,104.0
4.32,1.0
6.25,1.0
7.23,24.0
6.61,4.0
6.7,1.0
7.73,97.0
5.67,1.0
6.6,2.0
8.0,25.0
7.57,1.0
7.56,4.0
6.69,31.0
7.32,29.0
5.3,1.0
5.13,3.0
5.73,1.0
6.3807386399847035,1.0
7.16,24.0
5.57,2.0
7.2,24.0
6.51,7.0
6.57,25.0
5.72,1.0
5.84,1.0
5.83,1.0
6.35,1.0
5.75,12.0
5.54,1.0
5.67,26.0
5.38,1.0
6.26,27.0
4.94,1.0
5.41,1.0
7.33,51.0
6.19,15.0
6.1,1.0
6.34,5.0
5.09,1.0
7.06,12.0
5.96,13.0
6.79,12.0
8.48,26.0
7.77,1.0
7.15,142.0
6.33,51.0
6.24,305.0
5.64,2.0
6.63,2.0
5.49,1.0
6.4,4.0
6.6,12.0
6.31,40.0
5.16,365.0
4.78,1.0
6.39,1.0
6.35,1.0
6.3807386399847035,1.0
7.09,1.0
7.51,1.0
7.13,1.0
7.67,2.0
5.67,1.0
6.71,1.0
7.19,1.0
7.1,11.0
6.77,13.0
6.58,12.0
7.09,1.0
7.97,13.0
7.63,1.0
7.02,1.0
5.1,1.0
6.6,1.0
5.18,1.0
5.52,1.0
7.43,1.0
5.52,3.0
6.87,2.0
6.3807386399847035,26.0
7.19,1.0
6.69,12.0
6.61,1.0
7.06,13.0
6.37,12.0
6.3807386399847035,13.0
6.79,11.0
8.01,11.0
7.67,24.0
6.02,1.0
6.92,1.0
6.96,1.0
6.24,2.0
6.34,2.0
5.96,1.0
6.5,32.0
6.21,15.0
7.41,1.0
6.29,7.0
6.08,2.0
6.55,3.0
6.68,1.0
6.39,6.0
6.05,26.0
6.99,127.0
5.32,1.0
5.68,1.0
5.74,1.0
6.04,1.0
5.98,1.0
5.73,1.0
6.3807386399847035,1.0
6.65,1.0
6.17,1.0
6.12,1471.0
6.91,1.0
4.85,1.0
5.95,2.0
6.21,1.0
7.3,1.0
7.38,1.0
6.76,2.0
6.42,12.0
7.13,11.0
6.56,54.0
5.47,1.0
6.42,1.0
6.21,26.0
6.93,1.0
5.08,3.0
6.84,12.0
7.33,1.0
5.85,1.0
5.08,1.0
6.58,8.0
6.05,1.0
8.1,7.0
6.23,4.0
6.94,1.0
4.67,1.0
7.52,13.0
7.78,1.0
5.66,1.0
7.05,1.0
5.51,1.0
6.38,3.0
7.55,1.0
6.41,52.0
6.42,48.0
7.87,13.0
7.03,1.0
7.25,1.0
7.29,12.0
4.56,65.0
6.01,2.0
6.13,1.0
5.52,1.0
4.72,1.0
6.19,104.0
7.36,1.0
7.23,1.0
6.2,2.0
7.34,1.0
5.59,6.0
6.14,1.0
6.7,1.0
5.23,1.0
8.0,4.0
5.67,2.0
6.03,16.0
6.37,26.0
4.76,1.0
6.21,9.0
7.91,1.0
5.86,3.0
7.61,25.0
5.75,1.0
5.32,52.0
6.22,53.0
7.33,1.0
6.18,1.0
6.9,1.0
6.88,4.0
8.11,1.0
6.38,40.0
6.62,35.0
6.73,1.0
6.3807386399847035,26.0
6.3807386399847035,26.0
5.6,1.0
6.91,7.0
5.19,12.0
6.3,1.0
6.02,1.0
6.35,24.0
7.8,5.0
6.82,331.0
6.39,35.0
7.13,12.0
5.52,1.0
6.3807386399847035,1.0
6.24,1.0
6.3807386399847035,1.0
6.15,27.0
6.3807386399847035,7.0
5.78,52.0
6.3807386399847035,1.0
5.12,10.0
6.67,1.0
6.3807386399847035,3.0
6.62,2.0
6.45,1.0
4.19,1.0
8.06,13.0
7.11,1.0
7.44,1.0
6.84,1.0
6.26,1.0
6.19,4.0
5.97,3.0
7.24,39.0
6.87,1.0
7.02,1.0
5.24,1.0
5.66,12.0
7.34,4.0
7.43,12.0
7.27,12.0
5.95,3.0
6.24,1.0
7.15,1.0
7.82,26.0
6.4,44.0
7.84,50.0
6.58,1.0
6.91,4.0
7.69,1.0
6.3807386399847035,1.0
8.31,12.0
7.14,50.0
5.6,1.0
6.64,26.0
6.89,1.0
5.06,1.0
7.55,1.0
6.06,61.0
6.14,1.0
6.22,54.0
5.72,1.0
6.53,12.0
7.51,12.0
6.1,2.0
6.04,22.0
7.57,1.0
5.67,1.0
6.2,12.0
6.48,1.0
5.5,1.0
6.46,3.0
4.81,13.0
6.48,1.0
5.51,1.0
6.53,1.0
5.46,1.0
6.64,45.0
6.34,52.0
8.28,1.0
7.25,13.0
6.0,1.0
6.06,12.0
5.46,1.0
6.26,3.0
6.54,2.0
6.3807386399847035,3.0
6.01,1.0
6.04,2.0
6.85,5.0
5.96,1.0
6.72,2.0
6.07,1.0
5.95,2.0
5.88,1.0
6.3807386399847035,26.0
7.57,175.0
5.96,6.0
6.32,6.0
7.14,12.0
6.74,1.0
7.26,13.0
7.11,2.0
6.43,1.0
5.71,3.0
5.67,6.0
6.73,3.0
5.82,28.0
6.17,1.0
6.3807386399847035,42.0
6.15,26.0
6.36,1.0
6.64,1.0
6.39,1.0
6.59,1.0
6.68,1.0
6.32,3.0
8.11,24.0
6.99,12.0
6.59,1.0
6.87,1.0
7.2,27.0
6.3807386399847035,1.0
6.3807386399847035,1.0
6.3807386399847035,1.0
6.3807386399847035,1.0
7.78,1.0
4.87,1.0
6.33,49.0
7.63,1.0
7.51,24.0
7.92,11.0
5.49,1.0
6.97,170.0
7.26,1.0
5.66,1.0
6.54,2.0
5.62,3.0
7.52,1.0
6.82,1.0
7.17,5.0
6.13,1.0
5.42,1.0
5.64,12.0
5.72,1.0
7.54,12.0
5.82,1.0
8.2,26.0
5.94,26.0
4.59,1.0
5.15,1.0
4.3,1.0
5.05,1.0
4.58,1.0
4.66,1.0
5.08,1.0
3.93,1.0
4.38,1.0
5.6,1.0
4.97,1.0
5.01,1.0
4.03,1.0
4.7,1.0
4.55,1.0
4.99,1.0
4.85,1.0
5.29,1.0
4.48,1.0
4.93,1.0
5.04,1.0
4.94,1.0
4.26,1.0
4.72,1.0
4.37,1.0
6.53,1.0
5.16,1.0
4.79,1.0
5.89,1.0
7.84,1.0
8.19,2.0
6.98,8.0
6.2,26.0
6.05,1.0
6.04,12.0
6.49,1.0
6.27,1.0
7.15,12.0
6.65,6.0
6.47,1.0
7.05,2.0
6.54,3.0
5.87,52.0
6.62,5.0
6.34,2.0
6.78,2.0
6.9,2.0
7.37,12.0
7.34,9.0
6.09,29.0
6.36,143.0
6.93,50.0
6.67,52.0
4.46,1.0
7.61,1.0
5.48,26.0
6.7,1.0
6.95,43.0
6.02,12.0
6.32,12.0
6.21,12.0
7.38,1.0
7.57,1.0
7.25,1.0
5.92,1.0
5.07,1.0
4.85,1.0
5.01,1.0
6.96,1.0
5.91,1.0
8.35,1.0
6.89,3.0
5.43,12.0
7.29,1.0
3.6,1.0
7.13,1.0
2.74,1.0
7.21,1.0
7.65,13.0
6.74,1.0
7.06,1.0
6.51,1.0
6.0,1.0
6.33,31.0
6.5,45.0
6.83,13.0
7.04,13.0
6.42,1.0
5.52,1.0
6.28,12.0
7.24,23.0
6.29,21.0
7.72,3.0
5.89,1.0
6.31,2.0
5.87,1.0
7.15,1.0
5.77,52.0
5.94,1.0
5.73,1.0
6.01,1.0
7.07,2.0
6.16,52.0
6.94,1.0
6.77,9.0
6.36,7.0
4.16,1.0
4.74,1.0
3.56,1.0
3.86,1.0
5.04,1.0
4.52,1.0
4.53,1.0
3.73,1.0
4.49,1.0
4.28,1.0
4.58,1.0
4.78,1.0
7.36,2.0
7.76,2.0
7.31,1.0
5.93,50.0
5.73,4.0
7.04,3.0
8.01,26.0
7.21,24.0
7.1,1.0
5.15,1.0
7.9,12.0
7.04,2.0
4.7,1.0
6.3,12.0
6.97,44.0
6.64,25.0
6.36,6.0
6.74,12.0
6.32,2.0
6.3807386399847035,1.0
6.46,13.0
6.15,52.0
6.08,1.0
6.39,52.0
5.46,1.0
6.21,1.0
6.8,1.0
6.22,1.0
5.7,5.0
6.16,3.0
6.75,1.0
5.54,1.0
6.94,1.0
6.56,12.0
7.16,50.0
4.86,1.0
4.77,1.0
5.4,1.0
6.15,1.0
6.12,1.0
6.75,30.0
4.99,3.0
5.86,4.0
6.08,1.0
5.97,1.0
6.02,1.0
5.89,4.0
5.65,11.0
6.41,26.0
6.3807386399847035,32.0
6.74,2.0
6.2,2.0
6.3807386399847035,26.0
4.86,1.0
7.69,12.0
6.3807386399847035,26.0
5.72,10.0
7.94,1.0
6.41,12.0
6.02,1.0
4.91,1.0
5.11,1.0
6.46,26.0
5.59,52.0
5.7,3.0
5.97,1.0
6.48,1.0
5.29,1.0
5.64,1.0
5.32,1.0
4.81,1.0
6.99,24.0
5.94,2.0
5.76,2.0
5.62,2.0
6.33,1.0
6.15,2.0
7.54,3.0
5.56,1.0
6.48,2.0
6.32,2.0
6.48,1.0
6.02,1.0
5.78,2.0
6.23,1.0
5.22,1.0
7.55,1.0
7.81,1.0
7.64,1.0
6.48,108.0
6.88,1.0
8.61,1.0
5.69,1.0
6.72,12.0
6.63,1.0
6.57,1.0
6.58,1.0
6.3,39.0
6.32,1.0
7.06,1.0
7.92,4.0
4.84,2.0
5.59,1.0
5.93,1.0
6.25,1.0
6.56,1.0
6.79,1.0
5.26,1.0
6.86,4.0
6.07,1.0
6.48,1.0
6.29,39.0
6.66,1.0
6.08,20.0
6.22,51.0
7.5,3.0
6.01,1.0
5.95,1.0
6.3807386399847035,50.0
5.46,6.0
5.13,1.0
5.91,2.0
6.37,1.0
6.52,1.0
6.4,1.0
4.83,1.0
4.79,1.0
5.24,18.0
5.12,1.0
5.26,1.0
5.09,1.0
5.0,66.0
5.52,3.0
5.26,1.0
6.55,2.0
6.0,1.0
5.51,16.0
5.95,1.0
6.02,12.0
7.98,1.0
5.72,1.0
6.17,6.0
7.6,1.0
8.52,1.0
6.3807386399847035,1.0
6.7,1.0
5.06,1.0
6.33,1.0
6.66,47.0
4.45,1.0
4.67,1.0
4.99,1.0
5.81,1.0
5.17,1.0
6.3807386399847035,1.0
5.33,1.0
4.63,1.0
5.4,1.0
6.3807386399847035,1.0
4.94,1.0
5.35,1.0
5.87,1.0
5.27,2.0
4.99,1.0
5.57,1.0
6.31,39.0
4.88,1.0
5.26,1.0
6.3807386399847035,26.0
6.3807386399847035,1.0
6.3807386399847035,1.0
4.98,1.0
6.3807386399847035,1.0
4.93,1.0
6.3807386399847035,1.0
6.13,1.0
6.51,1.0
6.51,2.0
6.36,1.0
5.98,1.0
6.24,1.0
6.27,36.0
6.82,2.0
5.59,12.0
6.29,26.0
5.27,1.0
6.13,1.0
6.09,3.0
6.3,26.0
6.41,1.0
6.57,1.0
6.72,12.0
6.31,2.0
5.98,2.0
6.31,2.0
7.77,12.0
6.65,13.0
6.47,1.0
7.61,24.0
6.61,12.0
6.27,9.0
6.08,1.0
6.25,1.0
6.3,3.0
6.21,200.0
6.06,1.0
5.79,1.0
5.76,2.0
7.03,4.0
3.91,1.0
6.71,114.0
5.42,1.0
5.71,26.0
6.36,2.0
7.53,13.0
6.3807386399847035,26.0
6.3807386399847035,1.0
6.3807386399847035,24.0
6.3,37.0
7.85,49.0
6.3807386399847035,26.0
7.56,13.0
7.49,1.0
7.04,1.0
8.33,25.0
6.24,1.0
7.54,26.0
7.31,13.0
6.4,1.0
6.21,1.0
6.21,1.0
5.9,2.0
6.86,1.0
8.19,25.0
6.3807386399847035,60.0
5.41,1.0
5.99,1.0
6.85,1.0
6.49,1.0
6.46,1.0
6.43,1.0
6.09,26.0
6.48,4.0
5.51,1.0
7.89,1.0
6.28,2.0
5.23,1.0
6.3807386399847035,1.0
6.11,1.0
7.97,13.0
5.12,12.0
5.97,10.0
7.73,22.0
6.9,1.0
5.78,1.0
6.75,6.0
6.03,1.0
6.13,6.0
6.52,6.0
7.14,1.0
7.23,1.0
6.3807386399847035,26.0
6.3807386399847035,52.0
6.09,1.0
6.14,7.0
6.91,12.0
7.57,4.0
6.92,12.0
7.17,12.0
6.07,25.0
5.64,1.0
6.64,1.0
6.47,1.0
6.15,52.0
6.3807386399847035,1.0
5.42,1.0
8.57,11.0
5.39,1.0
8.17,26.0
6.49,6.0
6.3807386399847035,1.0
6.62,1.0
5.55,1.0
5.48,23.0
4.62,3.0
4.86,1.0
3.81,1.0
6.14,1.0
6.86,12.0
5.39,1.0
5.88,10.0
4.77,1.0
5.52,1.0
6.67,45.0
6.3807386399847035,1.0
6.7,7.0
7.37,1.0
7.04,1.0
5.42,2.0
4.72,2.0
5.79,50.0
7.27,6.0
6.48,2.0
5.66,1.0
7.49,1.0
4.49,1.0
4.41,1.0
2.91,1.0
7.46,16.0
6.78,10.0
5.04,1.0
5.09,1.0
5.32,2.0
5.61,13.0
5.76,1.0
7.13,52.0
6.17,39.0
5.84,23.0
5.99,1.0
6.52,2.0
7.3,1.0
6.3807386399847035,70.0
6.13,510.0
6.3807386399847035,1.0
4.95,1.0
5.82,58.0
6.67,6.0
7.21,25.0
6.85,2.0
6.3807386399847035,41.0
6.33,1.0
7.8,1.0
6.91,2.0
5.64,23.0
6.1,2.0
6.96,12.0
6.62,1.0
7.87,2.0
4.83,1.0
6.17,50.0
7.07,1.0
7.07,12.0
6.8,2.0
5.31,2.0
5.63,1.0
7.52,24.0
6.53,1.0
6.91,1.0
7.37,1.0
7.43,1.0
6.48,2.0
6.52,1.0
6.4,1.0
7.0,2.0
6.19,2.0
7.3,1.0
7.04,1.0
6.61,151.0
8.11,11.0
5.57,13.0
5.78,1.0
7.16,1.0
7.03,1.0
6.68,26.0
6.91,55.0
6.19,1.0
7.76,1.0
6.3807386399847035,39.0
6.38,1.0
6.11,1.0
5.74,1.0
5.86,1.0
5.91,1.0
6.09,1.0
6.13,1.0
6.1,1.0
5.99,1.0
6.08,7.0
5.68,1.0
7.13,1.0
5.6,8.0
6.0,1.0
6.3807386399847035,51.0
5.68,1.0
5.95,1.0
5.98,156.0
5.73,26.0
6.19,39.0
6.61,1.0
6.36,26.0
7.55,1.0
6.3807386399847035,26.0
6.3807386399847035,1.0
6.73,42.0
6.3807386399847035,101.0
5.55,1.0
7.53,2.0
6.3807386399847035,5.0
7.01,51.0
6.66,1.0
6.53,1.0
5.72,1428.0
5.9,1.0
7.39,51.0
6.1,23.0
7.44,52.0
5.59,1.0
5.38,65.0
5.94,1.0
5.87,1.0
6.78,1.0
6.3807386399847035,1.0
6.61,1.0
5.69,6.0
5.67,2.0
7.1,65.0
6.49,52.0
5.86,22.0
6.0,26.0
5.85,13.0
6.3807386399847035,1.0
6.3807386399847035,25.0
6.57,1.0
7.42,1.0
7.61,1.0
6.38,1.0
6.06,1.0
6.84,1.0
6.3807386399847035,12.0
5.62,2.0
6.77,12.0
6.09,1.0
6.22,22.0
6.24,51.0
6.35,2.0
6.05,1.0
7.12,2.0
6.1,1.0
6.65,3.0
6.35,4.0
5.52,1.0
6.37,6.0
6.25,1.0
7.78,12.0
7.73,25.0
5.99,1.0
6.43,4.0
5.81,4.0
7.4,1.0
5.57,1.0
7.47,1.0
6.13,1.0
5.47,1.0
5.91,1.0
6.09,1.0
6.3807386399847035,26.0
6.3807386399847035,2.0
6.89,7.0
6.3807386399847035,13.0
5.4,1.0
5.14,1.0
5.48,1.0
6.97,1.0
7.27,1.0
7.03,1.0
6.74,1.0
7.29,1.0
7.19,1.0
7.11,1.0
6.62,1.0
6.73,1.0
6.79,1.0
6.79,1.0
7.41,1.0
5.29,1.0
6.43,52.0
5.93,26.0
6.87,26.0
6.3807386399847035,1.0
7.45,12.0
7.85,2.0
5.97,30.0
6.96,51.0
7.05,39.0
5.88,1.0
6.3807386399847035,9.0
6.76,1.0
7.09,2.0
7.04,12.0
8.05,24.0
7.7,11.0
6.07,1.0
6.28,25.0
6.38,2.0
6.77,7.0
5.94,1.0
6.04,1.0
6.03,1.0
6.24,12.0
6.24,1.0
5.78,1.0
6.53,6.0
7.38,3.0
7.19,1.0
4.39,1.0
6.68,6.0
5.06,1.0
7.0,1.0
7.43,13.0
6.3807386399847035,20.0
7.45,48.0
7.25,3.0
4.33,1.0
6.49,1.0
5.7,1.0
5.99,1.0
6.3807386399847035,1.0
5.69,1.0
6.3807386399847035,1.0
6.3807386399847035,1.0
5.98,1.0
5.97,1.0
6.3807386399847035,26.0
7.17,48.0
6.51,6.0
7.71,1.0
7.68,13.0
6.26,1.0
6.3807386399847035,32.0
6.3807386399847035,22.0
6.3807386399847035,1.0
4.8,3.0
5.95,1.0
7.66,12.0
5.54,1.0
7.53,1.0
5.77,1.0
6.67,12.0
6.2,51.0
6.09,1.0
6.86,25.0
6.33,1.0
6.09,1.0
5.99,1.0
5.98,1.0
5.94,1.0
6.45,53.0
5.32,1.0
7.41,12.0
6.45,2.0
6.3807386399847035,1.0
5.6,1.0
6.3807386399847035,1.0
4.57,2.0
5.99,2.0
5.94,1.0
6.3807386399847035,52.0
5.92,1.0
6.67,6.0
6.23,1.0
4.65,1.0
7.76,1.0
5.79,1.0
6.67,30.0
6.51,1.0
5.42,1.0
6.8,12.0
5.39,11.0
6.5,1.0
6.93,2.0
6.52,1.0
5.28,2.0
5.48,3.0
4.86,1.0
4.51,1.0
4.62,1.0
6.56,6.0
6.39,1.0
5.98,3.0
6.26,3.0
5.72,3.0
6.4,2.0
5.34,1.0
5.38,1.0
4.66,1.0
4.44,3.0
5.51,1.0
7.04,3.0
5.66,1.0
5.95,16.0
5.52,1.0
6.3807386399847035,17.0
4.73,1.0
7.56,13.0
7.29,25.0
6.22,1.0
6.22,1.0
5.03,1.0
5.08,1.0
5.19,1.0
6.3807386399847035,52.0
3.13,1.0
5.31,1.0
5.49,1.0
5.32,1.0
5.56,1.0
6.48,9.0
5.36,11.0
5.46,1.0
6.29,1.0
5.24,1.0
6.41,1.0
4.7,1.0
5.14,1.0
5.13,1.0
5.02,1.0
5.58,1.0
6.3807386399847035,8.0
5.63,1.0
7.44,12.0
6.82,1.0
4.86,1.0
5.0,1.0
5.28,1.0
4.9,1.0
4.95,1.0
7.94,1.0
6.12,1.0
5.75,1.0
6.3807386399847035,1.0
4.68,1.0
5.37,1.0
6.09,26.0
6.48,2.0
7.37,5.0
6.29,77.0
6.28,39.0
5.82,36.0
6.7,6.0
7.28,1.0
6.96,12.0
4.99,1.0
5.0,1.0
4.67,1.0
6.0,13.0
4.76,1.0
5.29,1.0
6.35,1.0
6.46,104.0
6.19,1.0
7.72,13.0
6.43,34.0
6.82,3.0
6.04,28.0
6.19,26.0
5.83,37.0
6.3807386399847035,25.0
6.33,1.0
6.2,1.0
6.29,1.0
7.35,12.0
6.09,1.0
6.12,1.0
6.46,25.0
5.81,4.0
7.4,1.0
6.07,12.0
5.85,1.0
6.89,2.0
6.3807386399847035,3.0
5.76,3.0
7.35,1.0
4.85,1.0
5.95,16.0
5.91,16.0
7.13,1.0
5.97,1.0
5.45,13.0
5.43,1.0
6.09,65.0
5.87,51.0
6.69,1.0
7.05,4.0
7.23,12.0
7.15,26.0
6.69,2.0
5.77,1.0
5.57,1.0
5.57,1.0
4.48,1.0
5.76,9.0
7.19,25.0
5.17,1.0
5.75,1.0
7.53,24.0
5.72,1.0
6.3,1.0
6.62,1.0
5.08,1.0
6.03,1.0
6.3807386399847035,1.0
6.21,52.0
4.72,1.0
4.9,2.0
6.3807386399847035,2.0
5.84,10.0
6.16,12.0
5.67,1.0
5.96,29.0
6.17,1.0
6.2,1.0
6.3807386399847035,2.0
4.82,1.0
5.77,1.0
6.31,3.0
6.96,22.0
6.63,3.0
4.19,1.0
7.42,3.0
6.25,52.0
7.61,1.0
6.49,1.0
6.14,1.0
6.7,2.0
6.16,2.0
6.35,1.0
6.31,3.0
6.21,2.0
6.92,50.0
6.01,2.0
6.1,200.0
7.34,3.0
6.69,22.0
7.37,1.0
6.34,1.0
6.58,3.0
6.63,12.0
5.69,3.0
5.84,1.0
7.45,1.0
5.34,1.0
7.15,4.0
4.18,1.0
7.11,50.0
7.55,2.0
6.79,1.0
7.57,10.0
6.3807386399847035,156.0
7.72,13.0
5.77,1.0
6.22,1.0
5.54,2.0
7.78,3.0
5.71,1.0
6.34,1.0
5.82,1.0
6.05,4.0
6.02,26.0
6.41,84.0
7.22,6.0
6.63,170.0
7.29,1.0
6.3,3.0
7.34,1.0
6.71,1.0
8.09,13.0
7.26,1.0
7.41,6.0
6.91,1.0
7.03,3.0
6.22,1.0
5.99,1.0
6.08,1.0
6.06,1.0
5.83,6.0
5.44,1.0
5.68,1.0
5.76,49.0
6.09,3.0
7.28,12.0
6.98,26.0
7.58,3.0
6.38,1.0
6.54,9.0
8.01,1.0
5.79,4.0
5.49,1.0
6.3807386399847035,2.0
7.31,1.0
6.51,4.0
5.12,1.0
5.63,1.0
5.9,1.0
5.08,1.0
7.21,26.0
5.95,1.0
5.97,1.0
5.97,1.0
7.78,1.0
9.07,24.0
5.74,1.0
4.84,2.0
8.37,1.0
5.55,1.0
4.89,1.0
5.61,1.0
5.8,1.0
6.3807386399847035,26.0
5.99,1.0
7.6,1.0
7.91,26.0
6.04,1.0
6.32,1.0
5.87,1.0
5.39,1.0
6.3807386399847035,1.0
6.64,2.0
6.33,2.0
6.41,2.0
7.01,2.0
6.19,2.0
6.92,11.0
4.95,1.0
4.58,1.0
4.31,1.0
7.28,4.0
5.74,1.0
5.44,2.0
5.69,3.0
5.92,2.0
6.3,1.0
6.63,12.0
6.91,13.0
7.12,3.0
6.32,1.0
6.3807386399847035,1.0
6.64,4.0
4.66,1.0
5.89,2.0
6.3807386399847035,1.0
7.11,1.0
4.95,1.0
2.98,1.0
6.3807386399847035,2.0
5.92,2.0
6.13,33.0
7.12,50.0
6.87,1.0
7.12,1.0
6.3807386399847035,1.0
6.3807386399847035,1.0
4.72,1.0
6.63,1.0
7.19,1.0
4.71,1.0
5.59,1.0
6.61,6.0
5.58,1.0
7.48,1.0
6.8,12.0
6.3807386399847035,26.0
5.51,1.0
6.19,2.0
7.13,12.0
6.3807386399847035,39.0
5.92,1.0
5.57,2.0
6.12,1.0
6.25,1.0
6.39,26.0
5.17,1.0
5.81,2.0
6.23,20.0
7.53,1.0
6.23,2.0
6.3807386399847035,4.0
6.02,2.0
6.06,1.0
5.96,1.0
6.33,3.0
5.78,1.0
5.99,26.0
6.3807386399847035,51.0
5.64,13.0
5.66,2.0
6.88,2.0
5.85,48.0
7.58,13.0
6.69,3.0
5.7,3.0
6.03,1.0
6.3807386399847035,6.0
5.99,1.0
6.3807386399847035,30.0
6.3807386399847035,1.0
7.83,1.0
6.26,3.0
7.57,2.0
6.47,13.0
5.45,2.0
5.98,2.0
7.2,1.0
4.48,1.0
6.47,12.0
6.43,2.0
6.48,1.0
5.03,1.0
6.3807386399847035,1.0
5.13,3.0
6.3807386399847035,2.0
5.55,1.0
5.64,1.0
4.76,1.0
4.94,2.0
5.03,1.0
4.92,1.0
4.52,1.0
7.66,8.0
7.86,60.0
6.62,1.0
6.3807386399847035,13.0
6.05,5.0
6.18,38.0
5.28,1.0
5.96,28.0
6.17,1.0
6.12,1.0
5.21,6.0
5.74,1.0
6.13,1.0
6.3807386399847035,51.0
6.12,1.0
6.3807386399847035,13.0
7.02,65.0
6.3807386399847035,20.0
5.97,6.0
7.12,1.0
6.35,3.0
6.3807386399847035,1.0
6.93,1.0
6.52,1.0
6.6,1.0
6.17,1.0
5.56,12.0
6.3807386399847035,26.0
7.8,2.0
6.09,1.0
6.52,1.0
5.53,1.0
6.61,9.0
6.3807386399847035,1.0
6.08,12.0
6.23,1.0
5.71,9.0
5.72,1.0
6.24,11.0
5.72,2.0
5.14,1.0
6.3807386399847035,1.0
5.79,1.0
7.33,3.0
6.33,59.0
8.35,1.0
6.74,1.0
6.63,12.0
5.45,5.0
5.46,1.0
6.71,7.0
6.29,1.0
7.46,7.0
5.79,2.0
5.41,6.0
7.98,12.0
5.13,1.0
6.07,4.0
5.47,1.0
6.81,25.0
6.89,1.0
5.15,5.0
6.54,1.0
5.68,6.0
6.88,10.0
6.46,1.0
5.52,2.0
6.95,12.0
6.66,1.0
5.85,2.0
6.38,1.0
7.1,1.0
7.81,1.0
6.36,2.0
5.73,1.0
6.9,1.0
7.85,1.0
8.29,1.0
6.5,12.0
6.29,13.0
5.53,1.0
4.76,1.0
7.57,1.0
6.0,1.0
6.3807386399847035,2.0
6.52,12.0
7.58,1.0
6.55,4.0
8.36,12.0
6.25,1.0
7.52,1.0
6.47,2.0
6.03,726.0
6.2,26.0
6.41,1.0
6.54,1.0
6.94,12.0
4.88,2.0
6.19,2.0
5.84,20.0
6.1,1.0
7.57,1.0
7.17,1.0
6.38,1.0
7.55,1.0
6.01,2.0
7.27,2.0
5.69,1.0
6.41,1.0
6.25,1.0
6.3807386399847035,2.0
6.85,1.0
6.09,13.0
4.08,1.0
6.22,10.0
6.3807386399847035,140.0
6.52,83.0
6.3807386399847035,43.0
6.3807386399847035,48.0
6.15,1.0
6.3807386399847035,1.0
6.3807386399847035,1.0
6.3807386399847035,5.0
5.84,26.0
6.06,1.0
6.3807386399847035,1.0
5.24,1.0
5.36,3.0
5.25,1.0
7.41,13.0
6.54,2.0
5.91,1.0
6.39,1.0
5.44,1.0
4.64,1.0
5.36,2.0
6.3807386399847035,46.0
6.31,1.0
6.32,1.0
5.58,1.0
5.81,1.0
8.21,77.0
7.18,1.0
6.24,1.0
6.3807386399847035,180.0
6.3807386399847035,5.0
6.63,1.0
5.82,1.0
5.27,1.0
5.83,1.0
6.12,25.0
6.67,41.0
6.7,86.0
6.39,56.0
6.16,72.0
6.3807386399847035,1.0
5.11,2.0
7.27,2.0
8.15,1.0
7.31,48.0
4.17,1.0
6.28,140.0
6.3807386399847035,20.0
6.3807386399847035,15.0
6.11,2.0
6.47,26.0
6.78,40.0
7.07,1.0
5.31,1.0
6.12,4.0
6.61,46.0
6.62,1.0
7.5,25.0
6.65,12.0
6.46,1.0
7.19,1.0
7.65,12.0
7.77,1.0
7.06,1.0
6.62,12.0
6.23,13.0
6.32,12.0
7.42,12.0
5.79,2.0
5.77,1.0
7.85,25.0
6.24,14.0
5.95,9.0
5.89,3057.0
6.3807386399847035,52.0
6.3807386399847035,100.0
6.33,13.0
5.84,1.0
6.31,26.0
6.3807386399847035,52.0
6.3807386399847035,52.0
6.46,1.0
7.14,1.0
6.94,1.0
8.0,1.0
5.54,1.0
5.21,4.0
6.44,2.0
9.04,51.0
6.56,2.0
5.96,1.0
5.45,1.0
4.54,1.0
6.1,25.0
7.5,1.0
7.17,25.0
7.47,5.0
6.79,3.0
8.31,11.0
5.95,1.0
6.3,1.0
5.35,1.0
7.95,39.0
6.3807386399847035,1.0
6.94,1.0
6.3807386399847035,1.0
4.82,15.0
6.34,1.0
7.87,12.0
6.39,1.0
6.83,13.0
6.4,73.0
6.51,1.0
6.59,1.0
7.34,4.0
7.79,1.0
8.35,25.0
7.52,147.0
6.42,1.0
5.72,2.0
5.98,1.0
5.95,2.0
4.98,1.0
5.39,2.0
6.86,1.0
7.94,24.0
7.24,1.0
6.32,1.0
6.13,1.0
6.3807386399847035,1.0
6.1,1.0
6.17,1.0
6.39,1.0
5.99,1.0
7.45,1.0
6.31,12.0
6.69,1.0
7.37,1.0
6.44,2.0
5.3,1.0
6.7,12.0
7.88,12.0
7.76,2.0
8.28,13.0
7.72,1.0
7.68,1.0
6.79,8.0
5.74,2.0
5.38,2.0
4.85,2.0
7.14,3.0
6.72,16.0
6.5,12.0
7.23,13.0
5.57,1.0
5.62,2.0
6.61,1.0
6.88,1.0
6.89,1.0
5.99,5.0
7.76,8.0
6.86,1.0
6.12,1.0
6.08,305.0
6.06,100.0
6.3807386399847035,102.0
6.27,110.0
5.74,1.0
6.07,1.0
7.18,1.0
8.12,1.0
6.86,13.0
6.59,12.0
7.56,11.0
8.36,11.0
7.18,11.0
8.46,26.0
6.56,6.0
6.06,12.0
7.36,4.0
6.28,2.0
6.51,13.0
7.21,1.0
6.87,6.0
5.88,26.0
6.39,1.0
6.65,12.0
5.97,1.0
6.3807386399847035,1.0
6.16,1.0
6.13,12.0
6.3807386399847035,1.0
6.37,1.0
7.37,2.0
6.91,51.0
6.68,12.0
7.51,13.0
6.07,12.0
7.7,1.0
6.26,1.0
5.95,26.0
7.32,12.0
6.3807386399847035,52.0
6.3807386399847035,26.0
6.3807386399847035,1.0
6.3807386399847035,33.0
5.55,1006.0
6.3807386399847035,13.0
6.38,1.0
6.3807386399847035,10.0
6.3807386399847035,1.0
6.3807386399847035,1.0
6.89,2.0
6.04,119.0
6.21,1.0
7.41,51.0
5.53,2.0
7.48,1.0
6.44,2.0
5.73,1.0
6.2,1.0
6.09,2.0
6.3807386399847035,1.0
8.25,26.0
6.83,3.0
7.6,25.0
6.88,1.0
6.03,12.0
5.87,1.0
6.08,1.0
7.29,1.0
6.64,1.0
7.35,1.0
5.96,1.0
6.93,2.0
5.57,2.0
5.9,13.0
6.56,13.0
5.33,1.0
6.31,47.0
7.03,13.0
6.3807386399847035,2.0
6.38,12.0
5.86,2.0
6.06,2.0
6.22,46.0
7.17,1.0
6.3807386399847035,1.0
7.07,21.0
6.51,22.0
6.14,1.0
6.43,6.0
5.36,25.0
6.75,13.0
5.86,25.0
7.59,6.0
6.77,1.0
6.3807386399847035,3.0
5.08,1.0
5.41,1.0
7.73,12.0
6.81,52.0
5.0,3.0
6.22,1.0
4.94,2.0
6.3807386399847035,1.0
6.98,52.0
7.0,13.0
5.47,3.0
5.54,1.0
7.47,12.0
8.57,13.0
7.02,1.0
6.49,10.0
7.58,1.0
6.32,3.0
5.59,6.0
6.2,1.0
7.2,12.0
7.03,12.0
6.15,1.0
5.07,1.0
5.24,1.0
8.29,1.0
5.08,1.0
5.34,1.0
6.92,1.0
7.06,2.0
6.45,2.0
6.34,1.0
5.42,1.0
6.05,1.0
6.75,1.0
5.61,1.0
4.65,1.0
7.1,24.0
7.34,1.0
7.08,26.0
7.11,1.0
7.03,13.0
6.56,2.0
6.78,2.0
5.66,11.0
7.66,13.0
5.65,1.0
7.34,10.0
6.19,12.0
5.08,1.0
7.47,1.0
6.63,1.0
7.39,3.0
6.15,1.0
7.33,16.0
5.87,1.0
7.19,1.0
6.8,2.0
6.53,12.0
6.53,4.0
7.57,12.0
7.45,4.0
7.52,1.0
5.93,1.0
6.74,1.0
7.08,1.0
6.98,47.0
6.3807386399847035,1.0
5.18,6.0
6.55,13.0
6.39,1.0
5.79,1.0
7.82,13.0
5.65,52.0
5.64,24.0
5.87,24.0
6.22,100.0
6.09,50.0
7.31,1.0
6.77,2.0
5.45,13.0
8.14,1.0
7.32,3.0
6.3807386399847035,3.0
5.6,22.0
6.3807386399847035,11.0
5.76,1.0
6.54,4.0
6.4,1.0
6.84,1.0
5.7,1.0
6.19,1.0
6.6,25.0
6.14,21.0
5.88,1.0
5.39,3.0
7.48,12.0
6.04,3.0
6.77,12.0
7.45,4.0
5.92,1.0
6.58,12.0
5.93,1.0
6.56,1.0
4.5,1.0
4.22,1.0
7.5,25.0
7.46,1.0
6.53,2.0
6.85,1.0
5.88,2.0
5.9,3.0
6.3807386399847035,1.0
6.3807386399847035,1.0
6.76,1.0
6.05,24.0
6.43,12.0
7.42,26.0
6.76,1.0
6.24,13.0
7.33,1.0
5.08,1.0
7.18,1.0
7.22,1.0
6.3807386399847035,22.0
7.29,1.0
4.75,1.0
8.07,1.0
7.06,10.0
5.99,2.0
6.3807386399847035,1.0
6.96,1.0
6.23,1.0
6.58,2.0
6.5,13.0
5.05,1.0
5.63,1.0
7.16,1.0
7.05,4.0
6.3807386399847035,1.0
6.3807386399847035,1.0
7.17,1.0
6.19,1.0
6.04,1.0
6.23,1.0
6.9,1.0
5.88,1.0
6.26,1.0
6.87,2.0
6.62,2.0
6.02,2.0
5.67,1.0
6.61,1.0
7.4,1.0
6.3807386399847035,26.0
6.3807386399847035,26.0
6.3807386399847035,25.0
5.28,1.0
7.2,12.0
7.32,1.0
7.42,1.0
7.52,1.0
7.49,1.0
7.58,1.0
5.85,1.0
7.16,12.0
6.8,1.0
7.95,24.0
6.23,1.0
6.1,2.0
7.42,1.0
6.54,1.0
5.57,9.0
6.02,1.0
6.95,11.0
6.38,1.0
6.61,1.0
6.3807386399847035,2.0
4.83,1.0
5.07,1.0
5.91,3.0
5.81,1.0
6.3807386399847035,1.0
5.3,1.0
5.44,1.0
6.3807386399847035,1.0
5.48,1.0
4.6,1.0
5.54,1.0
7.35,1.0
6.09,2.0
6.42,3.0
6.2,51.0
6.93,1.0
7.55,6.0
5.35,1.0
7.49,10.0
6.44,2.0
7.42,22.0
6.83,1.0
6.07,6.0
6.3807386399847035,425.0
7.35,11.0
5.89,1.0
8.18,25.0
5.4,7.0
5.83,13.0
7.32,1.0
7.29,1.0
7.0,25.0
6.48,49.0
6.53,13.0
4.81,1.0
5.18,1.0
6.36,21.0
6.84,1.0
5.98,1.0
7.01,1.0
6.98,1.0
6.58,1.0
6.76,1.0
7.09,1.0
6.58,1.0
6.29,7.0
7.18,6.0
5.45,11.0
6.83,4.0
6.14,8.0
4.99,4.0
6.53,1.0
6.3807386399847035,12.0
5.86,6.0
5.36,1.0
6.3807386399847035,50.0
6.3807386399847035,52.0
4.88,1.0
7.17,8.0
8.29,1.0
6.07,52.0
7.2,12.0
5.77,2.0
7.32,12.0
6.44,1.0
6.3807386399847035,26.0
6.3807386399847035,31.0
6.91,1.0
6.71,1.0
6.24,1.0
4.6,1.0
6.33,6.0
5.86,2.0
5.6,10.0
5.4,1.0
6.4,2.0
6.38,3.0
7.27,1.0
5.99,4.0
6.93,1.0
6.3,2.0
7.34,4.0
6.65,1.0
6.89,1.0
7.59,2.0
6.62,1.0
8.33,6.0
5.87,1.0
5.35,1.0
6.3807386399847035,1.0
6.69,1.0
6.76,1.0
6.36,3.0
6.58,3.0
6.3807386399847035,85.0
5.2,1.0
5.53,8.0
5.75,1.0
6.13,34.0
5.29,1.0
5.16,1.0
5.76,51.0
6.3807386399847035,18.0
6.3807386399847035,4.0
6.3807386399847035,13.0
7.41,1.0
7.74,1.0
5.93,2.0
6.83,1.0
7.39,12.0
6.09,50.0
6.98,1.0
7.09,24.0
6.54,2.0
7.24,1.0
5.51,1.0
6.18,1.0
7.21,1.0
9.04,148.0
6.72,2.0
6.73,2.0
6.28,1.0
6.43,1.0
7.13,3.0
6.85,13.0
6.68,2.0
5.04,2.0
5.4,1.0
6.3807386399847035,1.0
6.3807386399847035,1.0
6.15,1.0
5.99,2.0
6.53,10.0
7.48,12.0
7.94,4.0
7.85,12.0
7.53,4.0
3.98,1.0
6.82,1.0
6.53,52.0
7.26,12.0
5.88,4.0
5.37,1.0
6.3807386399847035,30.0
6.3807386399847035,104.0
6.59,2.0
6.3807386399847035,260.0
5.95,1.0
6.9,12.0
7.39,13.0
7.77,2.0
7.93,12.0
6.75,12.0
6.3807386399847035,52.0
6.57,1.0
7.28,1.0
6.37,103.0
5.24,1.0
6.28,52.0
6.47,1.0
6.8,8.0
6.76,1.0
6.62,26.0
7.19,2.0
7.44,12.0
7.11,2.0
7.09,2.0
7.19,12.0
6.44,3.0
6.76,1.0
4.43,1.0
7.52,1.0
7.54,13.0
7.06,1.0
6.41,25.0
5.41,1.0
6.3807386399847035,12.0
4.53,1.0
6.3807386399847035,13.0
7.42,12.0
7.11,2.0
6.1,1.0
5.53,1.0
6.85,75.0
6.5,2.0
6.59,2.0
5.72,2.0
5.73,1.0
6.69,1.0
6.93,1.0
6.64,13.0
6.3807386399847035,26.0
7.28,12.0
5.92,1.0
6.54,1.0
5.52,2.0
5.81,13.0
6.24,1.0
6.3807386399847035,13.0
7.54,1.0
6.44,51.0
5.95,1.0
6.3807386399847035,38.0
5.93,1.0
6.3807386399847035,16.0
5.95,26.0
7.43,1.0
5.98,1.0
6.87,1.0
8.45,1.0
5.08,1.0
6.52,1.0
6.3807386399847035,11.0
6.3807386399847035,1.0
6.57,526.0
8.14,11.0
6.3807386399847035,11.0
6.3807386399847035,1.0
6.64,13.0
7.34,12.0
6.3807386399847035,1.0
7.26,10.0
6.62,1.0
5.53,1.0
5.35,9.0
7.4,2.0
8.64,13.0
6.3807386399847035,1.0
5.11,1.0
6.3807386399847035,1.0
6.44,1.0
4.19,1.0
3.62,1.0
4.21,1.0
5.72,1.0
5.44,6.0
7.17,37.0
6.21,1.0
7.27,1.0
6.72,13.0
6.07,1.0
6.3807386399847035,1.0
6.3807386399847035,1.0
5.9,6.0
5.59,1.0
5.23,1.0
6.3807386399847035,2.0
6.3807386399847035,34.0
5.52,1.0
7.58,1.0
7.93,13.0
8.55,12.0
7.43,1.0
6.62,2.0
6.64,2.0
6.3,3.0
7.03,13.0
6.44,1.0
7.2,25.0
7.23,24.0
7.02,12.0
5.76,12.0
5.54,1.0
6.15,12.0
8.06,25.0
6.22,2.0
7.22,1.0
7.0,13.0
6.99,12.0
6.58,1.0
5.34,3.0
6.08,1.0
7.4,1.0
5.59,1.0
5.35,1.0
6.72,2.0
6.77,12.0
7.88,11.0
5.76,2.0
4.8,1.0
7.34,6.0
6.74,46.0
6.82,34.0
6.84,13.0
6.5,18.0
8.24,12.0
6.16,1.0
5.98,1.0
6.3807386399847035,27.0
6.25,12.0
4.47,1.0
3.86,1.0
6.19,44.0
7.25,2.0
3.19,1.0
7.75,13.0
7.45,1.0
3.25,1.0
6.78,51.0
3.36,2.0
8.29,2.0
6.11,52.0
7.38,12.0
5.91,2.0
6.18,1.0
8.21,1.0
8.37,1.0
8.47,1.0
5.2,1.0
6.5,2.0
6.82,1.0
5.6,1.0
7.36,1.0
7.71,1.0
7.64,52.0
6.07,1.0
8.33,26.0
7.93,38.0
6.61,1.0
5.77,1.0
5.93,45.0
7.37,1.0
7.4,1.0
6.65,2.0
6.6,2.0
5.5,2.0
5.38,4.0
6.05,2.0
7.31,1.0
8.09,1.0
7.04,1.0
5.74,1.0
7.87,1.0
8.2,1.0
7.71,1.0
7.02,12.0
6.05,1.0
6.3,13.0
6.1,3.0
5.66,1.0
5.67,1.0
6.78,1.0
6.25,35.0
5.65,1.0
7.23,1.0
5.82,52.0
7.36,13.0
5.64,5.0
6.2,1.0
5.2,1.0
6.99,12.0
6.3807386399847035,12.0
6.3807386399847035,52.0
7.46,1.0
8.08,22.0
6.79,48.0
7.15,1.0
6.76,1.0
6.82,1.0
7.2,1.0
5.67,12.0
5.91,26.0
5.72,1.0
6.09,1.0
6.55,1.0
6.97,12.0
7.48,12.0
6.93,13.0
5.32,1.0
6.45,10.0
6.94,3.0
5.98,4.0
4.51,4.0
6.55,5.0
6.46,5.0
6.13,3.0
8.58,1.0
5.65,26.0
5.93,26.0
8.53,25.0
6.13,12.0
5.77,1.0
6.39,1.0
7.36,4.0
6.3807386399847035,34.0
5.46,1818.0
4.7,2.0
5.3,1.0
5.66,1.0
7.82,12.0
6.06,10.0
7.8,12.0
7.1,1.0
6.44,2.0
8.5,99.0
6.04,1.0
6.41,1.0
6.22,1.0
6.01,1.0
7.83,12.0
6.09,6.0
6.17,6.0
5.5,1.0
6.52,4.0
6.71,13.0
7.24,13.0
6.65,24.0
7.96,1.0
6.56,25.0
6.18,26.0
5.76,12.0
7.49,13.0
6.05,1.0
6.73,1.0
5.48,1.0
6.47,10.0
6.71,1.0
5.12,1.0
6.3807386399847035,1.0
8.31,12.0
6.55,12.0
4.84,1.0
5.2,1.0
4.41,1.0
6.64,1.0
5.97,1.0
6.1,6.0
6.05,1.0
6.73,2.0
5.96,1.0
6.63,3.0
5.03,1.0
5.52,1.0
6.42,26.0
6.3807386399847035,52.0
6.92,1.0
7.2,1.0
6.3807386399847035,1.0
7.02,58.0
6.19,1.0
6.51,1.0
6.31,1.0
6.47,1.0
6.38,1.0
7.2,6.0
6.45,1.0
7.17,1.0
6.09,6.0
7.45,13.0
6.15,1.0
6.45,1.0
6.06,1.0
6.99,2.0
6.5,5.0
7.01,3.0
7.18,13.0
6.37,7.0
7.55,1.0
6.75,2.0
7.27,2.0
6.56,1.0
7.26,25.0
5.93,1.0
6.3807386399847035,12.0
5.8,38.0
6.3807386399847035,26.0
5.69,39.0
5.61,4.0
6.3807386399847035,130.0
6.3807386399847035,47.0
6.73,1.0
5.37,1.0
6.3807386399847035,6.0
6.3807386399847035,39.0
5.51,2.0
6.3807386399847035,1.0
5.08,1.0
5.42,1.0
6.3807386399847035,30.0
7.9,50.0
7.01,2.0
6.3807386399847035,2.0
6.3807386399847035,26.0
5.46,1.0
6.62,1.0
8.14,1.0
6.3807386399847035,1.0
6.67,51.0
5.09,5.0
6.15,1.0
7.2,39.0
6.04,1.0
7.15,1.0
5.54,4.0
7.66,12.0
6.43,3.0
6.3807386399847035,96.0
7.83,6.0
6.3807386399847035,44.0
6.3807386399847035,1.0
5.43,1.0
6.3807386399847035,1.0
6.24,1.0
5.69,3.0
7.32,1.0
4.64,1.0
6.4,2.0
6.26,97.0
6.41,1.0
5.32,12.0
6.31,2.0
6.77,3.0
6.87,2.0
6.4,3.0
6.86,52.0
6.06,1.0
6.26,12.0
5.71,1.0
7.16,51.0
6.3807386399847035,1.0
6.28,3.0
5.46,1.0
5.84,2.0
6.75,2.0
5.44,1.0
6.59,26.0
5.31,1.0
6.4,1.0
4.4,1.0
6.51,1.0
7.2,2.0
7.06,6.0
7.1,2.0
5.31,1.0
4.98,1.0
5.23,1.0
5.46,1.0
5.33,1.0
7.28,1.0
6.3807386399847035,1.0
7.43,12.0
7.6,1.0
7.7,1.0
8.28,25.0
6.43,25.0
5.69,26.0
5.87,51.0
6.78,39.0
6.25,1.0
6.58,60.0
6.74,12.0
6.89,258.0
6.3807386399847035,52.0
6.3807386399847035,26.0
6.41,1.0
7.04,1.0
6.62,1.0
6.25,1.0
6.15,50.0
6.3807386399847035,50.0
7.01,2.0
6.42,52.0
6.02,1.0
6.73,25.0
7.77,13.0
5.48,9.0
6.24,1.0
6.25,1.0
6.78,2.0
7.34,2.0
6.29,1.0
6.02,38.0
5.46,6.0
6.27,1.0
7.49,7.0
6.65,1.0
5.53,1.0
6.33,3.0
6.5,1.0
5.71,1.0
5.6,1.0
7.23,51.0
6.65,6.0
7.47,3.0
7.27,1.0
6.61,1.0
6.4,4.0
6.78,2.0
5.45,1.0
4.9,1.0
5.8,65.0
5.78,1.0
4.16,1.0
6.35,3.0
7.9,12.0
7.29,13.0
7.31,1.0
7.44,13.0
7.27,6.0
4.5,1.0
5.03,1.0
6.51,12.0
5.18,1.0
5.73,1.0
5.57,1.0
6.82,13.0
6.12,2.0
7.3,1.0
7.54,1.0
1.98,1.0
5.45,2.0
7.21,11.0
6.88,1.0
4.46,1.0
4.95,1.0
5.53,7.0
7.34,4.0
5.82,38.0
6.3807386399847035,78.0
4.8,1.0
5.05,1.0
4.76,1.0
6.31,5.0
6.3807386399847035,32.0
6.3807386399847035,398.0
6.3807386399847035,24.0
6.3807386399847035,431.0
6.3807386399847035,12.0
7.35,1.0
5.34,1.0
6.06,1.0
6.3807386399847035,1.0
6.3807386399847035,1.0
6.3807386399847035,10.0
6.3807386399847035,11.0
6.3807386399847035,11.0
6.3807386399847035,1.0
6.3807386399847035,1.0
6.3807386399847035,1.0
5.08,1.0
5.11,1.0
6.55,1.0
5.01,1.0
7.68,13.0
4.85,1.0
4.3,1.0
6.3807386399847035,56.0
6.3807386399847035,1.0
5.94,1.0
6.92,11.0
6.07,4.0
7.27,11.0
7.48,1.0
6.79,2.0
7.32,22.0
8.34,22.0
6.56,1.0
7.47,1.0
6.3,1.0
5.83,1.0
7.48,26.0
6.92,13.0
7.43,12.0
7.68,1.0
5.05,1.0
5.85,1.0
6.75,1.0
6.68,77.0
6.09,7.0
5.87,6.0
5.24,1.0
7.54,1.0
3.63,1.0
6.77,1.0
6.58,1.0
6.51,1.0
6.43,2.0
8.08,24.0
7.7,2.0
6.58,23.0
6.3807386399847035,1.0
6.64,2.0
6.06,1.0
4.47,1.0
4.92,1.0
6.43,1.0
5.97,1.0
6.3807386399847035,14.0
6.3807386399847035,12.0
6.3807386399847035,1.0
5.27,1.0
6.3807386399847035,6.0
6.3807386399847035,1.0
6.3807386399847035,2.0
6.59,1.0
5.01,1.0
7.34,1.0
7.01,1.0
6.18,2.0
7.54,6.0
6.07,6.0
5.47,1.0
6.18,8.0
6.23,1.0
4.97,1.0
6.06,2.0
7.28,3.0
6.11,1.0
6.61,2.0
7.1,2.0
5.44,1.0
6.15,2.0
4.4,1.0
5.72,4.0
5.85,1.0
6.18,1.0
5.2,1.0
5.75,1.0
5.86,1.0
5.94,1.0
5.19,1.0
7.03,1.0
6.3807386399847035,1.0
5.8,13.0
6.35,2.0
6.12,1.0
6.59,1.0
5.6,1.0
6.3807386399847035,1.0
6.18,10.0
7.91,24.0
6.05,7.0
6.42,24.0
5.74,4.0
6.75,2.0
7.39,1.0
4.94,1.0
6.73,2.0
6.51,4.0
7.52,12.0
6.35,2.0
6.47,1.0
7.84,1.0
5.32,1.0
5.82,1.0
7.49,1.0
6.44,12.0
4.6,2.0
5.0,2.0
5.97,312.0
5.86,312.0
7.48,13.0
5.91,1.0
5.21,1.0
6.3,12.0
5.87,1.0
5.91,1.0
5.75,1.0
7.27,1.0
6.2,26.0
6.44,12.0
7.41,13.0
6.9,1.0
6.45,1.0
6.58,37.0
7.29,12.0
5.83,1.0
7.8,1.0
7.89,1.0
6.83,12.0
5.84,5.0
5.91,13.0
6.25,1.0
6.82,2.0
6.31,1.0
8.38,25.0
7.54,1.0
7.43,13.0
4.49,1.0
5.17,1.0
7.65,13.0
8.02,25.0
6.66,12.0
5.81,13.0
7.4,12.0
4.65,1.0
5.73,1.0
6.7,3.0
6.76,4.0
5.22,12.0
7.39,1.0
6.18,6.0
7.01,1.0
6.3807386399847035,26.0
6.74,2.0
6.64,1.0
6.3807386399847035,2.0
7.17,13.0
6.48,2.0
7.03,12.0
6.28,1.0
6.41,2.0
6.46,2.0
6.08,1.0
7.33,1.0
6.27,1.0
6.63,1.0
6.38,13.0
8.1,13.0
7.89,26.0
7.67,1.0
7.71,12.0
5.18,1.0
6.93,13.0
7.1,26.0
7.39,6.0
7.14,25.0
4.87,1.0
8.0,1.0
7.3,12.0
8.01,13.0
7.1,1.0
6.3807386399847035,1.0
6.5,13.0
7.03,10.0
7.24,12.0
7.18,3.0
7.4,1.0
6.61,1.0
6.25,1.0
6.3,1.0
6.64,1.0
6.52,29.0
6.56,12.0
6.17,1.0
7.63,13.0
6.09,1.0
6.06,1.0
7.3,1.0
6.37,8.0
7.29,12.0
6.44,51.0
7.11,2.0
6.74,1.0
6.49,2.0
6.59,20.0
6.15,1.0
5.35,1.0
6.44,4.0
7.85,1.0
5.87,13.0
5.16,8.0
7.41,13.0
8.09,14.0
7.46,178.0
6.19,1.0
6.3807386399847035,13.0
7.16,1.0
5.99,12.0
6.02,1.0
6.07,1.0
7.08,3.0
7.25,12.0
6.3807386399847035,5.0
7.68,2.0
6.29,12.0
6.55,12.0
5.54,1.0
6.3807386399847035,3.0
5.69,3.0
5.23,1.0
5.25,1.0
6.08,1.0
6.87,1.0
6.28,1.0
7.42,20.0
7.46,1.0
7.28,1.0
7.22,1.0
6.3807386399847035,6.0
6.27,1.0
7.16,12.0
8.22,1.0
6.31,1.0
6.63,2.0
7.3,1.0
6.19,12.0
7.44,10.0
8.12,1.0
6.46,1.0
8.91,1.0
6.58,1.0
7.13,5.0
6.72,12.0
7.17,12.0
5.1,5.0
5.67,1.0
6.3807386399847035,1.0
6.3807386399847035,1.0
5.74,7.0
6.68,1.0
6.75,1.0
9.03,13.0
5.72,1.0
6.76,1.0
7.43,1.0
7.29,1.0
7.48,12.0
6.47,1.0
5.19,1.0
6.3807386399847035,26.0
7.66,9.0
6.87,73.0
5.96,6.0
5.22,1.0
4.64,9.0
5.2,1.0
4.86,2.0
5.44,1.0
7.4,4.0
6.45,1.0
6.71,3.0
4.99,20.0
6.45,52.0
6.14,10.0
6.01,1.0
6.3807386399847035,24.0
7.16,12.0
7.38,1.0
5.95,12.0
6.18,2.0
6.7,1.0
7.13,59.0
7.39,13.0
7.19,6.0
6.71,3.0
7.12,64.0
7.24,25.0
5.38,1.0
6.3807386399847035,6.0
5.65,1.0
6.85,1.0
7.26,6.0
7.93,4.0
7.22,12.0
7.17,2.0
6.04,3.0
6.92,1.0
6.53,6.0
7.56,12.0
7.19,1.0
5.45,1.0
5.7,30.0
7.29,13.0
5.85,6.0
7.8,1.0
7.48,2.0
6.5,1.0
6.77,1.0
6.94,1.0
6.3807386399847035,8.0
7.46,13.0
5.52,38.0
6.94,1.0
7.75,13.0
7.2,6.0
7.36,1.0
5.92,1.0
6.96,2.0
5.73,1.0
6.29,2.0
7.06,2.0
7.4,2.0
6.2,2.0
6.15,1.0
7.33,24.0
5.94,49.0
6.59,2.0
6.3807386399847035,26.0
6.71,52.0
6.74,7.0
6.21,6.0
6.17,12.0
5.26,3.0
5.34,3.0
6.68,3.0
6.3807386399847035,52.0
6.95,37.0
7.36,12.0
6.52,46.0
5.66,33.0
7.47,1.0
7.33,1.0
6.78,1.0
5.38,1.0
6.54,2.0
6.3807386399847035,26.0
7.7,2.0
6.32,4.0
7.29,1.0
6.3807386399847035,10.0
5.27,1.0
6.02,10.0
7.52,4.0
5.99,1.0
7.93,4.0
7.47,12.0
5.39,1.0
7.29,12.0
7.43,24.0
6.3807386399847035,5.0
5.44,2.0
5.79,39.0
7.0,1.0
7.09,13.0
6.3807386399847035,2.0
8.02,24.0
7.03,12.0
6.66,1.0
7.97,26.0
6.12,2.0
6.14,9.0
6.4,1.0
6.37,1.0
7.41,13.0
6.08,31.0
7.07,1.0
6.39,1.0
6.92,12.0
5.97,52.0
6.02,1.0
5.81,13.0
5.47,10.0
6.25,1.0
6.94,1.0
6.66,2.0
7.14,13.0
6.13,12.0
5.93,1.0
7.58,1.0
7.54,13.0
6.3807386399847035,1.0
5.21,1.0
5.41,1.0
6.3807386399847035,1.0
5.35,1.0
6.3807386399847035,2.0
5.61,6.0
5.39,1.0
6.3807386399847035,1.0
7.46,1.0
6.3807386399847035,23.0
5.86,12.0
5.69,2.0
6.37,1.0
6.24,1.0
5.85,1.0
6.24,13.0
7.31,13.0
6.67,13.0
5.99,4.0
5.27,10.0
5.33,10.0
5.62,10.0
5.72,1.0
6.87,12.0
5.06,4.0
6.55,50.0
7.91,1.0
6.19,13.0
6.3807386399847035,1.0
5.74,12.0
5.84,1.0
7.39,12.0
6.66,49.0
7.01,1.0
3.35,1.0
7.14,1.0
7.21,1.0
6.3807386399847035,20.0
6.3807386399847035,1.0
6.3807386399847035,2.0
7.16,2.0
7.09,1.0
7.22,2.0
5.73,1.0
6.3807386399847035,1.0
6.3807386399847035,1.0
6.48,23.0
6.3807386399847035,1.0
8.54,25.0
5.75,1.0
5.93,5.0
6.3807386399847035,2.0
6.84,13.0
6.13,1.0
6.44,12.0
7.45,13.0
6.3807386399847035,21.0
7.4,1.0
6.11,103.0
6.3807386399847035,1.0
6.3807386399847035,1.0
5.47,1.0
6.3807386399847035,1.0
4.99,1.0
6.3807386399847035,1.0
4.8,1.0
6.3807386399847035,1.0
6.3807386399847035,1.0
5.53,1.0
6.3807386399847035,1.0
6.17,1.0
6.21,1.0
6.3807386399847035,1.0
6.3807386399847035,1.0
7.21,13.0
3.5,1.0
3.33,1.0
3.47,1.0
2.76,1.0
3.58,1.0
6.52,1.0
5.2,1.0
6.23,6.0
6.91,1.0
6.87,2.0
6.67,1.0
6.21,8.0
5.76,3.0
6.3807386399847035,143.0
5.27,1.0
8.11,1.0
8.2,1.0
7.13,12.0
6.76,1.0
6.34,1.0
6.24,1.0
4.52,12.0
7.21,1.0
5.36,13.0
7.21,1.0
6.01,1.0
8.0,12.0
6.44,16.0
6.85,12.0
5.5,1.0
5.93,1.0
7.23,12.0
5.97,1.0
6.25,1.0
7.0,12.0
6.3807386399847035,1.0
6.3807386399847035,1.0
6.3807386399847035,1.0
6.3807386399847035,1.0
6.36,1.0
7.3,1.0
7.23,13.0
6.3807386399847035,1.0
6.3807386399847035,1.0
6.3807386399847035,1.0
7.89,1.0
6.3807386399847035,1.0
4.57,1.0
6.3807386399847035,3.0
6.3807386399847035,1.0
4.75,1.0
6.3807386399847035,1.0
5.82,1.0
6.3807386399847035,1.0
4.26,1.0
6.3807386399847035,1.0
6.3807386399847035,1.0
6.3807386399847035,1.0
6.3807386399847035,1.0
4.62,1.0
6.3807386399847035,1.0
6.3807386399847035,1.0
6.3807386399847035,1.0
6.3807386399847035,1.0
4.28,1.0
6.3807386399847035,1.0
6.3807386399847035,1.0
6.3807386399847035,1.0
6.3807386399847035,1.0
6.3807386399847035,1.0
6.3807386399847035,1.0
7.1,1.0
7.24,1.0
7.79,1.0
7.01,12.0
8.22,25.0
7.64,1.0
6.36,114.0
6.3807386399847035,102.0
6.92,13.0
5.85,1.0
6.9,2.0
7.81,1.0
8.09,11.0
6.68,1.0
7.49,1.0
5.64,1.0
4.97,1.0
6.64,1.0
5.9,2.0
7.02,12.0
6.3807386399847035,1.0
6.3807386399847035,2.0
6.02,1.0
6.3807386399847035,1.0
6.3807386399847035,1.0
6.34,1.0
6.06,2.0
6.31,1.0
5.07,1.0
6.2,1.0
8.77,26.0
4.85,1.0
7.37,13.0
6.65,12.0
5.43,7.0
6.0,6.0
5.59,26.0
6.21,13.0
6.3807386399847035,1.0
6.3807386399847035,26.0
6.3807386399847035,1.0
6.3807386399847035,24.0
7.1,1.0
6.66,14.0
6.3807386399847035,1.0
7.32,1.0
5.63,12.0
5.82,1.0
7.19,1.0
5.1,5.0
6.29,25.0
4.62,1.0
6.45,1.0
4.89,2.0
5.16,1.0
5.28,3.0
5.53,1.0
5.83,3.0
7.44,1.0
5.85,3.0
6.31,1.0
5.55,1.0
6.34,22.0
6.3807386399847035,1.0
6.3807386399847035,1.0
6.3807386399847035,1.0
6.41,1.0
5.55,1.0
5.51,1.0
5.97,1.0
5.72,40.0
5.39,1.0
7.05,12.0
7.55,51.0
6.64,2.0
7.28,1.0
6.3807386399847035,1.0
7.93,25.0
5.78,12.0
7.33,1.0
7.46,4.0
6.22,5.0
5.94,52.0
5.44,1.0
5.84,4.0
6.3807386399847035,1.0
6.3807386399847035,1.0
6.3807386399847035,10.0
6.3807386399847035,1.0
6.3807386399847035,1.0
6.0,1.0
5.64,1.0
6.73,1.0
6.41,6.0
5.85,1.0
4.81,5.0
6.85,1.0
5.38,10.0
5.78,3.0
5.93,1.0
5.28,1.0
8.33,39.0
6.99,4.0
5.03,1.0
5.73,12.0
6.21,1.0
6.3807386399847035,1.0
6.84,10.0
6.63,13.0
6.3807386399847035,33.0
6.3807386399847035,1.0
7.6,1.0
6.3807386399847035,1.0
6.3807386399847035,1.0
6.3807386399847035,1.0
6.3807386399847035,1.0
6.3807386399847035,1.0
6.3807386399847035,51.0
6.96,156.0
6.3807386399847035,1.0
6.3807386399847035,30.0
6.3807386399847035,1.0
6.3807386399847035,1.0
5.54,1.0
6.3807386399847035,1.0
5.59,1.0
6.3807386399847035,39.0
6.3807386399847035,1.0
6.47,2.0
6.32,1.0
7.07,52.0
5.19,4.0
7.3,26.0
5.2,12.0
5.76,86.0
7.33,1.0
6.79,2.0
6.04,2.0
6.49,2.0
6.32,1.0
7.94,12.0
6.29,1.0
5.74,1.0
6.52,1.0
6.3807386399847035,26.0
6.3807386399847035,263.0
6.01,1.0
5.85,1.0
6.3807386399847035,52.0
5.74,2.0
6.3807386399847035,21.0
5.82,1.0
6.3807386399847035,130.0
6.3807386399847035,39.0
6.86,6.0
6.51,10.0
7.32,1.0
7.33,1.0
6.3807386399847035,2.0
6.44,13.0
6.6,2.0
6.3807386399847035,1.0
4.76,1.0
6.3807386399847035,1.0
6.3807386399847035,70.0
6.3807386399847035,46.0
6.3807386399847035,27.0
6.3807386399847035,1.0
6.3807386399847035,1.0
6.88,1.0
6.53,1.0
6.3,13.0
6.3807386399847035,19.0
6.29,1.0
5.71,1.0
5.18,6.0
7.1,1.0
6.3807386399847035,78.0
6.48,13.0
5.3,3.0
7.09,1.0
5.84,1.0
6.3807386399847035,1.0
6.76,1.0
5.83,13.0
7.48,13.0
6.47,12.0
5.6,39.0
8.07,2.0
6.83,12.0
6.74,1.0
6.91,3.0
6.13,2.0
6.02,4.0
6.06,4.0
6.2,12.0
6.19,1.0
5.93,1.0
6.29,1.0
5.64,1.0
6.29,1.0
6.08,1.0
6.98,1.0
6.53,13.0
4.47,1.0
5.03,1.0
6.86,12.0
6.54,12.0
4.72,1.0
6.3807386399847035,1.0
5.37,12.0
5.43,12.0
6.7,1.0
6.89,2.0
5.68,1.0
6.29,20.0
7.33,2.0
6.43,6.0
5.85,1.0
5.65,1.0
5.91,13.0
7.74,24.0
6.18,1.0
7.22,1.0
6.3807386399847035,3.0
7.84,13.0
6.53,1.0
6.99,37.0
6.73,12.0
6.47,3.0
7.44,1.0
7.76,1.0
5.97,1.0
5.72,1.0
5.89,1.0
5.6,1.0
6.0,1.0
5.66,1.0
5.99,1.0
5.84,1.0
6.04,51.0
5.8,1.0
5.73,1.0
6.3807386399847035,1.0
5.74,1.0
5.49,1.0
5.72,1.0
5.24,1.0
5.19,1.0
6.72,12.0
5.92,1.0
6.3807386399847035,26.0
6.3807386399847035,32.0
5.7,1.0
5.59,1.0
5.67,1.0
5.78,1.0
7.33,13.0
6.83,1.0
4.36,1.0
6.72,1.0
7.61,13.0
6.11,1.0
6.07,1.0
6.3807386399847035,1.0
5.61,1.0
5.73,1.0
5.74,1.0
5.61,1.0
6.75,12.0
6.64,43.0
6.61,12.0
5.43,1.0
8.22,25.0
7.63,13.0
6.68,12.0
5.36,15.0
6.3807386399847035,26.0
7.54,21.0
4.88,1.0
6.27,2.0
7.73,12.0
6.15,50.0
7.35,1.0
7.94,38.0
6.3807386399847035,12.0
8.19,13.0
4.88,1.0
4.61,1.0
5.85,12.0
6.3807386399847035,6.0
7.29,12.0
5.43,4.0
6.3807386399847035,38.0
7.62,13.0
6.47,12.0
6.3807386399847035,1.0
6.3807386399847035,1.0
4.97,1.0
6.3807386399847035,1.0
7.04,24.0
6.3807386399847035,1.0
7.26,12.0
6.3807386399847035,1.0
6.3807386399847035,1.0
5.26,1.0
6.3807386399847035,1.0
6.3807386399847035,1.0
6.3807386399847035,1.0
6.3807386399847035,1.0
6.3807386399847035,1.0
6.3807386399847035,1.0
6.3807386399847035,1.0
6.3807386399847035,1.0
6.3807386399847035,1.0
6.3807386399847035,1.0
6.3807386399847035,1.0
6.3807386399847035,1.0
6.3807386399847035,1.0
6.3807386399847035,1.0
6.3807386399847035,1.0
6.99,6.0
4.72,2.0
6.3807386399847035,1.0
6.3807386399847035,1.0
5.29,227.0
5.15,1.0
6.3807386399847035,1.0
5.84,6.0
6.71,37.0
7.14,1.0
7.87,3.0
7.16,12.0
6.27,13.0
5.76,1.0
5.22,3.0
7.86,1.0
7.11,1.0
5.46,1.0
6.04,26.0
6.19,1.0
6.3807386399847035,2.0
6.37,1.0
4.8,1.0
4.45,1.0
7.43,13.0
6.3807386399847035,26.0
6.3807386399847035,1.0
4.75,1.0
4.63,1.0
4.57,1.0
5.44,1.0
5.51,1.0
6.78,12.0
7.46,13.0
7.46,3.0
7.33,12.0
6.3807386399847035,1.0
7.42,13.0
7.0,2.0
6.3807386399847035,2.0
6.05,1.0
6.32,5.0
5.32,2.0
4.2,1.0
5.72,2.0
6.3807386399847035,3.0
6.3807386399847035,26.0
5.37,1.0
6.3807386399847035,52.0
6.3807386399847035,2.0
5.59,1.0
5.84,1.0
6.35,1.0
5.88,1.0
5.45,1.0
8.18,1.0
7.71,1.0
6.3807386399847035,1.0
6.3807386399847035,1.0
6.3807386399847035,2.0
6.3807386399847035,26.0
6.09,1.0
6.24,6.0
5.49,1.0
6.3,2.0
7.15,2.0
8.04,2.0
5.98,1.0
7.55,12.0
6.82,12.0
8.04,24.0
5.79,2.0
8.1,75.0
7.18,6.0
7.07,2.0
6.18,2.0
4.99,1.0
7.1,1.0
5.05,1.0
5.89,1.0
6.3807386399847035,1.0
6.3807386399847035,1.0
7.02,1.0
5.47,1.0
7.59,1.0
5.88,12.0
6.3807386399847035,1.0
6.09,12.0
6.42,25.0
6.3807386399847035,84.0
6.51,6.0
4.84,1.0
6.43,1.0
6.06,1.0
6.3807386399847035,1.0
6.11,56.0
5.5,1.0
5.54,1.0
5.85,1.0
5.75,1.0
5.73,1.0
5.59,1.0
7.09,2.0
4.79,1.0
6.57,52.0
7.65,1.0
6.67,1.0
6.33,3.0
5.53,1.0
7.35,12.0
7.57,20.0
6.3807386399847035,1.0
6.3807386399847035,12.0
6.3807386399847035,101.0
6.3807386399847035,99.0
6.3807386399847035,1.0
5.91,1.0
6.24,1.0
6.3807386399847035,1.0
6.3807386399847035,26.0
6.5,1.0
6.06,1.0
7.38,1.0
7.0,12.0
6.28,6.0
6.3807386399847035,1.0
7.04,2.0
6.3807386399847035,1.0
5.28,1.0
6.3807386399847035,2.0
6.71,64.0
6.3807386399847035,1.0
6.3807386399847035,1.0
6.3807386399847035,1.0
6.44,1.0
6.3807386399847035,195.0
6.64,1.0
6.21,2.0
6.48,1.0
6.73,5.0
7.77,13.0
7.66,1.0
7.16,13.0
5.38,2.0
8.19,1.0
4.56,1.0
6.02,7.0
5.65,1.0
5.5,1.0
6.31,12.0
6.57,214.0
7.15,1.0
7.19,10.0
5.97,2.0
6.3807386399847035,1.0
6.3807386399847035,78.0
5.12,10.0
6.3807386399847035,1.0
5.68,1.0
5.74,1.0
7.48,1.0
7.34,1.0
7.43,1.0
5.26,10.0
5.23,1.0
7.19,2.0
4.59,1.0
5.36,1.0
5.27,1.0
7.16,10.0
4.64,1.0
5.57,1.0
5.76,1.0
5.55,1.0
5.34,1.0
7.21,1.0
6.55,6.0
6.25,12.0
6.72,6.0
6.31,1.0
5.63,1.0
6.09,1.0
7.34,1.0
5.62,1.0
7.38,93.0
4.67,1.0
5.52,25.0
6.3807386399847035,52.0
3.29,12.0
7.73,25.0
6.3807386399847035,52.0
5.45,4.0
6.1,4.0
8.27,11.0
6.88,22.0
6.42,11.0
7.19,12.0
7.0,13.0
6.6,9.0
5.82,13.0
6.1,1.0
6.6,12.0
5.89,1.0
6.3807386399847035,1.0
5.15,1.0
6.3807386399847035,151.0
5.81,6.0
6.3807386399847035,26.0
6.3807386399847035,1.0
6.3807386399847035,26.0
7.12,1.0
5.5,1.0
5.34,1.0
7.75,1.0
5.41,3.0
6.3807386399847035,1.0
6.3807386399847035,39.0
6.3807386399847035,31.0
7.56,1.0
6.3807386399847035,4.0
6.3807386399847035,3.0
6.3807386399847035,1.0
5.74,1.0
5.86,1.0
5.67,1.0
5.47,1.0
6.3807386399847035,1.0
6.3807386399847035,26.0
6.3807386399847035,1.0
6.14,1.0
6.3807386399847035,1.0
6.62,2.0
6.16,1.0
6.16,2.0
6.61,1.0
6.3807386399847035,1.0
6.47,63.0
6.3807386399847035,1.0
5.14,1.0
7.78,1.0
6.94,1.0
5.88,1.0
6.09,2.0
7.0,4.0
6.05,1.0
5.82,2.0
7.36,1.0
8.59,25.0
7.16,1.0
7.54,1.0
7.63,7.0
6.3807386399847035,26.0
6.37,13.0
6.27,1.0
6.3807386399847035,24.0
7.05,2.0
7.71,10.0
6.3807386399847035,1.0
6.3807386399847035,1.0
5.85,1.0
6.3807386399847035,1.0
6.0,1.0
6.3807386399847035,1.0
4.96,2.0
6.3807386399847035,1.0
6.3807386399847035,1.0
6.3807386399847035,1.0
5.17,32.0
7.17,1.0
5.97,12.0
6.16,1.0
7.64,12.0
6.39,1.0
6.3807386399847035,2.0
6.47,3.0
4.96,2.0
8.08,12.0
6.3807386399847035,2.0
6.38,49.0
6.71,36.0
6.3807386399847035,26.0
6.71,14.0
5.97,29.0
6.47,13.0
5.44,10.0
6.67,13.0
6.3,1.0
6.83,1.0
5.71,51.0
6.3807386399847035,47.0
6.18,104.0
6.62,21.0
5.98,1.0
6.3807386399847035,1.0
6.67,4.0
6.3807386399847035,1.0
6.3807386399847035,11.0
6.3807386399847035,21.0
6.3807386399847035,1.0
6.3807386399847035,1.0
6.3807386399847035,1.0
6.3807386399847035,1.0
6.69,12.0
5.62,1.0
5.2,1.0
5.37,6.0
6.3807386399847035,1.0
6.3807386399847035,1.0
4.98,5.0
6.25,26.0
7.28,1.0
6.32,2.0
6.3807386399847035,1.0
5.82,48.0
5.93,46.0
6.3807386399847035,12.0
5.66,1.0
6.15,2.0
5.31,1.0
6.3807386399847035,14.0
6.3807386399847035,1.0
6.3807386399847035,52.0
6.3807386399847035,105.0
6.3807386399847035,52.0
6.3807386399847035,132.0
6.3807386399847035,53.0
6.3807386399847035,26.0
6.3807386399847035,26.0
6.3807386399847035,162.0
6.3807386399847035,90.0
6.3807386399847035,110.0
6.3807386399847035,156.0
6.3807386399847035,1.0
6.3807386399847035,100.0
6.55,1.0
6.3807386399847035,26.0
6.3807386399847035,240.0
6.3807386399847035,26.0
7.51,12.0
6.37,13.0
7.07,1.0
6.96,1.0
6.86,1.0
6.96,12.0
6.17,12.0
7.88,13.0
6.01,164.0
6.3807386399847035,283.0
6.3807386399847035,39.0
6.3807386399847035,46.0
6.3807386399847035,20.0
6.3807386399847035,15.0
6.3807386399847035,5.0
6.3807386399847035,1.0
6.3807386399847035,2.0
6.3807386399847035,1.0
6.3807386399847035,1.0
5.7,1.0
6.3807386399847035,17.0
5.49,773.0
6.3807386399847035,130.0
6.3807386399847035,21.0
6.3807386399847035,59.0
6.74,1.0
6.3807386399847035,1.0
5.5,1.0
6.3807386399847035,50.0
4.69,1.0
6.46,1.0
7.73,4.0
6.3807386399847035,26.0
6.1,1.0
4.89,1.0
6.3807386399847035,46.0
6.37,1.0
6.24,1.0
5.95,1.0
6.3807386399847035,77.0
6.3807386399847035,25.0
6.3807386399847035,1.0
5.99,1.0
7.37,1.0
6.3807386399847035,20.0
5.94,1.0
6.3807386399847035,1.0
6.3807386399847035,1.0
6.3807386399847035,51.0
6.3807386399847035,60.0
6.29,1.0
6.3807386399847035,16.0
6.3807386399847035,25.0
6.3807386399847035,1.0
6.3807386399847035,199.0
5.06,7.0
6.56,12.0
5.45,10.0
5.82,6.0
6.12,2.0
7.26,1.0
6.13,1.0
7.86,1.0
7.14,1.0
6.73,1.0
6.35,1.0
6.3807386399847035,1.0
4.6,4.0
6.51,1.0
6.87,1.0
7.77,13.0
6.48,1.0
6.97,1.0
6.3807386399847035,1.0
7.2,10.0
5.86,1.0
6.31,1.0
6.3807386399847035,1.0
6.73,12.0
7.22,1.0
6.3807386399847035,3.0
6.88,1.0
7.95,12.0
7.22,10.0
7.69,8.0
5.74,1.0
6.48,12.0
6.1,13.0
7.38,12.0
6.62,1.0
6.78,1.0
5.4,3.0
6.07,12.0
5.36,13.0
5.16,5.0
8.44,25.0
5.46,1.0
6.46,1.0
6.3807386399847035,7.0
6.65,1.0
7.03,2.0
8.33,1.0
6.32,1.0
5.64,1.0
7.29,1.0
6.89,1.0
7.26,12.0
6.3807386399847035,1.0
5.4,3.0
4.65,1.0
7.35,12.0
5.22,1.0
6.51,2.0
5.01,1.0
6.61,1.0
6.85,1.0
6.3807386399847035,26.0
6.47,3.0
7.72,2.0
7.41,26.0
7.09,13.0
6.3807386399847035,1.0
6.3807386399847035,1.0
7.2,2.0
4.12,1.0
7.77,1.0
5.69,10.0
6.86,2.0
7.69,13.0
6.73,2.0
7.22,12.0
5.99,1.0
5.49,1.0
5.28,1.0
6.54,1.0
5.57,8.0
7.17,1.0
6.78,1.0
8.1,24.0
7.24,1.0
6.34,1.0
6.89,7.0
5.48,1.0
5.41,1.0
6.34,1.0
6.33,12.0
7.16,1.0
6.84,26.0
5.36,1.0
4.29,4.0
5.8,1.0
5.85,1.0
6.3807386399847035,1.0
6.35,1.0
6.88,1.0
6.41,12.0
7.05,12.0
5.72,3.0
7.39,1.0
6.5,6.0
6.47,2.0
6.14,1.0
6.93,1.0
5.67,6.0
5.76,51.0
6.3807386399847035,26.0
6.3807386399847035,1.0
5.64,1.0
6.54,1.0
7.3,1.0
6.43,12.0
6.3807386399847035,1.0
7.24,12.0
6.14,1.0
6.3807386399847035,10.0
5.56,1.0
6.38,1.0
6.42,1.0
5.97,12.0
7.04,1.0
7.18,74.0
7.3,1.0
6.13,3.0
5.6,1.0
7.0,12.0
5.4,1.0
7.12,3.0
6.3807386399847035,1.0
6.3807386399847035,1.0
6.41,1.0
7.19,10.0
5.16,1.0
6.12,1.0
5.5,1.0
6.3807386399847035,1.0
5.98,1.0
6.43,12.0
6.64,24.0
4.22,1.0
7.8,25.0
7.17,1.0
6.84,51.0
6.47,2.0
5.03,4.0
6.76,1.0
6.55,5.0
6.15,1.0
5.62,4.0
7.49,12.0
6.3807386399847035,53.0
6.3807386399847035,7.0
6.3807386399847035,1.0
6.29,1.0
6.06,1.0
6.3807386399847035,1.0
5.16,1.0
6.79,15.0
7.53,12.0
8.54,1.0
6.43,1.0
4.8,6.0
7.71,1.0
6.79,3.0
6.54,12.0
6.65,2.0
6.46,6.0
6.49,1.0
7.35,1.0
7.67,12.0
6.86,49.0
6.86,1.0
6.71,6.0
8.07,1.0
5.74,26.0
5.92,13.0
6.86,13.0
6.3807386399847035,13.0
7.56,24.0
7.12,13.0
7.01,13.0
6.3807386399847035,12.0
6.57,1.0
6.3807386399847035,1.0
8.09,1.0
5.51,1.0
7.61,1.0
6.3807386399847035,1.0
6.01,7.0
6.3807386399847035,27.0
6.3807386399847035,26.0
6.22,30.0
5.6,1.0
6.3807386399847035,13.0
6.04,1.0
6.35,2.0
6.55,1.0
5.88,12.0
6.3807386399847035,8.0
6.83,12.0
6.03,2.0
6.3807386399847035,1.0
7.13,2.0
5.8,39.0
6.3807386399847035,1.0
6.3807386399847035,52.0
6.69,13.0
6.3807386399847035,2.0
6.3807386399847035,6.0
6.3807386399847035,13.0
6.3807386399847035,1.0
6.3807386399847035,53.0
8.05,1.0
7.13,11.0
7.01,12.0
6.48,1.0
6.29,1.0
7.44,13.0
6.22,4.0
6.02,3.0
5.62,1.0
6.21,1.0
6.67,2.0
6.33,1.0
7.03,12.0
5.0,1.0
7.23,1.0
6.7,148.0
5.51,1.0
7.92,1.0
5.99,1.0
6.86,1.0
7.68,2.0
5.9,1.0
7.64,1.0
6.87,23.0
6.4,25.0
6.39,1.0
7.32,12.0
6.45,1.0
6.61,1.0
6.27,1.0
6.4,1.0
4.74,1.0
5.75,13.0
5.55,1.0
5.17,1.0
6.73,33.0
7.43,1.0
7.48,12.0
5.38,1.0
6.97,2.0
7.59,10.0
6.3807386399847035,1.0
6.3807386399847035,1.0
5.27,1.0
5.68,3.0
5.77,3.0
5.73,2.0
6.81,1.0
7.18,6.0
6.13,12.0
5.68,12.0
7.35,1.0
4.68,1.0
4.84,1.0
6.62,52.0
7.62,12.0
6.73,12.0
7.03,12.0
6.94,1.0
7.93,5.0
6.29,1.0
7.1,12.0
7.77,1.0
6.3807386399847035,1.0
5.2,1.0
7.77,12.0
6.57,1.0
6.7,24.0
4.97,1.0
8.43,2.0
6.3807386399847035,3.0
7.05,2.0
6.3807386399847035,1.0
6.3807386399847035,1.0
5.95,1.0
8.7,10.0
6.3807386399847035,1.0
6.3807386399847035,1.0
6.3807386399847035,1.0
6.3807386399847035,1.0
6.3807386399847035,1.0
6.3807386399847035,1.0
6.3807386399847035,1.0
6.3807386399847035,1.0
6.3807386399847035,1.0
6.3807386399847035,1.0
6.3807386399847035,1.0
6.3807386399847035,1.0
6.54,1.0
6.3807386399847035,1.0
6.3807386399847035,2.0
6.3807386399847035,2.0
6.3807386399847035,12.0
7.64,12.0
5.69,51.0
5.65,51.0
6.69,26.0
5.67,1.0
6.3807386399847035,1.0
6.3807386399847035,1.0
6.67,1.0
7.65,102.0
6.47,1.0
6.36,10.0
6.06,2.0
6.86,1.0
5.08,1.0
6.3807386399847035,52.0
7.47,1.0
7.05,1.0
6.02,1.0
5.47,1.0
7.8,5.0
5.91,51.0
7.6,12.0
6.3807386399847035,1.0
6.13,4.0
6.78,1.0
6.32,3.0
6.52,12.0
7.6,1.0
6.3807386399847035,1.0
8.62,11.0
5.67,1.0
8.07,10.0
7.46,13.0
3.61,1.0
4.39,1.0
3.14,1.0
4.59,1.0
4.44,1.0
5.02,1.0
3.05,1.0
4.62,1.0
3.4,1.0
4.7,1.0
2.91,1.0
2.37,1.0
4.13,1.0
6.88,12.0
6.3807386399847035,1.0
7.47,24.0
5.28,1.0
6.43,11.0
6.3807386399847035,26.0
5.54,1274.0
5.56,12.0
6.09,1.0
5.44,1.0
5.58,1.0
6.3807386399847035,60.0
6.4,1.0
3.6,1.0
7.62,13.0
6.3807386399847035,1.0
7.22,12.0
6.3807386399847035,1.0
6.3807386399847035,3.0
5.5,1.0
5.62,1.0
8.19,12.0
6.3807386399847035,13.0
7.79,12.0
6.3807386399847035,20.0
6.3807386399847035,1.0
5.34,1.0
6.46,2.0
5.43,12.0
6.84,2.0
7.07,26.0
6.23,1.0
3.46,5.0
5.97,10.0
4.55,1.0
6.3807386399847035,1.0
5.71,1.0
5.47,1.0
6.3807386399847035,1.0
4.39,1.0
4.66,1.0
6.76,1.0
6.3807386399847035,7.0
4.86,1.0
7.4,1.0
7.25,12.0
6.03,1.0
5.88,13.0
6.01,27.0
6.08,1.0
5.86,1.0
5.81,1.0
5.87,1.0
5.51,1.0
5.66,1.0
5.8,1.0
6.3807386399847035,1.0
5.8,1.0
6.3807386399847035,48.0
5.27,1.0
5.34,1.0
5.2,1.0
5.23,1.0
5.72,1.0
5.85,1.0
5.86,1.0
5.61,1.0
5.85,1.0
5.9,1.0
5.88,1.0
5.85,1.0
5.51,1.0
5.77,1.0
5.6,1.0
6.3807386399847035,1.0
6.3807386399847035,10.0
8.28,4.0
6.3807386399847035,40.0
5.59,1.0
6.68,1.0
6.3807386399847035,6.0
8.34,24.0
6.5,13.0
5.38,12.0
6.77,1.0
6.05,13.0
5.41,6.0
5.6,1.0
5.56,1.0
5.49,1.0
5.38,1.0
5.42,1.0
5.78,1.0
5.48,1.0
6.3807386399847035,1.0
7.57,1.0
6.3807386399847035,24.0
5.81,1.0
5.32,12.0
6.3807386399847035,12.0
6.3807386399847035,12.0
5.65,1.0
5.59,1.0
5.27,1.0
5.25,1.0
5.5,1.0
5.59,1.0
6.3807386399847035,1.0
6.3807386399847035,1.0
6.3807386399847035,1.0
5.5,1.0
6.3807386399847035,1.0
6.3807386399847035,1.0
6.3807386399847035,1.0
6.3807386399847035,10.0
6.3807386399847035,2.0
6.3807386399847035,4.0
6.3807386399847035,1.0
6.3807386399847035,1.0
6.3807386399847035,1.0
6.3807386399847035,1.0
6.3807386399847035,1.0
6.3807386399847035,1.0
6.3807386399847035,1.0
6.3807386399847035,6.0
6.3807386399847035,1.0
6.31,4.0
6.3807386399847035,5.0
6.46,3.0
6.78,12.0
5.6,5.0
7.71,9.0
5.22,5.0
6.95,1.0
6.3807386399847035,3.0
7.0,13.0
7.15,2.0
7.47,52.0
6.54,1.0
6.5,1.0
6.3807386399847035,19.0
6.3807386399847035,1.0
7.39,12.0
6.15,51.0
5.86,51.0
6.46,1.0
6.3807386399847035,12.0
5.4,8.0
6.8,1.0
7.46,1.0
7.68,61.0
6.2,10.0
8.38,12.0
6.3807386399847035,1.0
5.95,2.0
7.52,25.0
7.5,1.0
6.3807386399847035,38.0
6.21,1.0
6.04,23.0
5.9,13.0
7.33,1.0
5.09,1.0
6.3807386399847035,24.0
6.07,1.0
5.49,12.0
6.3807386399847035,1.0
7.18,1.0
7.13,12.0
6.69,12.0
6.3807386399847035,1.0
6.3807386399847035,13.0
6.3,1.0
5.52,1.0
4.94,3.0
5.43,24.0
6.3807386399847035,1.0
7.9,1.0
6.3807386399847035,1.0
5.72,1.0
5.88,1.0
6.3807386399847035,1.0
6.3807386399847035,1.0
5.6,2.0
5.6,1.0
6.3807386399847035,1.0
6.3807386399847035,1.0
6.3807386399847035,1.0
6.3807386399847035,25.0
6.3807386399847035,5.0
6.3807386399847035,365.0
6.3807386399847035,1.0
6.3807386399847035,1.0
6.3807386399847035,1.0
6.3807386399847035,1.0
6.3807386399847035,156.0
6.3807386399847035,26.0
6.3807386399847035,26.0
4.85,1.0
5.69,1.0
6.3807386399847035,1.0
6.71,1.0
6.02,12.0
7.05,1.0
6.79,2.0
4.15,1.0
4.78,1.0
3.97,1.0
3.87,1.0
4.43,1.0
5.49,1.0
4.41,1.0
4.65,1.0
6.34,52.0
5.42,13.0
7.06,1.0
6.3807386399847035,1.0
5.05,1.0
6.3807386399847035,1.0
5.99,1.0
6.01,1.0
6.02,50.0
6.71,1.0
6.46,13.0
6.3807386399847035,1.0
5.59,1.0
6.57,24.0
7.51,140.0
6.58,4.0
5.56,12.0
6.05,13.0
7.11,3.0
5.39,1.0
4.97,1.0
6.19,1.0
6.3807386399847035,1.0
6.3807386399847035,1.0
6.3807386399847035,1.0
6.3807386399847035,1.0
5.77,1.0
6.3807386399847035,1.0
7.98,12.0
6.85,12.0
6.76,13.0
5.88,13.0
7.85,1.0
7.13,1.0
5.36,13.0
6.71,12.0
7.13,7.0
6.3807386399847035,1.0
6.8,1.0
7.71,1.0
7.56,12.0
5.85,26.0
4.75,1.0
5.04,1.0
7.5,12.0
8.65,22.0
7.48,12.0
7.12,1.0
7.4,11.0
8.1,11.0
6.97,1.0
7.83,12.0
7.81,1.0
6.51,1.0
7.41,4.0
5.89,1.0
6.52,1.0
6.39,12.0
7.35,24.0
5.44,33.0
6.3807386399847035,1.0
8.06,2.0
7.35,2.0
7.57,25.0
6.48,24.0
8.26,13.0
6.05,12.0
6.27,6.0
5.77,1.0
5.41,1.0
6.3807386399847035,260.0
5.5,1565.0
5.78,25.0
6.3807386399847035,1.0
7.07,1.0
6.97,2.0
6.4,1.0
5.95,1.0
6.22,6.0
6.67,1.0
5.15,10.0
7.32,1.0
7.63,1.0
4.81,4.0
6.57,73.0
4.5,1.0
6.71,3.0
6.3807386399847035,2.0
5.69,49.0
7.35,12.0
5.87,3.0
6.85,11.0
6.44,1.0
6.2,12.0
6.53,1.0
7.38,1.0
7.17,1.0
6.72,1.0
5.88,1.0
6.35,1.0
7.14,1.0
6.1,1.0
6.73,6.0
6.35,3.0
5.46,32.0
5.08,1.0
4.09,1.0
6.42,2.0
6.3807386399847035,1.0
6.3807386399847035,1.0
5.95,12.0
6.3807386399847035,52.0
6.3807386399847035,1.0
6.3807386399847035,1.0
6.23,8.0
6.21,2.0
6.15,2.0
6.02,2.0
7.16,13.0
6.3807386399847035,1.0
5.44,1.0
5.53,1.0
6.6,26.0
6.3807386399847035,22.0
6.3807386399847035,3.0
6.3807386399847035,1.0
6.3807386399847035,1.0
6.09,1.0
6.3807386399847035,1.0
7.05,1.0
5.7,1.0
8.18,12.0
6.52,13.0
6.3807386399847035,1.0
6.3807386399847035,1.0
6.3807386399847035,1.0
5.33,1.0
6.3807386399847035,1.0
5.48,1.0
6.3807386399847035,1.0
6.08,1.0
6.3807386399847035,1.0
6.1,1.0
5.69,1.0
6.81,1.0
7.04,12.0
6.3807386399847035,1.0
4.83,5.0
5.44,1.0
6.4,7.0
6.3807386399847035,2.0
7.44,1.0
7.34,1.0
6.3807386399847035,1.0
6.3807386399847035,1.0
6.17,1.0
6.3807386399847035,1.0
6.45,1.0
6.3807386399847035,26.0
6.3807386399847035,2.0
7.31,3.0
6.3807386399847035,1.0
6.3807386399847035,1.0
6.3807386399847035,1.0
6.12,6.0
6.3807386399847035,51.0
6.3807386399847035,2.0
6.03,2.0
5.56,2.0
7.67,24.0
5.04,1.0
5.76,3.0
5.92,1.0
5.5,2.0
6.3807386399847035,2.0
6.3807386399847035,2.0
7.74,1.0
7.85,1.0
6.3807386399847035,1.0
5.77,7.0
6.48,13.0
6.3807386399847035,50.0
6.3807386399847035,1.0
6.3807386399847035,1.0
6.3807386399847035,1.0
5.64,1.0
6.3807386399847035,24.0
6.12,4.0
5.5,1.0
5.65,1.0
8.21,13.0
6.73,1.0
6.3807386399847035,2.0
6.3807386399847035,78.0
6.3807386399847035,1.0
6.3807386399847035,1.0
6.3807386399847035,1.0
6.3807386399847035,1.0
6.3807386399847035,1.0
6.51,1.0
4.07,1.0
6.3807386399847035,8.0
6.3807386399847035,1.0
6.3807386399847035,3.0
5.49,1.0
6.33,20.0
6.3807386399847035,3.0
6.15,22.0
5.53,1.0
4.78,1.0
6.3807386399847035,2.0
5.85,52.0
5.38,1.0
6.66,1.0
4.67,1.0
4.95,1.0
6.26,1.0
6.83,12.0
6.3807386399847035,3.0
6.3807386399847035,1.0
6.3807386399847035,1.0
6.3807386399847035,71.0
5.87,1.0
6.3807386399847035,1.0
5.9,1.0
6.11,3.0
7.17,1.0
6.22,5.0
6.76,1.0
5.49,12.0
6.3807386399847035,1.0
6.62,1.0
7.25,4.0
7.19,12.0
7.35,12.0
6.3807386399847035,10.0
6.3807386399847035,1.0
5.67,1.0
4.82,1.0
5.28,1.0
5.15,1.0
6.13,1.0
6.3807386399847035,1.0
6.62,12.0
6.3807386399847035,2.0
5.48,3.0
5.78,1.0
5.96,2.0
5.82,1.0
6.3807386399847035,26.0
5.56,2.0
5.76,1.0
6.82,12.0
7.54,10.0
5.55,1.0
7.58,2.0
6.3807386399847035,2.0
6.92,1.0
7.01,3.0
6.37,3.0
6.27,1.0
5.41,1.0
5.53,1.0
5.59,1.0
5.7,1.0
6.96,13.0
7.36,3.0
7.17,10.0
5.44,2.0
6.3807386399847035,1.0
4.66,3.0
6.99,1.0
6.3807386399847035,1.0
6.67,1.0
6.31,2.0
5.88,4.0
8.07,24.0
5.47,1.0
6.51,2.0
5.44,1.0
5.95,2.0
6.95,1.0
6.3807386399847035,2.0
6.36,1.0
5.07,1.0
7.44,2.0
6.63,1.0
5.97,1.0
6.87,2.0
6.3807386399847035,3.0
7.58,73.0
8.3,25.0
6.01,25.0
7.18,1.0
5.41,6.0
7.6,12.0
6.3807386399847035,1.0
5.05,1.0
6.3807386399847035,1.0
6.7,1.0
6.44,1.0
7.12,13.0
6.83,5.0
7.36,1.0
6.3807386399847035,42.0
7.29,2.0
7.85,4.0
7.17,6.0
6.3807386399847035,3.0
6.3807386399847035,5.0
6.06,1.0
6.03,3.0
7.6,1.0
6.3807386399847035,1.0
6.3807386399847035,1.0
6.3807386399847035,1.0
6.3807386399847035,1.0
6.94,1.0
5.83,1.0
6.14,2.0
7.2,25.0
7.41,2.0
6.79,12.0
5.08,1.0
5.54,1.0
7.38,1.0
5.99,2.0
5.94,2.0
7.33,1.0
6.3807386399847035,115.0
6.3807386399847035,1.0
5.84,1.0
5.77,1.0
6.03,2.0
6.3807386399847035,2.0
6.3807386399847035,1.0
8.43,1.0
6.59,1.0
6.14,50.0
8.73,10.0
7.42,12.0
6.43,12.0
6.2,1.0
5.38,1.0
7.03,1.0
5.47,2.0
6.53,2.0
6.51,1.0
6.28,3.0
7.62,12.0
7.29,3.0
4.25,1.0
4.77,1.0
5.58,1.0
6.3807386399847035,4.0
5.65,26.0
6.3807386399847035,2.0
6.3807386399847035,7.0
6.3807386399847035,1.0
4.52,1.0
6.3807386399847035,11.0
4.72,1.0
5.71,3.0
6.3807386399847035,1.0
6.8,12.0
6.67,1.0
8.09,22.0
6.17,13.0
6.3807386399847035,7.0
4.78,1.0
6.3807386399847035,124.0
4.77,1.0
6.31,1.0
6.51,1.0
5.92,12.0
6.3807386399847035,1.0
6.3807386399847035,6.0
5.13,1.0
6.3807386399847035,1.0
5.34,1.0
6.18,12.0
6.3807386399847035,52.0
5.96,1.0
6.3807386399847035,1.0
5.85,1.0
7.72,12.0
4.69,1.0
5.0,1.0
4.77,1.0
6.93,13.0
6.85,1.0
7.64,1.0
7.4,1.0
7.83,1.0
6.3807386399847035,1.0
6.3807386399847035,1.0
6.34,1.0
6.58,1.0
6.3807386399847035,8.0
7.13,14.0
5.67,10.0
6.3807386399847035,1.0
5.86,6.0
6.68,1.0
5.39,20.0
6.76,6.0
5.63,1.0
7.92,1.0
5.04,1.0
6.81,5.0
8.03,24.0
7.71,1.0
5.93,1.0
5.85,1.0
5.98,1.0
6.3807386399847035,1.0
6.78,12.0
4.76,3.0
6.3807386399847035,1.0
6.04,1.0
6.16,1.0
6.3807386399847035,1.0
6.3807386399847035,40.0
6.3807386399847035,1.0
6.3807386399847035,30.0
6.16,1.0
6.18,2.0
6.3807386399847035,2.0
6.3807386399847035,2.0
6.3807386399847035,2.0
5.95,1.0
6.23,2.0
6.3807386399847035,2.0
6.18,2.0
6.3807386399847035,2.0
6.45,2.0
6.3807386399847035,2.0
6.3807386399847035,1.0
6.3807386399847035,1.0
6.3807386399847035,3.0
6.69,12.0
6.3807386399847035,2.0
5.08,1.0
6.3807386399847035,2.0
5.98,1.0
6.52,6.0
6.3807386399847035,22.0
6.82,1.0
5.98,1.0
7.06,12.0
7.06,12.0
7.86,1.0
6.11,1.0
5.38,1.0
7.41,12.0
6.3807386399847035,1.0
6.51,24.0
6.3807386399847035,3.0
5.85,5.0
6.33,1.0
4.97,1.0
4.84,1.0
5.43,1.0
6.32,12.0
6.61,6.0
4.42,1.0
5.24,4.0
6.3807386399847035,1.0
6.3807386399847035,1.0
7.71,1.0
6.3807386399847035,1.0
8.12,1.0
6.3807386399847035,1.0
7.59,3.0
7.57,4.0
5.16,3.0
6.23,1.0
6.84,1.0
4.82,1.0
7.02,1.0
7.04,1.0
4.76,1.0
6.43,12.0
5.98,10.0
5.92,8.0
6.51,2.0
5.58,1.0
5.67,1.0
6.27,1.0
5.24,1.0
6.3807386399847035,5.0
4.82,1.0
6.18,1.0
6.3807386399847035,26.0
7.86,24.0
7.38,12.0
4.64,1.0
8.17,1.0
6.07,1.0
5.96,1.0
5.25,1.0
6.3807386399847035,1.0
5.16,1.0
6.05,1.0
6.3807386399847035,13.0
5.14,3.0
6.3807386399847035,3.0
6.3807386399847035,1.0
6.3807386399847035,2.0
6.3807386399847035,1.0
6.3807386399847035,10.0
6.3807386399847035,15.0
6.3807386399847035,10.0
6.3807386399847035,1.0
6.3807386399847035,10.0
6.3807386399847035,1.0
6.3807386399847035,1.0
6.3807386399847035,2.0
6.3807386399847035,1.0
6.3807386399847035,1.0
6.08,2.0
5.7,1.0
6.15,1.0
7.26,6.0
7.62,12.0
6.26,2.0
7.12,1.0
6.14,1.0
8.21,12.0
7.44,1.0
6.64,2.0
6.27,26.0
6.88,1.0
7.62,1.0
7.39,25.0
5.94,2.0
7.36,1.0
8.5,12.0
8.41,2.0
7.56,2.0
6.57,1.0
6.3807386399847035,14.0
6.3807386399847035,4.0
5.84,1.0
8.28,24.0
6.09,24.0
6.74,1.0
6.75,13.0
6.44,1.0
6.59,12.0
5.77,16.0
5.42,1.0
6.1,10.0
6.47,2.0
7.96,13.0
5.64,1.0
5.61,1.0
6.71,3.0
6.66,1.0
5.92,1.0
6.3807386399847035,1.0
6.88,1.0
6.73,12.0
6.3807386399847035,2.0
5.66,2.0
5.45,1.0
5.68,52.0
5.65,52.0
4.82,1.0
5.2,1.0
5.31,1.0
5.39,1.0
5.23,1.0
4.94,2.0
4.82,1.0
6.3807386399847035,3.0
4.74,1.0
6.3807386399847035,1.0
5.31,1.0
6.0,12.0
4.85,1.0
5.22,1.0
5.37,1.0
5.55,2.0
5.24,1.0
5.81,8.0
6.58,1.0
7.44,1.0
4.81,2.0
6.3807386399847035,1.0
5.19,1.0
6.3807386399847035,1.0
6.19,1.0
8.44,24.0
6.97,1.0
6.2,1.0
6.48,3.0
5.55,2.0
5.17,1.0
5.78,12.0
6.3807386399847035,15.0
6.3807386399847035,5.0
6.3807386399847035,1.0
6.3807386399847035,1.0
6.3807386399847035,1.0
6.3807386399847035,1.0
6.3807386399847035,1.0
6.3807386399847035,1.0
6.3807386399847035,1.0
6.3807386399847035,1.0
6.3807386399847035,1.0
6.3807386399847035,1.0
6.56,1.0
6.3807386399847035,1.0
6.3807386399847035,1.0
5.92,1.0
6.3807386399847035,1.0
7.86,10.0
6.3807386399847035,1.0
6.3807386399847035,1.0
6.3807386399847035,1.0
6.3807386399847035,1.0
6.3807386399847035,1.0
6.3807386399847035,1.0
6.3807386399847035,1.0
6.3807386399847035,1.0
6.19,1.0
6.3807386399847035,1.0
6.3807386399847035,1.0
6.3807386399847035,1.0
6.3807386399847035,1.0
6.3807386399847035,1.0
6.3807386399847035,26.0
7.04,12.0
6.52,2.0
6.18,2.0
6.3807386399847035,1.0
6.3807386399847035,7.0
6.3807386399847035,1.0
7.89,1.0
6.3807386399847035,1.0
6.3807386399847035,1.0
6.3807386399847035,1.0
6.3807386399847035,1.0
6.3807386399847035,1.0
6.3807386399847035,1.0
6.3807386399847035,1.0
6.3807386399847035,1.0
6.3807386399847035,1.0
6.3807386399847035,1.0
6.3807386399847035,1.0
6.3807386399847035,1.0
6.3807386399847035,1.0
6.3807386399847035,1.0
7.49,12.0
6.3807386399847035,1.0
6.3807386399847035,1.0
6.3807386399847035,1.0
6.3807386399847035,1.0
6.3807386399847035,1.0
6.3807386399847035,1.0
6.3807386399847035,1.0
6.3807386399847035,1.0
6.3807386399847035,1.0
6.3807386399847035,1.0
6.3807386399847035,1.0
6.3807386399847035,1.0
6.3807386399847035,1.0
6.3807386399847035,1.0
6.3807386399847035,1.0
6.3807386399847035,1.0
5.44,1.0
6.3807386399847035,1.0
6.3807386399847035,1.0
6.3807386399847035,1.0
6.3807386399847035,1.0
6.3807386399847035,1.0
6.3807386399847035,1.0
6.3807386399847035,1.0
6.3807386399847035,1.0
6.3807386399847035,1.0
6.3807386399847035,1.0
6.3807386399847035,1.0
5.8,1.0
6.3807386399847035,1.0
6.3807386399847035,1.0
6.3807386399847035,1.0
6.3807386399847035,1.0
6.3807386399847035,1.0
6.3807386399847035,1.0
6.3807386399847035,1.0
6.3807386399847035,1.0
6.3807386399847035,1.0
6.3807386399847035,1.0
6.3807386399847035,1.0
6.3807386399847035,1.0
6.3807386399847035,1.0
6.3807386399847035,1.0
6.3807386399847035,1.0
6.3807386399847035,1.0
6.3807386399847035,6.0
6.3807386399847035,1.0
6.3807386399847035,1.0
6.3807386399847035,1.0
5.09,4.0
7.29,13.0
6.72,16.0
6.5,1.0
6.66,12.0
7.12,12.0
6.32,10.0
5.63,1.0
6.73,1.0
6.91,50.0
6.67,2.0
6.3807386399847035,100.0
6.3807386399847035,1.0
6.3807386399847035,12.0
6.3807386399847035,1.0
6.3807386399847035,1.0
6.3807386399847035,1.0
6.25,1.0
6.3807386399847035,1.0
6.3807386399847035,28.0
6.3807386399847035,9.0
5.87,2.0
7.43,1.0
6.79,2.0
5.71,1.0
6.77,1.0
5.16,1.0
7.04,12.0
5.65,52.0
5.51,14.0
5.56,52.0
5.43,26.0
5.58,26.0
6.3807386399847035,13.0
5.51,1.0
5.53,1.0
5.46,6.0
6.3807386399847035,1.0
6.3807386399847035,1.0
6.3807386399847035,1.0
6.3807386399847035,1.0
6.3807386399847035,1.0
5.73,11.0
6.77,1.0
5.53,12.0
6.3807386399847035,61.0
7.17,10.0
6.85,3.0
6.3807386399847035,48.0
6.3807386399847035,4.0
6.3807386399847035,1.0
6.3807386399847035,1.0
7.01,2.0
5.97,1.0
6.3807386399847035,1.0
5.4,1.0
6.3807386399847035,1.0
6.3807386399847035,1.0
6.3807386399847035,1.0
5.28,26.0
7.45,1.0
6.7,2.0
5.88,3.0
5.86,6.0
5.81,14.0
6.44,12.0
7.2,13.0
7.71,6.0
5.96,1.0
7.07,1.0
6.92,12.0
8.01,25.0
5.68,1.0
6.3807386399847035,13.0
6.3807386399847035,1.0
5.08,10.0
6.18,77.0
6.51,1.0
6.54,26.0
6.3807386399847035,26.0
6.83,12.0
6.66,51.0
6.47,13.0
6.03,1.0
5.54,13.0
7.91,13.0
5.74,12.0
5.27,13.0
7.35,12.0
5.85,1.0
5.63,1.0
5.96,26.0
6.5,48.0
8.04,1.0
7.16,1.0
7.25,24.0
7.97,12.0
8.06,12.0
6.3807386399847035,1.0
6.3807386399847035,1.0
6.3807386399847035,2.0
6.3807386399847035,3.0
6.3807386399847035,4.0
6.3807386399847035,1.0
6.3807386399847035,4.0
6.3807386399847035,1.0
6.3807386399847035,1.0
6.3807386399847035,1.0
6.65,13.0
6.44,2.0
6.22,2.0
6.85,2.0
6.65,1.0
7.02,12.0
6.48,3.0
6.38,1.0
6.56,20.0
6.3807386399847035,1.0
6.3807386399847035,1.0
5.37,12.0
6.69,1.0
6.3807386399847035,52.0
7.21,11.0
7.9,24.0
4.94,1.0
4.98,1.0
7.42,4.0
6.3807386399847035,1.0
6.3807386399847035,1.0
6.3807386399847035,24.0
6.48,1.0
7.26,1.0
8.0,13.0
7.56,13.0
6.3807386399847035,1.0
5.97,2.0
7.27,26.0
6.3807386399847035,1.0
6.3807386399847035,4.0
6.3807386399847035,2.0
6.3807386399847035,1.0
8.09,4.0
4.9,1.0
4.94,1.0
4.78,1.0
5.1,1.0
4.78,1.0
4.43,1.0
5.28,1.0
5.2,1.0
4.99,1.0
6.58,9.0
4.77,1.0
7.69,1.0
5.89,16.0
6.3807386399847035,1.0
5.5,1.0
6.0,1.0
6.3807386399847035,50.0
6.3807386399847035,31.0
6.3807386399847035,1.0
5.86,1.0
6.3807386399847035,3.0
6.3807386399847035,1.0
6.3807386399847035,1.0
5.4,1.0
6.84,2.0
6.3807386399847035,1.0
6.3807386399847035,1.0
6.3807386399847035,1.0
6.3807386399847035,1.0
6.3807386399847035,1.0
6.3807386399847035,1.0
7.55,13.0
5.51,1.0
6.3807386399847035,130.0
7.33,35.0
4.98,1.0
6.5,12.0
7.22,1.0
5.82,1.0
8.16,24.0
6.2,1.0
6.3807386399847035,6.0
4.91,1.0
6.3807386399847035,13.0
6.37,1.0
6.37,12.0
6.89,1.0
7.06,13.0
6.8,12.0
8.15,12.0
5.91,2.0
5.91,1.0
5.29,1.0
5.02,1.0
5.15,1.0
6.3807386399847035,24.0
7.66,25.0
5.73,1.0
6.71,1.0
6.3807386399847035,1.0
6.52,12.0
7.34,1.0
6.3807386399847035,1.0
7.91,24.0
7.23,1.0
4.8,1.0
6.63,1.0
6.79,1.0
6.64,2.0
4.41,1.0
4.73,1.0
6.61,1.0
6.28,1.0
5.08,1.0
6.3807386399847035,2.0
5.8,3.0
5.76,2.0
5.9,1.0
6.3807386399847035,1.0
5.63,8.0
6.3,1.0
7.16,12.0
6.65,12.0
5.3,13.0
7.43,1.0
5.07,1.0
6.89,25.0
6.3807386399847035,5.0
6.75,1.0
5.9,1.0
5.65,1.0
6.34,1.0
7.72,1.0
6.3807386399847035,1.0
6.3807386399847035,1.0
6.3807386399847035,1.0
6.3807386399847035,1.0
7.24,1.0
7.28,12.0
6.46,1.0
6.06,1.0
5.83,2.0
5.36,10.0
5.88,23.0
7.55,1.0
6.3807386399847035,1.0
6.3807386399847035,1.0
6.3807386399847035,1.0
6.3807386399847035,1.0
6.3807386399847035,1.0
6.3807386399847035,1.0
6.3807386399847035,1.0
6.3807386399847035,1.0
6.3807386399847035,1.0
6.3807386399847035,1.0
6.3807386399847035,1.0
6.3807386399847035,1.0
6.3807386399847035,1.0
6.3807386399847035,1.0
6.3807386399847035,1.0
6.3807386399847035,1.0
6.3807386399847035,1.0
6.3807386399847035,1.0
6.3807386399847035,1.0
6.3807386399847035,1.0
6.3807386399847035,1.0
6.3807386399847035,1.0
4.87,1.0
4.5,26.0
6.11,5.0
5.34,52.0
6.1,3.0
7.2,15.0
6.3807386399847035,1.0
6.91,12.0
6.58,11.0
7.25,11.0
7.27,12.0
6.85,1.0
5.55,2.0
3.71,1.0
5.04,1.0
4.39,1.0
4.26,1.0
4.18,1.0
5.35,1.0
4.95,1.0
3.52,1.0
5.6,1.0
7.8,50.0
6.36,16.0
8.15,1.0
7.55,12.0
7.19,1.0
5.24,1.0
5.09,1.0
6.3807386399847035,1.0
5.01,1.0
6.3807386399847035,1.0
5.01,1.0
8.32,13.0
6.24,1.0
6.16,1.0
5.65,1.0
6.5,1.0
7.83,1.0
5.95,6.0
8.57,13.0
6.3807386399847035,1.0
7.4,1.0
5.86,1.0
4.9,1.0
5.14,1.0
7.5,1.0
5.53,1.0
7.21,2.0
7.03,1.0
6.06,12.0
8.25,1.0
5.43,3.0
5.54,3.0
5.54,2.0
5.64,24.0
6.68,12.0
6.58,12.0
7.11,12.0
5.08,1.0
4.71,1.0
4.38,1.0
6.56,12.0
6.86,12.0
7.17,1.0
4.1,1.0
8.94,1.0
6.19,1.0
6.78,1.0
6.4,12.0
7.23,13.0
7.79,1.0
6.21,12.0
6.3807386399847035,26.0
8.63,25.0
4.81,1.0
7.69,12.0
6.27,1.0
6.13,1.0
6.22,1.0
5.64,37.0
5.62,1.0
7.62,12.0
3.28,12.0
4.45,1.0
4.96,1.0
4.75,1.0
8.59,1.0
5.67,1.0
7.05,1.0
5.9,1.0
6.3807386399847035,1.0
9.06,51.0
7.44,12.0
4.71,12.0
5.85,1.0
5.28,1.0
5.16,1.0
5.62,1.0
4.78,1.0
7.75,13.0
6.3807386399847035,13.0
6.53,13.0
6.92,1.0
6.31,6.0
4.93,1.0
7.32,13.0
4.69,1.0
7.19,2.0
6.78,1.0
6.39,39.0
6.81,18.0
7.84,1.0
7.76,10.0
6.3807386399847035,24.0
6.9,6.0
5.02,1.0
4.19,1.0
4.61,1.0
4.69,1.0
6.11,1.0
6.81,1.0
5.88,1.0
5.26,1.0
6.3807386399847035,10.0
5.28,1.0
7.04,13.0
6.26,6.0
5.1,2.0
5.09,1.0
5.1,1.0
4.74,1.0
6.3807386399847035,1.0
6.3807386399847035,26.0
6.6,1.0
6.35,1.0
5.91,1.0
5.95,1.0
5.48,1.0
6.3807386399847035,1.0
6.25,1.0
7.24,2.0
6.3807386399847035,1.0
6.3807386399847035,1.0
6.3807386399847035,1.0
6.3807386399847035,1.0
6.3807386399847035,1.0
5.76,1.0
5.75,1.0
6.21,1.0
5.04,3.0
4.32,1.0
7.07,1.0
5.72,1.0
7.23,10.0
5.0,1.0
6.3807386399847035,1.0
6.3807386399847035,2.0
5.23,1.0
5.24,1.0
6.3807386399847035,1.0
6.3807386399847035,33.0
6.3807386399847035,1.0
6.18,2.0
6.3807386399847035,1.0
6.3807386399847035,15.0
6.3807386399847035,18.0
6.3807386399847035,41.0
6.3807386399847035,4.0
5.24,1.0
6.3807386399847035,1.0
6.3807386399847035,1.0
6.3807386399847035,1.0
6.3807386399847035,10.0
6.3807386399847035,15.0
6.3807386399847035,6.0
4.69,7.0
5.06,1.0
4.54,2.0
4.79,1.0
6.3807386399847035,11.0
6.3807386399847035,3.0
6.3807386399847035,2.0
5.02,1.0
4.41,1.0
6.43,1.0
6.31,1.0
6.3807386399847035,3.0
6.3807386399847035,5.0
6.3807386399847035,7.0
6.3807386399847035,7.0
6.3807386399847035,6.0
6.3807386399847035,4.0
6.98,1.0
6.3807386399847035,2.0
5.06,1.0
5.33,1.0
4.87,1.0
5.11,1.0
4.9,1.0
6.3807386399847035,8.0
6.3807386399847035,9.0
6.3807386399847035,12.0
6.3807386399847035,3.0
5.32,1.0
5.11,1.0
6.3807386399847035,1.0
5.26,1.0
6.3807386399847035,1.0
6.3807386399847035,13.0
6.3807386399847035,48.0
6.3807386399847035,2.0
6.3807386399847035,1.0
6.3807386399847035,1.0
5.45,1.0
6.3807386399847035,1.0
6.3807386399847035,1.0
5.57,1.0
5.17,1.0
5.32,1.0
6.3807386399847035,4.0
6.2,1.0
6.95,1.0
5.33,1.0
5.92,1.0
6.3807386399847035,65.0
6.3807386399847035,26.0
6.3807386399847035,1.0
6.3807386399847035,1.0
6.3807386399847035,1.0
6.3807386399847035,1.0
6.3807386399847035,1.0
6.3807386399847035,1.0
6.3807386399847035,1.0
6.3807386399847035,1.0
5.28,1.0
4.95,1.0
5.04,1.0
4.78,1.0
6.53,1.0
7.7,4.0
7.22,1.0
5.36,1.0
5.12,1.0
6.87,24.0
4.3,1.0
6.3807386399847035,33.0
5.99,26.0
4.92,1.0
6.32,1.0
5.8,1.0
4.35,1.0
2.95,1.0
3.54,1.0
5.34,1.0
4.79,1.0
4.61,1.0
4.67,1.0
4.6,1.0
4.68,1.0
4.76,1.0
4.77,1.0
4.87,1.0
4.97,1.0
5.21,1.0
4.85,1.0
4.86,1.0
4.78,1.0
5.02,1.0
6.3807386399847035,1.0
5.27,1.0
4.95,1.0
5.07,1.0
5.12,1.0
4.89,1.0
4.68,1.0
5.32,51.0
6.57,1.0
4.95,1.0
6.38,1.0
6.47,2.0
5.79,1.0
6.3807386399847035,1.0
6.3807386399847035,1.0
5.32,1.0
6.3807386399847035,1.0
6.3807386399847035,1.0
6.3807386399847035,1.0
5.49,26.0
5.71,1.0
6.3807386399847035,1.0
6.27,24.0
5.75,1.0
6.3807386399847035,8.0
6.1,2.0
4.96,1.0
6.3807386399847035,1.0
6.3807386399847035,10.0
4.91,1.0
6.3807386399847035,26.0
6.3807386399847035,13.0
6.3807386399847035,13.0
6.3807386399847035,13.0
5.33,1.0
6.3807386399847035,60.0
6.3807386399847035,25.0
6.3807386399847035,20.0
6.3807386399847035,12.0
6.3807386399847035,8.0
6.3807386399847035,1.0
6.3807386399847035,1.0
5.08,2.0
8.0,1.0
6.15,1.0
5.47,1.0
5.74,12.0
6.3807386399847035,63.0
4.69,1.0
5.54,1.0
4.82,1.0
4.81,1.0
4.65,1.0
5.64,1.0
4.93,1.0
5.68,1.0
4.2,1.0
6.06,1.0
5.36,1.0
5.05,1.0
6.84,13.0
7.24,12.0
7.78,12.0
5.26,1.0
5.27,1.0
5.36,1.0
6.3807386399847035,1.0
5.3,1.0
6.3807386399847035,1.0
5.25,1.0
5.1,1.0
5.11,1.0
5.91,1.0
7.91,13.0
7.05,1.0
7.11,1.0
6.85,1.0
5.24,1.0
6.3807386399847035,1.0
5.3,4.0
5.18,4.0
5.01,4.0
5.6,4.0
5.4,4.0
7.76,1.0
7.81,1.0
8.11,1.0
6.3807386399847035,1.0
5.3,1.0
5.74,1.0
6.3807386399847035,2.0
6.3807386399847035,13.0
5.89,1.0
6.3807386399847035,1.0
6.3807386399847035,12.0
6.3807386399847035,12.0
6.3807386399847035,32.0
5.05,1.0
6.3807386399847035,14.0
6.16,2.0
6.79,1.0
7.57,26.0
6.62,1.0
4.84,1.0
6.3807386399847035,1.0
5.26,1.0
5.17,1.0
5.13,1.0
6.27,1.0
4.93,13.0
5.54,1.0
6.71,1.0
5.22,1.0
4.55,1.0
5.85,6.0
6.3807386399847035,1.0
4.78,1.0
6.3807386399847035,1.0
7.89,3.0
5.25,1.0
5.29,1.0
5.39,1.0
6.3807386399847035,1.0
6.3807386399847035,1.0
4.58,1.0
4.9,1.0
4.19,1.0
4.28,1.0
4.14,1.0
4.03,1.0
6.06,1.0
6.42,2.0
6.24,2.0
5.25,1.0
5.18,1.0
5.34,1.0
5.26,1.0
5.01,1.0
6.3807386399847035,1.0
5.22,1.0
6.3807386399847035,100.0
6.3807386399847035,1.0
5.06,1.0
6.57,1.0
4.97,1.0
6.3807386399847035,1.0
4.81,1.0
4.89,2.0
6.37,3.0
6.7,75.0
5.88,1.0
4.77,11.0
5.9,1.0
4.77,1.0
5.04,1.0
6.3807386399847035,1.0
6.3807386399847035,1.0
4.21,1.0
6.3807386399847035,1.0
3.9,1.0
4.92,1.0
5.26,1.0
4.03,1.0
4.9,1.0
5.05,1.0
6.3807386399847035,1.0
5.69,1.0
4.13,1.0
4.72,1.0
4.12,1.0
5.53,12.0
5.96,1.0
6.22,12.0
3.35,1.0
3.76,1.0
3.99,1.0
3.6,1.0
6.3807386399847035,1.0
6.3807386399847035,1.0
6.3807386399847035,1.0
4.61,1.0
4.29,1.0
4.58,1.0
4.92,1.0
3.81,1.0
6.26,1.0
6.3807386399847035,1.0
4.8,1.0
5.24,1.0
5.5,8.0
7.06,26.0
7.97,13.0
7.33,13.0
5.42,1.0
5.21,1.0
6.3807386399847035,1.0
6.3807386399847035,30.0
6.3807386399847035,50.0
6.3807386399847035,39.0
6.3807386399847035,4.0
6.3807386399847035,26.0
6.93,39.0
6.3807386399847035,13.0
6.3807386399847035,1.0
6.67,50.0
5.16,1.0
4.95,1.0
5.59,1.0
6.3807386399847035,13.0
6.3807386399847035,1.0
6.3807386399847035,1.0
6.3807386399847035,1.0
5.61,1.0
6.3807386399847035,1.0
6.3807386399847035,1.0
6.65,7.0
6.3807386399847035,13.0
5.84,1.0
4.96,1.0
6.3807386399847035,26.0
6.3807386399847035,1.0
6.3807386399847035,4.0
5.0,1.0
6.04,1.0
6.3807386399847035,1.0
5.38,1.0
6.3807386399847035,1.0
5.19,1.0
4.88,1.0
5.19,1.0
4.98,1.0
5.08,1.0
4.84,1.0
4.95,12.0
5.57,2.0
4.94,1.0
5.1,1.0
5.18,1.0
5.04,1.0
4.72,1.0
5.06,4.0
4.69,1.0
5.62,12.0
4.38,1.0
4.58,1.0
4.45,1.0
5.66,1.0
5.95,1.0
5.78,1.0
5.73,1.0
6.3807386399847035,1.0
6.08,1.0
6.46,1.0
4.81,1.0
5.12,1.0
5.09,1.0
6.3807386399847035,80.0
6.3807386399847035,18.0
6.3807386399847035,84.0
6.3807386399847035,34.0
6.3807386399847035,154.0
5.79,1.0
7.76,12.0
6.3807386399847035,1.0
6.3807386399847035,1.0
6.5,12.0
6.3,1.0
6.3807386399847035,13.0
6.04,1.0
5.53,1.0
6.3807386399847035,1.0
5.73,1.0
6.3807386399847035,25.0
6.3807386399847035,26.0
6.17,1.0
6.3807386399847035,13.0
5.98,1.0
6.3807386399847035,2.0
6.3807386399847035,4.0
6.3807386399847035,12.0
5.03,3.0
6.3807386399847035,5.0
5.87,1.0
6.05,52.0
4.96,1.0
6.3807386399847035,1.0
6.3807386399847035,1.0
4.76,1.0
6.3807386399847035,1.0
5.04,1.0
5.48,1.0
5.19,1.0
4.84,1.0
5.95,1.0
5.07,1.0
5.16,1.0
5.44,13.0
6.3807386399847035,1.0
6.2,1.0
6.04,2.0
7.42,12.0
7.67,1.0
5.66,1.0
6.3,4.0
5.74,1.0
6.3807386399847035,1.0
6.3807386399847035,1.0
4.8,1.0
6.3807386399847035,1.0
7.16,12.0
7.22,1.0
6.3807386399847035,1.0
6.3807386399847035,1.0
6.3807386399847035,1.0
4.6,1.0
4.62,1.0
4.12,1.0
4.64,1.0
4.08,1.0
5.48,1.0
6.42,1.0
6.3807386399847035,1.0
8.3,51.0
6.3807386399847035,26.0
5.51,1.0
6.3807386399847035,1.0
6.43,2.0
7.61,12.0
5.0,1.0
6.51,2.0
7.02,4.0
6.09,3.0
5.56,1.0
6.3807386399847035,3.0
6.49,1.0
5.28,6.0
5.89,4.0
5.93,1.0
5.69,1.0
6.3807386399847035,1.0
6.3807386399847035,1.0
6.29,2.0
8.5,12.0
5.68,1.0
7.91,12.0
6.3807386399847035,1.0
5.67,5.0
6.96,1.0
6.2,8.0
6.54,1.0
7.44,12.0
6.02,3.0
7.27,1.0
6.97,12.0
5.76,23.0
7.67,9.0
6.3807386399847035,1.0
7.24,2.0
5.4,1.0
4.49,1.0
4.64,1.0
4.34,1.0
4.38,1.0
4.92,1.0
4.42,1.0
4.14,1.0
5.07,1.0
4.5,1.0
4.96,1.0
4.37,1.0
4.37,1.0
4.36,1.0
5.18,1.0
6.3807386399847035,130.0
6.3807386399847035,1.0
7.34,12.0
8.29,1.0
7.5,2.0
6.3807386399847035,1.0
6.88,13.0
5.59,1.0
6.3807386399847035,1.0
6.3807386399847035,1.0
6.81,10.0
8.04,1.0
6.76,1.0
4.75,3.0
8.1,3.0
6.88,12.0
6.79,1.0
6.3807386399847035,1.0
6.7,1.0
6.73,1.0
5.71,26.0
6.97,13.0
6.47,13.0
6.05,12.0
5.79,13.0
5.99,8.0
5.57,1.0
4.67,1.0
5.23,1.0
4.88,1.0
4.11,1.0
4.8,1.0
4.6,1.0
4.52,1.0
4.54,1.0
4.63,1.0
4.78,1.0
4.78,1.0
4.86,1.0
6.3807386399847035,1.0
4.78,1.0
6.3807386399847035,26.0
5.91,26.0
6.3807386399847035,52.0
6.33,41.0
7.56,1.0
7.87,1.0
6.3807386399847035,26.0
4.47,1.0
7.23,1.0
5.65,2.0
4.81,1.0
5.25,1.0
4.55,1.0
5.32,1.0
4.5,1.0
5.08,1.0
4.56,1.0
5.09,1.0
6.3807386399847035,4.0
6.62,12.0
3.79,1.0
4.95,1.0
4.94,1.0
5.14,1.0
6.24,1.0
5.24,1.0
6.3807386399847035,1.0
5.86,1.0
5.67,1.0
5.7,1.0
5.98,2.0
6.28,8.0
6.3807386399847035,1.0
7.3,1.0
6.48,1.0
5.42,16.0
6.74,6.0
5.66,1.0
6.3807386399847035,38.0
5.23,1.0
4.27,1.0
6.3,1.0
6.05,1.0
8.53,23.0
6.32,12.0
5.35,1.0
5.84,12.0
8.16,13.0
6.3807386399847035,2.0
6.77,1.0
5.77,36.0
6.36,13.0
6.3807386399847035,1.0
6.27,1.0
6.75,1.0
5.25,1.0
6.12,1.0
5.94,2.0
6.82,12.0
7.26,1.0
7.61,13.0
6.3807386399847035,4.0
4.71,1.0
6.64,12.0
5.84,1.0
6.45,1.0
5.44,1.0
6.3807386399847035,1.0
6.69,1.0
6.19,1.0
5.35,1.0
6.3807386399847035,19.0
6.3807386399847035,125.0
7.22,2.0
5.63,8.0
6.33,12.0
6.3807386399847035,1.0
7.0,1.0
5.98,3.0
5.28,1.0
5.63,1.0
7.25,26.0
6.75,25.0
6.7,12.0
8.49,25.0
5.75,1.0
4.49,1.0
4.0,1.0
4.57,1.0
3.49,1.0
4.38,1.0
4.77,1.0
3.83,1.0
4.58,1.0
5.31,1.0
6.13,2.0
6.1,6.0
7.43,131.0
6.24,1.0
7.34,1.0
6.3807386399847035,14.0
4.46,12.0
8.39,4.0
7.13,1.0
7.34,9.0
6.36,13.0
7.76,11.0
5.25,1.0
7.43,24.0
5.51,1.0
5.25,3.0
7.22,12.0
6.74,2.0
5.39,1.0
5.86,12.0
6.54,12.0
5.95,13.0
6.3807386399847035,2.0
6.3807386399847035,1.0
6.3807386399847035,1.0
6.39,51.0
6.3807386399847035,1.0
6.3807386399847035,1.0
6.3807386399847035,1.0
6.3807386399847035,1.0
6.3807386399847035,1.0
6.3807386399847035,1.0
6.3807386399847035,1.0
5.25,1.0
6.3807386399847035,1.0
5.62,2.0
7.09,1.0
5.51,13.0
7.54,1.0
6.3807386399847035,5.0
5.11,12.0
7.42,1.0
6.48,12.0
6.3807386399847035,3.0
6.3807386399847035,1.0
6.74,12.0
6.61,1.0
6.99,1.0
4.64,1.0
5.47,2.0
6.65,1.0
7.01,1.0
5.37,12.0
7.1,2.0
8.11,10.0
5.0,2.0
6.07,4.0
6.99,1.0
5.03,1.0
5.41,13.0
4.29,1.0
3.26,1.0
6.3807386399847035,12.0
5.72,1.0
4.38,1.0
5.4,1.0
6.13,1.0
7.44,1.0
7.22,1.0
7.24,1.0
6.3807386399847035,1.0
6.3807386399847035,44.0
7.85,2.0
5.72,1.0
6.83,4.0
6.3807386399847035,26.0
6.3807386399847035,6.0
6.33,12.0
6.91,1.0
7.02,1.0
7.26,25.0
7.77,2.0
6.76,2.0
6.3807386399847035,7.0
6.3807386399847035,12.0
6.97,1.0
5.86,1.0
7.24,12.0
6.07,1.0
7.51,5.0
6.3807386399847035,30.0
6.82,1.0
6.01,1.0
6.87,1.0
5.6,1.0
6.29,1.0
6.07,1.0
5.87,1.0
6.58,5.0
6.98,1.0
6.3807386399847035,1.0
6.3807386399847035,1.0
6.3807386399847035,1.0
6.3807386399847035,1.0
6.3807386399847035,1.0
6.3807386399847035,1.0
6.3807386399847035,1.0
6.3807386399847035,1.0
6.3807386399847035,1.0
6.3807386399847035,1.0
6.3807386399847035,1.0
6.3807386399847035,1.0
6.3807386399847035,1.0
6.3807386399847035,1.0
6.3807386399847035,1.0
6.3807386399847035,1.0
5.13,13.0
5.22,13.0
7.85,1.0
6.69,8.0
6.19,60.0
4.84,1.0
6.3807386399847035,1.0
6.3807386399847035,6.0
6.3807386399847035,1.0
6.3807386399847035,1.0
6.3807386399847035,3.0
6.3807386399847035,1.0
5.39,1.0
6.3807386399847035,1.0
6.3807386399847035,1.0
6.3807386399847035,6.0
6.3807386399847035,1.0
6.3807386399847035,1.0
6.3807386399847035,1.0
6.3807386399847035,1.0
6.3807386399847035,1.0
6.3807386399847035,1.0
6.3807386399847035,1.0
6.3807386399847035,1.0
6.3807386399847035,1.0
6.3807386399847035,1.0
6.3807386399847035,1.0
6.3807386399847035,1.0
6.3807386399847035,1.0
5.69,1.0
7.04,2.0
6.3807386399847035,47.0
7.23,2.0
6.3807386399847035,1.0
6.3807386399847035,1.0
6.3807386399847035,1.0
6.3807386399847035,1.0
6.3807386399847035,1.0
6.3807386399847035,1.0
6.3807386399847035,1.0
6.3807386399847035,1.0
6.3807386399847035,1.0
6.3807386399847035,1.0
6.3807386399847035,1.0
6.3807386399847035,1.0
4.82,1.0
6.3807386399847035,1.0
6.3807386399847035,1.0
6.3807386399847035,1.0
5.9,12.0
6.3807386399847035,43.0
6.3807386399847035,10.0
6.3807386399847035,1.0
6.3807386399847035,1.0
6.02,3.0
8.31,12.0
6.2,139.0
6.5,1.0
6.51,51.0
6.27,3.0
8.1,1.0
6.3807386399847035,1.0
6.3807386399847035,76.0
6.65,1.0
6.89,5.0
5.29,3.0
5.9,1.0
6.02,1.0
6.84,51.0
6.45,6.0
5.13,5.0
5.95,3.0
5.67,3.0
6.3807386399847035,31.0
6.96,12.0
6.24,12.0
6.82,7.0
7.9,13.0
6.07,1.0
5.19,1.0
6.91,1.0
5.36,1.0
5.37,2.0
5.48,12.0
5.95,4.0
6.14,1.0
6.28,2.0
5.25,1.0
6.77,2.0
6.73,1.0
6.53,60.0
6.56,1.0
6.3807386399847035,1.0
6.22,2.0
6.3807386399847035,1.0
6.04,1.0
6.96,8.0
4.76,12.0
5.84,13.0
6.34,1.0
6.77,1.0
6.66,13.0
8.02,1.0
6.21,530.0
6.4,1.0
6.42,25.0
7.2,3.0
7.19,12.0
5.68,1.0
5.69,2.0
6.3807386399847035,1.0
6.47,1.0
5.13,1.0
7.97,12.0
7.94,25.0
6.3807386399847035,3.0
7.14,13.0
8.45,12.0
6.82,2.0
6.65,26.0
7.33,1.0
6.61,1.0
6.3807386399847035,1.0
6.0,26.0
6.19,16.0
6.31,12.0
7.64,22.0
6.89,12.0
6.62,1.0
6.41,14.0
7.02,12.0
6.3807386399847035,1.0
6.3807386399847035,1.0
6.3807386399847035,6.0
5.68,1.0
6.3807386399847035,240.0
8.23,25.0
4.75,1.0
7.22,1.0
5.81,39.0
8.05,25.0
5.62,1.0
6.3807386399847035,1.0
5.51,1.0
4.81,1.0
5.37,1.0
4.7,1.0
5.31,1.0
5.55,1.0
4.65,1.0
5.01,1.0
4.95,1.0
4.64,1.0
4.88,1.0
4.65,1.0
7.19,1.0
5.35,1.0
7.71,1.0
7.2,1.0
6.94,6.0
5.74,1.0
5.75,1.0
5.07,5.0
4.92,1.0
5.44,1.0
6.3807386399847035,8.0
5.84,12.0
6.27,4.0
5.54,1.0
7.23,1.0
7.36,6.0
7.33,2.0
5.43,1.0
6.31,12.0
7.9,12.0
6.48,1.0
5.48,1.0
6.3807386399847035,13.0
5.72,10.0
7.03,5.0
6.3807386399847035,13.0
7.13,12.0
6.51,1.0
7.2,12.0
7.51,12.0
5.11,1.0
7.18,1.0
7.52,3.0
6.53,1.0
7.46,1.0
6.86,6.0
6.54,2.0
6.4,2.0
5.65,5.0
5.85,2.0
6.71,12.0
7.03,12.0
6.01,26.0
7.27,24.0
7.02,12.0
7.5,1.0
6.33,12.0
5.79,1.0
5.38,1.0
6.5,52.0
6.65,13.0
7.76,12.0
6.3807386399847035,1.0
5.38,12.0
6.54,12.0
6.86,13.0
6.39,1.0
4.62,1.0
6.55,12.0
5.85,1.0
6.66,12.0
6.3807386399847035,1.0
6.3807386399847035,29.0
6.3807386399847035,3.0
5.44,1.0
5.04,6.0
5.19,1.0
7.82,12.0
7.71,1.0
7.37,1.0
7.13,1.0
7.9,1.0
5.13,3.0
5.56,1.0
5.24,1.0
5.64,13.0
7.16,13.0
7.3,12.0
4.27,1.0
5.53,1.0
5.34,1.0
4.62,1.0
6.3807386399847035,1.0
6.3807386399847035,1.0
5.16,1.0
6.3807386399847035,1.0
4.81,2.0
4.69,1.0
5.52,475.0
6.49,1.0
5.4,12.0
6.72,1.0
6.38,1.0
5.89,104.0
6.66,10.0
5.7,52.0
6.25,12.0
6.3807386399847035,5.0
5.59,12.0
6.04,1.0
7.53,1.0
7.49,1.0
6.3807386399847035,13.0
6.9,12.0
6.52,13.0
6.45,1.0
6.3807386399847035,12.0
6.3807386399847035,1.0
7.1,12.0
6.25,12.0
5.23,1.0
6.4,22.0
6.3807386399847035,1.0
4.58,26.0
7.4,13.0
5.89,1.0
4.84,1.0
5.11,1.0
4.86,1.0
5.24,1.0
2.99,1.0
4.9,1.0
7.05,25.0
7.72,47.0
6.41,3.0
6.42,1.0
6.3807386399847035,4.0
5.12,1.0
6.3807386399847035,6.0
6.31,2.0
7.15,25.0
5.39,2.0
6.53,12.0
4.92,1.0
6.63,13.0
6.5,24.0
6.24,75.0
4.63,13.0
2.3,1.0
6.61,12.0
7.72,12.0
6.3807386399847035,4.0
5.17,1.0
6.3807386399847035,26.0
5.31,1.0
6.3807386399847035,1.0
6.3807386399847035,1.0
4.69,1.0
7.06,1.0
8.38,22.0
4.49,3.0
6.31,2.0
8.08,1.0
6.3807386399847035,1.0
7.47,1.0
6.13,2.0
5.81,1.0
7.16,13.0
6.3807386399847035,1.0
6.14,52.0
6.08,104.0
6.67,3.0
6.25,1.0
7.23,1.0
6.83,10.0
6.42,1.0
4.0,1.0
3.1,1.0
3.75,1.0
4.08,1.0
3.75,1.0
6.3807386399847035,2.0
6.3807386399847035,25.0
6.3807386399847035,7.0
6.3807386399847035,1.0
6.3807386399847035,17.0
5.01,1.0
6.3807386399847035,24.0
6.3807386399847035,2.0
5.35,64.0
5.59,243.0
6.3807386399847035,14.0
6.3807386399847035,26.0
7.7,1.0
7.5,12.0
5.54,12.0
7.56,2.0
8.15,1.0
6.65,13.0
6.98,4.0
6.3807386399847035,1.0
7.75,13.0
6.14,6.0
7.0,12.0
5.74,3.0
6.24,3.0
7.85,13.0
6.3807386399847035,16.0
5.14,10.0
4.96,1.0
6.05,3.0
6.3807386399847035,10.0
7.19,1.0
7.24,1.0
8.58,1.0
8.79,1.0
4.81,1.0
4.69,1.0
4.52,1.0
6.21,1.0
6.62,1.0
7.65,13.0
7.56,1.0
5.69,1.0
7.24,12.0
7.7,6.0
5.87,12.0
7.26,1.0
7.65,25.0
6.37,1.0
6.73,2.0
6.74,1.0
5.85,12.0
5.92,12.0
6.45,6.0
7.38,12.0
6.31,12.0
5.36,3.0
6.85,4.0
8.25,1.0
6.96,4.0
7.5,8.0
5.88,12.0
6.11,1.0
5.78,1.0
4.8,1.0
4.39,1.0
4.87,1.0
5.0,1.0
6.77,13.0
6.13,12.0
5.79,2.0
6.57,12.0
6.45,1.0
6.97,1.0
7.65,12.0
6.51,4.0
5.81,8.0
6.25,1.0
6.32,1.0
6.3807386399847035,1.0
5.17,1.0
5.58,1.0
4.55,1.0
6.3807386399847035,1.0
5.51,1.0
6.3807386399847035,1.0
6.41,2.0
7.26,50.0
6.76,4.0
6.82,2.0
5.99,12.0
6.3807386399847035,26.0
6.3807386399847035,26.0
6.29,1.0
5.37,26.0
6.3807386399847035,33.0
5.36,10.0
5.48,1.0
6.9,1.0
6.23,2.0
4.91,1.0
6.31,12.0
7.33,4.0
7.16,1.0
5.98,2.0
6.3807386399847035,20.0
5.53,1.0
5.39,1.0
6.12,1.0
7.58,12.0
8.5,39.0
4.85,1.0
5.12,1.0
6.3807386399847035,1.0
7.19,12.0
7.57,12.0
7.89,13.0
5.77,52.0
5.59,1.0
6.21,4.0
6.3807386399847035,1.0
5.37,1.0
7.94,4.0
5.91,1.0
7.08,1.0
6.73,1.0
5.41,1.0
8.3,13.0
7.56,1.0
6.33,13.0
6.22,1.0
7.28,1.0
8.17,1.0
6.3807386399847035,1.0
6.57,12.0
7.03,12.0
6.3807386399847035,1.0
7.18,2.0
6.21,2.0
6.25,12.0
7.38,1.0
7.04,1.0
6.65,1.0
6.74,12.0
6.93,1.0
7.05,12.0
6.46,12.0
5.98,1.0
7.25,1.0
4.86,1.0
4.88,1.0
7.07,2.0
5.97,1.0
7.41,1.0
6.3807386399847035,1.0
6.3807386399847035,1.0
6.06,12.0
5.4,12.0
7.03,1.0
5.97,1.0
5.95,1.0
4.8,1.0
7.83,12.0
7.05,12.0
7.3,50.0
6.3807386399847035,1.0
7.45,1.0
8.11,1.0
6.56,1.0
6.3807386399847035,54.0
5.84,1.0
5.05,1.0
6.3807386399847035,10.0
6.3807386399847035,2.0
6.3807386399847035,2.0
6.3807386399847035,1.0
6.3807386399847035,3.0
5.48,6.0
6.3807386399847035,4.0
5.34,1.0
6.94,4.0
6.18,6.0
7.13,1.0
5.6,10.0
7.02,1.0
6.3807386399847035,1.0
6.3807386399847035,1.0
5.99,12.0
7.27,1.0
7.28,12.0
8.49,12.0
8.25,1.0
7.23,12.0
6.49,1.0
5.76,1.0
6.1,2.0
6.3807386399847035,13.0
6.59,1.0
6.95,24.0
6.5,12.0
7.42,1.0
6.3807386399847035,2.0
5.14,1.0
5.55,26.0
6.12,1.0
6.3807386399847035,1.0
6.3807386399847035,1.0
6.3807386399847035,1.0
6.3807386399847035,1.0
6.6,12.0
6.3807386399847035,1.0
6.87,52.0
7.38,1.0
6.18,2.0
6.56,2.0
6.63,1.0
7.14,26.0
4.49,1.0
5.63,6.0
5.66,6.0
6.3807386399847035,1.0
6.3807386399847035,1.0
6.3807386399847035,1.0
6.3807386399847035,1.0
5.79,1.0
5.68,1.0
5.52,1.0
6.62,12.0
6.18,1.0
6.49,1.0
7.63,12.0
6.3807386399847035,1.0
6.3807386399847035,1.0
5.38,11.0
6.2,12.0
6.3807386399847035,1.0
6.3807386399847035,1.0
8.85,1.0
8.09,13.0
6.58,1.0
4.67,1.0
5.14,1.0
4.81,1.0
4.36,1.0
2.63,1.0
4.34,1.0
4.73,1.0
5.2,1.0
4.69,1.0
6.33,12.0
6.22,4.0
6.3807386399847035,1.0
6.67,1.0
6.99,11.0
5.89,2.0
6.41,1.0
5.2,1.0
6.83,15.0
6.55,1.0
6.62,1.0
5.78,1.0
4.82,1.0
5.39,1.0
5.35,1.0
5.63,1.0
7.33,6.0
6.54,1.0
6.47,12.0
7.33,1.0
8.4,2.0
6.3807386399847035,1.0
7.7,13.0
7.05,1.0
5.07,1.0
6.3,12.0
7.84,1.0
6.02,1.0
6.47,7.0
4.76,1.0
5.71,3.0
6.3807386399847035,1.0
6.01,4.0
4.05,12.0
6.3807386399847035,4.0
6.89,2.0
6.45,12.0
5.22,2.0
6.8,5.0
5.66,5.0
6.49,6.0
6.75,1.0
6.3807386399847035,25.0
6.3807386399847035,25.0
6.3807386399847035,25.0
6.3807386399847035,1.0
4.97,1.0
5.99,1.0
7.15,2.0
5.26,1.0
6.71,1.0
5.49,12.0
6.67,1.0
5.39,11.0
5.72,1306.0
5.76,12.0
5.5,12.0
6.76,1.0
4.59,1.0
6.75,1.0
6.3807386399847035,1.0
6.3807386399847035,1.0
6.3807386399847035,1.0
6.33,4.0
6.33,1.0
6.67,12.0
5.67,2.0
7.37,1.0
7.67,4.0
7.16,24.0
6.0,6.0
5.95,1.0
6.72,2.0
6.92,2.0
5.12,1.0
7.39,13.0
6.56,1.0
7.55,12.0
6.68,13.0
7.85,1.0
5.99,1.0
7.62,1.0
7.05,2.0
6.85,12.0
4.8,4.0
6.3807386399847035,5.0
6.59,1.0
5.19,1.0
5.4,1.0
7.24,1.0
6.3807386399847035,47.0
6.07,32.0
6.22,32.0
7.37,1.0
6.3807386399847035,26.0
5.47,1.0
5.38,51.0
4.98,1.0
6.3807386399847035,52.0
6.73,4.0
6.3807386399847035,26.0
6.3807386399847035,1.0
5.59,13.0
6.3807386399847035,50.0
6.3807386399847035,1.0
5.92,1.0
6.4,12.0
6.59,12.0
5.33,13.0
6.82,12.0
5.59,24.0
5.73,1.0
5.91,12.0
7.96,12.0
5.33,1.0
6.99,1.0
6.3807386399847035,1.0
5.81,1.0
6.3807386399847035,1.0
6.66,7.0
5.29,1.0
6.3807386399847035,1.0
6.3807386399847035,1.0
6.3807386399847035,2.0
6.3807386399847035,50.0
6.49,24.0
5.31,1.0
4.71,1.0
5.0,1.0
5.03,1.0
5.01,1.0
6.3807386399847035,4.0
7.36,12.0
6.3807386399847035,26.0
5.96,104.0
6.76,13.0
5.52,1.0
6.3807386399847035,1.0
7.1,4.0
7.38,1.0
5.75,51.0
7.75,12.0
6.3807386399847035,1.0
7.54,13.0
6.41,13.0
6.25,1.0
6.93,12.0
6.02,26.0
5.24,1.0
5.6,1.0
7.42,13.0
5.46,12.0
7.12,2.0
6.8,1.0
5.64,3.0
6.3807386399847035,29.0
7.61,100.0
6.25,1.0
7.62,13.0
6.59,1.0
6.3807386399847035,1.0
6.3807386399847035,5.0
5.19,3.0
6.18,1.0
5.25,3.0
4.95,10.0
6.3807386399847035,18.0
4.61,3.0
7.29,3.0
5.99,1.0
5.81,1.0
5.94,1.0
5.19,1.0
5.6,1.0
6.25,1.0
5.18,1.0
5.7,1.0
5.66,1.0
5.49,1.0
5.07,1.0
5.19,1.0
5.56,1.0
5.56,1.0
5.15,1.0
5.28,1.0
5.28,1.0
4.79,1.0
4.91,1.0
5.21,1.0
6.48,89.0
5.01,1.0
4.82,1.0
4.79,1.0
4.68,1.0
4.33,1.0
5.36,1.0
5.04,1.0
4.87,1.0
6.52,51.0
6.3807386399847035,1.0
5.29,1.0
5.06,1.0
4.92,1.0
7.61,22.0
6.3807386399847035,2.0
6.3807386399847035,1.0
6.3807386399847035,1.0
5.22,1.0
7.05,1.0
6.66,24.0
4.56,1.0
4.68,1.0
6.31,26.0
7.21,1.0
5.66,104.0
5.43,1.0
5.73,1.0
4.71,1.0
5.24,1.0
4.73,1.0
5.7,2.0
6.08,2.0
5.6,104.0
6.3807386399847035,104.0
5.52,52.0
6.3807386399847035,52.0
6.3807386399847035,1.0
6.26,1.0
7.18,12.0
7.53,12.0
7.09,26.0
5.1,13.0
5.06,3.0
5.92,1.0
6.93,2.0
6.3807386399847035,1.0
6.3807386399847035,1.0
7.6,13.0
6.3807386399847035,27.0
8.19,13.0
5.34,1.0
5.56,1.0
4.79,1.0
5.38,1.0
4.84,1.0
4.66,1.0
5.52,1.0
5.28,1.0
5.04,1.0
5.21,1.0
6.3807386399847035,1.0
5.38,1.0
5.5,1.0
5.21,2.0
5.28,1.0
4.77,1.0
7.66,8.0
6.62,6.0
6.79,12.0
8.19,12.0
4.95,1.0
7.72,1.0
7.73,1.0
7.81,1.0
6.89,2.0
5.3,4.0
6.3807386399847035,26.0
6.1,12.0
6.15,1.0
6.92,38.0
6.3807386399847035,1.0
5.2,5.0
7.06,12.0
6.24,1.0
5.36,1.0
6.3807386399847035,1.0
6.3807386399847035,47.0
2.59,1.0
6.86,2.0
6.3807386399847035,2.0
5.65,1.0
6.97,12.0
7.46,1.0
6.36,12.0
8.11,3.0
6.3807386399847035,6.0
4.37,13.0
6.3807386399847035,1.0
7.56,1.0
6.3807386399847035,5.0
6.3807386399847035,1.0
7.12,12.0
6.3807386399847035,1.0
5.72,1.0
5.67,1.0
7.22,3.0
6.01,3.0
5.07,1.0
5.13,1.0
8.78,10.0
6.21,12.0
8.27,10.0
5.6,1.0
6.3807386399847035,39.0
6.51,1.0
5.71,11.0
7.62,11.0
7.14,12.0
5.44,1.0
7.14,12.0
7.44,1.0
6.05,9.0
6.3807386399847035,230.0
6.23,2.0
5.96,13.0
6.89,12.0
7.62,100.0
7.64,13.0
5.27,12.0
6.2,2.0
8.57,11.0
6.19,1.0
6.44,1.0
7.9,12.0
6.42,1.0
7.83,12.0
4.98,12.0
6.3807386399847035,26.0
6.96,12.0
7.28,35.0
6.36,1.0
5.95,12.0
6.31,12.0
7.26,2.0
6.73,13.0
6.86,12.0
4.29,12.0
6.83,12.0
6.42,1.0
7.12,1.0
5.8,24.0
6.4,12.0
7.38,11.0
7.07,12.0
7.65,1.0
7.13,2.0
7.51,1.0
7.31,1.0
7.05,1.0
6.9,13.0
6.15,30.0
6.77,12.0
4.43,1.0
6.3807386399847035,744.0
6.67,12.0
6.59,12.0
6.29,10.0
5.76,1.0
8.5,1.0
8.68,1.0
8.23,25.0
6.18,3.0
6.3807386399847035,1.0
6.3807386399847035,1.0
6.3807386399847035,1.0
7.63,26.0
6.62,1.0
7.66,1.0
7.22,2.0
6.8,1.0
6.3807386399847035,1.0
6.3807386399847035,1.0
6.3807386399847035,8.0
6.91,5.0
7.41,1.0
6.3807386399847035,26.0
6.3807386399847035,26.0
6.3807386399847035,13.0
6.3807386399847035,4.0
6.37,1.0
7.53,12.0
7.56,5.0
7.41,13.0
8.73,12.0
6.3807386399847035,44.0
6.69,1.0
5.35,2.0
6.21,1.0
5.65,1.0
7.31,1.0
6.3807386399847035,30.0
5.25,12.0
4.81,1.0
6.3807386399847035,1.0
6.3807386399847035,1.0
6.52,2.0
4.65,1.0
5.57,4.0
6.3807386399847035,12.0
4.93,1.0
5.42,4.0
5.97,9.0
6.67,2.0
6.3807386399847035,1.0
6.3807386399847035,1.0
6.3807386399847035,1.0
6.3807386399847035,1.0
6.3807386399847035,1.0
6.3807386399847035,1.0
6.41,1.0
6.64,11.0
5.66,1.0
6.39,1.0
5.87,1.0
5.96,1.0
6.08,1.0
6.06,1.0
5.96,1.0
6.35,2.0
6.3807386399847035,11.0
6.08,1.0
6.25,1.0
7.41,7.0
8.03,1.0
5.13,2.0
6.46,7.0
6.38,2.0
5.67,1.0
6.77,3.0
6.3807386399847035,1.0
6.3807386399847035,1.0
4.82,1.0
6.3807386399847035,1.0
6.75,1.0
7.44,1.0
5.8,12.0
6.63,1.0
5.46,1.0
6.3807386399847035,8.0
7.83,1.0
7.62,4.0
6.13,1.0
6.16,12.0
6.3807386399847035,13.0
6.26,1.0
6.3807386399847035,49.0
6.67,12.0
6.3807386399847035,6.0
6.3807386399847035,2.0
6.04,1.0
6.97,12.0
6.84,1.0
6.11,1.0
7.97,13.0
6.56,8.0
7.51,14.0
5.51,3.0
5.02,1.0
5.05,1.0
6.97,1.0
6.13,1.0
3.83,1.0
7.93,1.0
6.52,12.0
6.02,15.0
5.87,17.0
5.45,1.0
7.17,2.0
6.52,1.0
5.63,1.0
6.3807386399847035,1.0
6.63,1.0
6.3807386399847035,1.0
6.78,51.0
7.33,10.0
6.37,1.0
6.44,12.0
4.74,12.0
6.28,3.0
7.41,1.0
7.58,13.0
6.99,2.0
8.42,120.0
5.49,1.0
6.3807386399847035,52.0
7.77,8.0
5.91,10.0
6.3807386399847035,26.0
6.08,10.0
5.28,1.0
5.06,20.0
5.54,13.0
4.12,1.0
5.87,1.0
5.6,2.0
7.78,1.0
5.92,1.0
4.01,1.0
4.64,1.0
6.98,8.0
6.3807386399847035,27.0
6.58,3.0
7.02,13.0
6.3807386399847035,88.0
7.46,1.0
6.51,41.0
6.65,1.0
6.0,14.0
6.3807386399847035,24.0
4.39,1.0
6.57,52.0
5.67,1.0
6.3807386399847035,1.0
6.3807386399847035,1.0
7.22,2.0
8.15,1.0
6.3807386399847035,1.0
5.95,1.0
6.86,18.0
7.66,12.0
7.5,1.0
6.05,63.0
6.49,12.0
6.3807386399847035,1.0
6.3807386399847035,1.0
5.45,1.0
6.3807386399847035,1.0
6.3807386399847035,18.0
7.5,24.0
8.67,13.0
7.65,22.0
6.0,39.0
5.89,1.0
6.47,1.0
7.29,12.0
5.87,1.0
5.36,3.0
6.18,1.0
6.81,12.0
6.93,1.0
6.25,24.0
7.48,1.0
6.3807386399847035,26.0
6.3807386399847035,12.0
6.3807386399847035,1.0
6.16,1.0
5.42,1.0
5.53,1.0
6.72,12.0
6.46,1.0
3.83,12.0
6.35,54.0
6.3807386399847035,50.0
5.38,1.0
4.73,1.0
6.3807386399847035,13.0
6.3807386399847035,17.0
7.1,10.0
6.59,12.0
7.02,1.0
6.82,12.0
6.3807386399847035,1.0
4.71,1.0
6.42,78.0
6.3807386399847035,104.0
6.75,12.0
5.9,50.0
6.3807386399847035,1.0
7.35,28.0
7.61,13.0
5.87,12.0
5.33,1.0
6.4,1.0
6.42,1.0
6.67,6.0
5.48,1.0
5.96,12.0
6.3807386399847035,1.0
5.68,8.0
6.47,1.0
6.89,12.0
6.93,12.0
6.3807386399847035,20.0
6.3807386399847035,1.0
6.3807386399847035,1.0
6.3807386399847035,1.0
8.11,25.0
6.74,12.0
7.81,25.0
7.29,13.0
7.12,1.0
4.86,1.0
6.31,3.0
6.1,1.0
5.27,3.0
6.3807386399847035,6.0
7.67,12.0
7.18,2.0
7.35,12.0
5.23,12.0
5.15,1.0
7.34,1.0
6.59,1.0
5.49,1.0
7.55,1.0
7.56,1.0
6.33,6.0
5.89,1.0
6.81,1.0
6.3807386399847035,1.0
5.75,1.0
5.33,2.0
6.3807386399847035,24.0
5.47,1.0
6.32,26.0
5.96,12.0
6.3807386399847035,1.0
5.5,1.0
5.4,1.0
4.52,1.0
5.59,1.0
6.3807386399847035,26.0
6.3807386399847035,4.0
6.3807386399847035,30.0
4.68,12.0
5.36,8.0
4.95,2.0
5.21,2.0
4.37,1.0
6.6,1.0
5.37,1.0
5.35,7.0
5.15,1.0
5.1,2.0
5.05,9.0
5.29,11.0
7.23,1.0
6.13,12.0
5.59,1.0
6.61,1.0
6.67,14.0
5.1,1.0
6.3807386399847035,9.0
5.37,12.0
6.99,13.0
5.34,2.0
6.3807386399847035,1.0
7.25,1.0
6.3807386399847035,52.0
6.32,1.0
7.0,12.0
6.3807386399847035,100.0
6.3807386399847035,13.0
6.3807386399847035,13.0
6.3807386399847035,26.0
6.3807386399847035,26.0
6.3807386399847035,29.0
7.19,20.0
7.2,1.0
6.3807386399847035,1.0
5.4,1.0
6.3807386399847035,26.0
7.3,12.0
6.86,1.0
5.32,1.0
6.63,13.0
6.3807386399847035,1.0
5.54,6.0
6.71,12.0
5.74,1.0
6.3807386399847035,52.0
6.3807386399847035,26.0
7.41,1.0
8.2,1.0
5.94,1.0
6.21,1.0
6.32,1.0
6.34,1.0
6.08,1.0
4.81,12.0
6.3807386399847035,1.0
4.72,1.0
4.75,1.0
4.83,1.0
4.65,2.0
3.31,1.0
6.39,1.0
4.96,1.0
6.01,10.0
6.3807386399847035,25.0
6.29,32.0
5.26,4.0
6.3807386399847035,1.0
5.45,1.0
6.13,1.0
4.31,1.0
5.51,6.0
7.06,2.0
6.3807386399847035,1.0
5.56,1.0
6.57,1.0
6.3807386399847035,12.0
6.67,1.0
7.21,12.0
6.3807386399847035,30.0
7.0,1.0
6.99,1.0
7.0,1.0
7.45,12.0
6.69,26.0
6.19,1.0
6.23,13.0
6.25,52.0
6.71,1.0
6.47,1.0
6.51,12.0
5.57,12.0
5.95,2.0
6.3807386399847035,52.0
5.79,16.0
6.3807386399847035,20.0
6.3807386399847035,13.0
7.22,30.0
6.12,13.0
6.0,12.0
5.66,12.0
6.3807386399847035,26.0
6.3807386399847035,25.0
5.89,13.0
6.84,4.0
6.77,2.0
5.18,1.0
5.39,12.0
6.3807386399847035,43.0
6.3807386399847035,1.0
5.75,12.0
5.49,12.0
5.74,1.0
5.39,3.0
6.3807386399847035,2.0
6.44,1.0
6.3807386399847035,12.0
6.66,12.0
6.3807386399847035,6.0
5.0,1.0
6.3807386399847035,26.0
6.07,12.0
6.52,12.0
5.87,1.0
5.04,10.0
5.83,13.0
6.21,9.0
5.98,3.0
6.59,12.0
5.08,13.0
7.36,1.0
4.06,1.0
6.3807386399847035,1.0
6.3807386399847035,1.0
6.3807386399847035,1.0
6.3807386399847035,1.0
6.3807386399847035,1.0
6.3807386399847035,1.0
5.85,1.0
6.3807386399847035,1.0
5.75,12.0
6.3807386399847035,20.0
6.28,12.0
5.17,1.0
6.6,12.0
6.3807386399847035,25.0
6.3807386399847035,1.0
7.58,1.0
5.49,21.0
6.3807386399847035,4.0
6.66,12.0
6.3807386399847035,2.0
5.44,4.0
6.3807386399847035,25.0
6.3807386399847035,4.0
6.3807386399847035,1.0
4.18,1.0
4.89,1.0
4.89,2.0
6.3807386399847035,1.0
4.91,1.0
6.3807386399847035,2.0
6.3,3.0
4.69,1.0
6.3807386399847035,1.0
6.3807386399847035,3.0
4.6,13.0
4.91,1.0
6.39,1.0
6.19,1.0
6.28,1.0
6.52,1.0
6.22,1.0
6.41,2.0
6.36,2.0
6.29,2.0
6.2,2.0
5.31,4.0
5.5,1.0
5.63,1.0
5.36,1.0
5.41,1.0
6.3807386399847035,3.0
5.78,12.0
6.3807386399847035,1.0
6.3807386399847035,1.0
6.3807386399847035,1.0
6.3807386399847035,1.0
4.34,1.0
7.7,17.0
5.92,3.0
5.71,12.0
5.13,17.0
5.98,1.0
4.68,1.0
4.66,1.0
5.36,1.0
5.24,1.0
5.37,1.0
5.88,2.0
5.37,2.0
6.3807386399847035,6.0
5.07,1.0
5.11,1.0
6.3807386399847035,15.0
6.25,40.0
7.88,12.0
4.87,1.0
7.24,1.0
6.3807386399847035,33.0
6.2,1.0
5.81,2.0
5.03,1.0
6.3807386399847035,1.0
6.3807386399847035,3.0
5.87,3.0
5.68,4.0
6.3807386399847035,2.0
6.3807386399847035,58.0
6.77,12.0
7.06,1.0
6.75,1.0
6.28,1.0
5.74,6.0
6.79,2.0
6.51,1.0
5.91,12.0
7.11,20.0
7.95,1.0
5.78,3.0
4.61,13.0
6.3807386399847035,1.0
6.7,1.0
6.3807386399847035,1.0
7.13,2.0
6.3807386399847035,1.0
7.3,13.0
5.47,12.0
5.63,9.0
7.54,12.0
6.18,1.0
6.91,4.0
6.73,1.0
6.3807386399847035,1.0
6.3807386399847035,2.0
6.3807386399847035,2.0
6.2,2.0
6.3807386399847035,2.0
5.82,34.0
6.89,2.0
6.96,12.0
7.39,12.0
5.48,12.0
6.3807386399847035,4.0
6.16,2.0
5.94,1.0
7.05,12.0
7.86,1.0
5.67,12.0
6.49,2.0
6.85,1.0
6.87,146.0
8.24,1.0
6.3807386399847035,1.0
6.3807386399847035,1.0
5.74,1.0
5.69,1.0
5.04,3.0
6.5,13.0
5.62,36.0
6.56,12.0
3.51,1.0
8.09,12.0
6.62,52.0
6.3807386399847035,13.0
5.23,1.0
6.96,1.0
7.31,13.0
5.62,12.0
6.3807386399847035,6.0
8.98,12.0
7.93,1.0
7.34,24.0
7.42,1.0
7.08,13.0
7.04,25.0
6.93,1.0
6.3807386399847035,1.0
6.3807386399847035,1.0
6.3807386399847035,1.0
5.07,1.0
6.3807386399847035,1.0
6.31,1.0
5.42,1.0
6.3807386399847035,1.0
5.61,1.0
5.49,1.0
5.34,1.0
6.3807386399847035,1.0
7.23,2.0
7.19,11.0
5.89,156.0
7.5,12.0
7.45,1.0
4.7,4.0
6.62,12.0
6.3807386399847035,1.0
7.14,1.0
4.77,1.0
6.3807386399847035,13.0
7.61,1.0
6.3807386399847035,1.0
6.3807386399847035,52.0
6.3807386399847035,2.0
6.21,1.0
6.3807386399847035,3.0
6.66,1.0
6.45,1.0
6.07,4.0
7.07,12.0
6.61,12.0
6.78,6.0
5.66,2.0
6.3807386399847035,5.0
6.3807386399847035,1.0
6.3807386399847035,1.0
6.3807386399847035,1.0
6.3807386399847035,1.0
6.3807386399847035,1.0
6.3807386399847035,1.0
6.3807386399847035,1.0
6.3807386399847035,1.0
6.3807386399847035,1.0
6.3807386399847035,1.0
6.3807386399847035,1.0
6.3807386399847035,1.0
6.17,2.0
6.32,1.0
6.3807386399847035,1.0
6.75,7.0
6.3807386399847035,16.0
6.36,2.0
7.03,12.0
6.42,12.0
5.46,12.0
3.3,13.0
6.3807386399847035,1.0
6.3807386399847035,1.0
6.3807386399847035,1.0
6.87,1.0
6.3807386399847035,13.0
6.3807386399847035,50.0
6.3807386399847035,50.0
6.3807386399847035,1.0
6.3807386399847035,8.0
7.22,1.0
6.12,6.0
8.31,1.0
6.02,15.0
6.88,1.0
6.68,1.0
6.3807386399847035,1.0
6.3807386399847035,26.0
6.88,1.0
6.54,13.0
6.3807386399847035,1.0
6.3807386399847035,1.0
6.3807386399847035,1.0
7.46,12.0
7.4,1.0
7.22,24.0
6.76,12.0
7.25,12.0
6.76,1.0
7.7,6.0
5.73,1.0
5.7,13.0
7.12,49.0
5.89,16.0
6.04,12.0
7.28,1.0
7.2,12.0
6.96,1.0
7.03,1.0
5.98,1.0
6.3807386399847035,8.0
6.3807386399847035,1.0
6.23,1.0
6.33,2.0
6.56,13.0
6.3807386399847035,1.0
7.33,4.0
6.73,1.0
5.97,1.0
5.09,1.0
7.06,2.0
5.43,3.0
5.78,12.0
6.3807386399847035,2.0
6.25,12.0
6.91,12.0
6.3807386399847035,1.0
6.3807386399847035,1.0
6.81,10.0
7.62,2.0
7.1,12.0
6.3807386399847035,4.0
6.3807386399847035,1.0
6.3807386399847035,1.0
6.3807386399847035,4.0
6.3807386399847035,13.0
6.85,2.0
6.3807386399847035,13.0
6.02,1.0
5.7,1.0
6.4,12.0
6.3807386399847035,5.0
6.3807386399847035,5.0
6.3807386399847035,1.0
6.3807386399847035,1.0
6.3807386399847035,12.0
7.53,1.0
7.79,1.0
7.99,1.0
6.45,12.0
5.34,12.0
7.3,3.0
7.03,12.0
7.22,4.0
5.56,12.0
4.73,12.0
6.42,1.0
6.48,2.0
4.61,12.0
6.29,10.0
4.51,1.0
5.27,1.0
5.89,26.0
4.73,12.0
6.65,1.0
7.49,12.0
6.3807386399847035,1.0
6.3807386399847035,1.0
5.46,1.0
7.45,24.0
4.63,1.0
5.11,1.0
6.3807386399847035,1.0
6.3807386399847035,1.0
6.3807386399847035,1.0
6.37,12.0
7.66,1.0
7.67,1.0
5.26,1.0
5.26,1.0
7.91,1.0
7.89,1.0
7.65,1.0
7.98,1.0
7.3,26.0
7.68,6.0
6.54,6.0
5.11,12.0
6.02,4.0
7.79,12.0
6.57,1.0
6.21,3.0
6.3807386399847035,24.0
6.3807386399847035,1.0
5.19,1.0
7.1,2.0
5.8,13.0
6.78,1.0
4.84,1.0
6.68,13.0
6.36,1.0
6.3807386399847035,1.0
7.47,2.0
6.57,2.0
6.3807386399847035,17.0
6.3807386399847035,10.0
5.86,1.0
6.3807386399847035,30.0
6.25,1.0
6.38,4.0
7.39,25.0
6.46,12.0
6.09,1.0
5.38,1.0
6.43,12.0
6.25,10.0
4.41,24.0
7.83,1.0
4.61,2.0
5.5,5.0
5.65,12.0
7.44,3.0
7.46,18.0
5.22,9.0
6.54,12.0
6.43,12.0
6.3807386399847035,1.0
6.3807386399847035,1.0
6.5,2.0
6.12,2.0
6.3807386399847035,1.0
6.08,2.0
6.91,1.0
8.32,2.0
6.58,21.0
8.19,1.0
5.75,1.0
5.6,10.0
7.11,1.0
7.26,1.0
7.64,11.0
6.08,12.0
7.69,1.0
7.55,24.0
5.84,2.0
7.36,2.0
6.28,12.0
6.84,12.0
7.55,22.0
6.3,13.0
6.06,293.0
8.14,170.0
7.59,24.0
6.67,12.0
6.39,1.0
8.62,11.0
6.3807386399847035,1.0
5.22,1.0
8.66,13.0
6.3807386399847035,1.0
5.17,1.0
6.01,12.0
7.19,3.0
7.07,12.0
7.26,1.0
8.42,24.0
5.43,23.0
5.92,2.0
5.48,1.0
7.27,12.0
6.58,26.0
5.8,1.0
6.15,4.0
4.94,1.0
8.03,1.0
5.01,1.0
6.3807386399847035,2.0
6.3807386399847035,2.0
5.42,1.0
5.53,1.0
5.03,1.0
5.41,1.0
8.18,24.0
6.6,4.0
6.57,1.0
7.12,2.0
6.3807386399847035,26.0
6.98,1.0
6.7,1.0
7.24,3.0
5.48,2.0
6.3807386399847035,4.0
6.41,1.0
5.2,1.0
5.75,1.0
6.93,1.0
5.78,1.0
6.21,1.0
7.19,25.0
6.3807386399847035,26.0
6.3807386399847035,156.0
6.3807386399847035,52.0
6.3807386399847035,26.0
5.81,26.0
6.28,23.0
6.3807386399847035,12.0
6.3807386399847035,1.0
6.12,20.0
6.3807386399847035,52.0
6.3807386399847035,52.0
5.8,1.0
6.3807386399847035,1.0
5.27,1.0
6.3807386399847035,4.0
6.3807386399847035,1.0
6.3807386399847035,5.0
6.3807386399847035,1.0
6.3807386399847035,4.0
6.3807386399847035,4.0
6.3807386399847035,3.0
6.3807386399847035,3.0
6.3807386399847035,3.0
6.3807386399847035,4.0
6.3807386399847035,2.0
4.97,1.0
6.3807386399847035,4.0
6.3807386399847035,24.0
6.3807386399847035,1.0
6.3807386399847035,1.0
6.3807386399847035,1.0
6.3807386399847035,1.0
5.07,1.0
4.61,1.0
6.3807386399847035,7.0
7.17,12.0
5.16,1.0
6.3807386399847035,1.0
6.3807386399847035,1.0
4.93,1.0
4.48,3.0
4.57,1.0
6.3807386399847035,6.0
6.02,1.0
6.3807386399847035,13.0
4.88,12.0
6.3807386399847035,10.0
5.48,1.0
6.53,1.0
5.83,13.0
6.62,2.0
5.99,37.0
6.71,12.0
6.3807386399847035,1.0
6.3807386399847035,1.0
7.81,24.0
6.3807386399847035,2.0
7.05,2.0
6.49,1.0
6.22,1.0
6.95,59.0
6.3807386399847035,1.0
6.3807386399847035,1.0
5.87,3.0
5.7,1.0
6.85,1.0
5.3,3.0
6.3807386399847035,3.0
5.09,3.0
5.43,12.0
5.97,1.0
4.58,12.0
6.62,5.0
6.89,1.0
6.3807386399847035,3.0
5.52,6.0
7.18,1.0
5.55,1.0
7.34,51.0
6.3807386399847035,1.0
7.39,1.0
6.3807386399847035,12.0
6.85,2.0
8.27,12.0
6.3,36.0
6.52,12.0
6.35,1.0
6.66,3.0
5.99,4.0
6.3807386399847035,1.0
5.11,2.0
5.56,1.0
6.87,1.0
5.92,1.0
8.06,12.0
4.68,12.0
6.96,12.0
6.3807386399847035,1.0
6.28,1.0
6.3807386399847035,70.0
6.64,12.0
6.69,13.0
6.52,52.0
6.68,12.0
6.15,1.0
6.3807386399847035,45.0
6.3807386399847035,3.0
5.47,1.0
5.93,1.0
6.3807386399847035,1.0
5.51,1.0
5.77,13.0
7.62,2.0
5.34,1.0
5.4,1.0
5.57,1.0
5.51,1.0
5.47,1.0
6.3807386399847035,5.0
5.74,1.0
7.3,12.0
5.21,1.0
6.66,120.0
6.3807386399847035,1.0
7.09,1.0
6.3807386399847035,1.0
5.11,1.0
6.3807386399847035,1.0
5.66,1.0
6.75,12.0
6.46,6.0
5.02,1.0
5.25,12.0
5.53,1.0
6.3807386399847035,27.0
6.3807386399847035,1.0
6.25,2.0
5.62,2.0
6.54,2.0
6.99,51.0
7.56,12.0
6.33,6.0
6.65,1.0
5.53,51.0
5.49,1.0
5.38,1.0
5.1,1.0
6.3807386399847035,1.0
7.71,12.0
7.13,13.0
6.3807386399847035,15.0
6.3807386399847035,1.0
6.3807386399847035,7.0
6.3807386399847035,10.0
6.3807386399847035,1.0
6.81,51.0
6.3807386399847035,12.0
5.12,1.0
4.96,1.0
6.3807386399847035,1.0
7.24,12.0
6.5,12.0
5.42,2.0
5.45,1.0
6.33,1.0
5.94,2.0
5.76,15.0
5.81,2.0
6.16,1.0
7.92,1.0
6.3807386399847035,1.0
5.98,1.0
6.3807386399847035,9.0
5.73,1.0
5.18,1.0
5.21,1.0
5.09,1.0
5.13,1.0
6.46,2.0
6.3807386399847035,6.0
6.02,10.0
7.16,1.0
7.11,1.0
6.56,12.0
6.59,6.0
5.36,1.0
6.51,1.0
7.58,13.0
4.94,1.0
5.63,26.0
7.14,26.0
5.87,32.0
5.04,3.0
5.38,1.0
7.49,12.0
6.3807386399847035,11.0
5.05,1.0
5.11,1.0
5.14,4.0
6.13,1.0
7.16,1.0
6.3807386399847035,1.0
5.54,1.0
6.3807386399847035,14.0
7.48,1.0
5.65,1.0
6.3807386399847035,8.0
6.02,1.0
6.09,110.0
7.48,12.0
5.87,1.0
6.3807386399847035,1.0
6.3807386399847035,1.0
6.3807386399847035,1.0
6.3807386399847035,1.0
6.3807386399847035,1.0
6.3807386399847035,2.0
6.3807386399847035,2.0
6.3807386399847035,1.0
7.15,2.0
6.65,4.0
6.3807386399847035,1.0
6.3807386399847035,1.0
6.3807386399847035,1.0
5.25,1.0
6.3807386399847035,1.0
6.3807386399847035,1.0
6.3807386399847035,1.0
6.3807386399847035,1.0
6.3807386399847035,4.0
6.3807386399847035,7.0
6.3807386399847035,1.0
6.3807386399847035,1.0
6.3807386399847035,1.0
7.0,12.0
6.3807386399847035,2.0
6.3807386399847035,1.0
6.3807386399847035,20.0
6.3807386399847035,4.0
6.3807386399847035,2.0
6.3807386399847035,4.0
6.3807386399847035,4.0
6.3807386399847035,1.0
6.3807386399847035,1.0
6.3807386399847035,1.0
6.3807386399847035,1.0
6.3807386399847035,1.0
6.3807386399847035,1.0
6.3807386399847035,4.0
6.3807386399847035,5.0
8.06,24.0
6.34,12.0
7.6,25.0
4.69,13.0
5.45,1.0
6.3807386399847035,10.0
6.14,1.0
7.76,13.0
6.3807386399847035,1.0
7.88,13.0
6.54,12.0
5.57,1.0
7.41,12.0
7.6,12.0
6.5,1.0
7.8,1.0
6.3807386399847035,4.0
6.3807386399847035,4.0
7.4,1.0
6.3807386399847035,1.0
6.3807386399847035,1.0
6.3807386399847035,1.0
6.3807386399847035,1.0
6.3807386399847035,1.0
6.3807386399847035,1.0
6.3807386399847035,1.0
6.3807386399847035,1.0
6.3807386399847035,1.0
7.04,1.0
6.3807386399847035,1.0
6.3807386399847035,1.0
6.3807386399847035,1.0
6.3807386399847035,26.0
6.3807386399847035,26.0
6.3807386399847035,26.0
6.3807386399847035,1.0
8.14,1.0
8.19,1.0
6.3807386399847035,24.0
5.9,10.0
5.39,12.0
5.89,1.0
6.16,8.0
6.57,1.0
4.71,1.0
7.76,10.0
6.3807386399847035,1.0
6.37,1.0
6.3807386399847035,1.0
6.3807386399847035,1.0
6.3807386399847035,1.0
6.3807386399847035,1.0
6.3807386399847035,1.0
6.06,1.0
6.2,1.0
6.3807386399847035,1.0
6.3807386399847035,10.0
6.3807386399847035,2.0
6.19,1.0
6.63,1.0
6.47,1.0
5.46,1.0
6.3807386399847035,26.0
5.6,1.0
6.3807386399847035,2.0
6.3807386399847035,2.0
6.3807386399847035,3.0
5.1,1.0
7.24,7.0
6.3807386399847035,1.0
6.3807386399847035,1.0
6.3807386399847035,1.0
6.3807386399847035,1.0
6.3807386399847035,1.0
6.3807386399847035,1.0
6.3807386399847035,1.0
6.3807386399847035,1.0
6.3807386399847035,1.0
4.7,5.0
6.09,14.0
7.25,1.0
6.3807386399847035,1.0
6.3807386399847035,1.0
6.3807386399847035,1.0
6.3807386399847035,1.0
6.3807386399847035,1.0
6.3807386399847035,1.0
6.3807386399847035,1.0
6.3807386399847035,1.0
6.3807386399847035,1.0
6.3807386399847035,1.0
6.3807386399847035,1.0
6.3807386399847035,1.0
6.3807386399847035,1.0
6.3807386399847035,1.0
6.3807386399847035,1.0
6.3807386399847035,1.0
6.3807386399847035,1.0
6.3807386399847035,1.0
6.02,1.0
8.93,22.0
6.81,1.0
6.37,12.0
7.64,1.0
7.75,1.0
5.54,1.0
6.15,12.0
6.52,24.0
6.3807386399847035,1.0
6.76,1.0
6.3807386399847035,1.0
6.08,10.0
5.41,1.0
7.18,26.0
7.9,12.0
4.84,6.0
6.3807386399847035,27.0
6.3807386399847035,27.0
6.87,1.0
6.3807386399847035,82.0
5.67,10.0
6.41,1.0
6.3807386399847035,10.0
6.3807386399847035,10.0
6.43,10.0
6.46,1.0
6.08,1.0
6.3807386399847035,10.0
7.69,12.0
7.49,12.0
6.3807386399847035,1.0
6.3807386399847035,1.0
8.88,7.0
6.13,13.0
7.31,13.0
5.75,12.0
6.14,12.0
5.39,12.0
5.86,24.0
5.7,2.0
7.28,1.0
5.47,1.0
5.4,1.0
5.93,1.0
6.3807386399847035,1.0
6.3807386399847035,12.0
6.3807386399847035,1.0
6.3807386399847035,1.0
6.3807386399847035,1.0
6.3807386399847035,12.0
6.3807386399847035,6.0
6.3807386399847035,1.0
6.3807386399847035,1.0
6.3807386399847035,1.0
6.3807386399847035,1.0
6.3807386399847035,1.0
6.3807386399847035,2.0
6.3807386399847035,10.0
6.86,1.0
5.7,5.0
6.3807386399847035,22.0
5.2,1.0
6.3807386399847035,44.0
6.3807386399847035,7.0
6.54,12.0
5.44,1.0
6.15,32.0
6.04,50.0
6.3807386399847035,2.0
6.3807386399847035,3.0
6.3807386399847035,2.0
6.3807386399847035,3.0
6.3807386399847035,7.0
5.02,1.0
5.83,12.0
6.8,1.0
6.52,1.0
6.3807386399847035,4.0
6.3807386399847035,69.0
7.76,1.0
7.52,1.0
5.57,1.0
5.95,3.0
7.36,1.0
4.83,5.0
4.94,1.0
7.28,12.0
6.3807386399847035,10.0
5.68,12.0
7.38,24.0
6.48,25.0
4.67,12.0
7.37,1.0
4.86,1.0
6.2,2.0
6.3807386399847035,1.0
6.42,13.0
6.56,1.0
6.3807386399847035,8.0
6.3807386399847035,8.0
5.38,1.0
7.72,1.0
6.3807386399847035,39.0
6.3807386399847035,13.0
4.95,1.0
6.3807386399847035,1.0
6.3807386399847035,2.0
6.67,1.0
6.52,12.0
7.32,12.0
4.84,1.0
7.97,1.0
4.6,12.0
6.3807386399847035,12.0
5.36,1.0
5.28,1.0
4.43,1.0
4.97,1.0
4.4,1.0
5.18,1.0
4.94,1.0
4.78,1.0
4.74,1.0
5.4,1.0
4.88,1.0
5.27,1.0
4.26,1.0
5.03,1.0
4.66,1.0
4.26,1.0
4.46,1.0
4.43,1.0
5.61,1.0
5.1,1.0
5.72,1.0
5.87,7.0
7.28,12.0
6.13,1.0
5.94,12.0
5.95,7.0
6.3807386399847035,1.0
5.62,1.0
7.51,1.0
7.16,1.0
6.37,12.0
4.78,1.0
5.5,1.0
6.27,12.0
6.3807386399847035,1.0
5.74,4.0
6.3807386399847035,88.0
6.8,3.0
5.28,6.0
3.57,2.0
4.49,1.0
6.3807386399847035,6.0
6.3807386399847035,4.0
6.3807386399847035,1.0
6.3807386399847035,3.0
5.08,1.0
6.53,1.0
7.23,1.0
6.16,1.0
8.2,4.0
6.46,1.0
6.46,1.0
4.98,1.0
6.3807386399847035,36.0
6.3807386399847035,10.0
5.32,10.0
6.96,13.0
6.3807386399847035,5.0
6.3807386399847035,10.0
6.3807386399847035,1.0
6.3807386399847035,1.0
4.79,1.0
6.3807386399847035,1.0
6.3807386399847035,1.0
6.3807386399847035,1.0
6.3807386399847035,1.0
5.34,1.0
6.7,1.0
6.07,1.0
6.3807386399847035,1.0
5.76,1.0
5.04,1.0
7.67,12.0
6.3807386399847035,12.0
5.56,1.0
7.86,12.0
6.3807386399847035,12.0
6.47,25.0
6.3807386399847035,1.0
7.18,2.0
6.3807386399847035,3.0
4.78,1.0
4.8,4.0
6.3807386399847035,46.0
6.3807386399847035,1.0
6.3807386399847035,1.0
6.3807386399847035,1.0
6.72,2.0
5.28,1.0
6.3807386399847035,1.0
6.3807386399847035,1.0
6.3807386399847035,1.0
6.3807386399847035,1.0
6.3807386399847035,1.0
6.3807386399847035,1.0
6.3807386399847035,1.0
6.3807386399847035,1.0
6.3807386399847035,1.0
6.3807386399847035,1.0
6.3807386399847035,1.0
4.73,1.0
6.3807386399847035,1.0
7.01,12.0
5.91,52.0
5.92,26.0
5.75,26.0
6.3807386399847035,1.0
6.13,1.0
5.71,14.0
5.53,1.0
5.99,1.0
8.39,12.0
6.18,2.0
5.51,1.0
5.06,1.0
6.3807386399847035,1.0
7.08,2.0
6.75,5.0
5.91,1.0
6.3807386399847035,10.0
6.3807386399847035,85.0
6.3807386399847035,6.0
6.3807386399847035,6.0
6.3807386399847035,4.0
7.25,2.0
6.8,1.0
6.3807386399847035,3.0
5.87,1.0
6.3807386399847035,1.0
6.79,24.0
6.33,1.0
6.3807386399847035,1.0
6.3807386399847035,1.0
6.65,1.0
6.06,1.0
6.3807386399847035,27.0
8.11,1.0
6.54,1.0
5.65,1.0
6.3807386399847035,14.0
5.09,1.0
6.3807386399847035,2.0
6.3807386399847035,1.0
6.3807386399847035,1.0
6.3807386399847035,3.0
6.3807386399847035,10.0
6.3807386399847035,1.0
6.09,5.0
5.78,1.0
7.29,40.0
6.3807386399847035,1.0
5.7,1.0
5.42,12.0
5.15,4.0
5.04,1.0
6.3807386399847035,1.0
5.76,5.0
7.24,12.0
6.3807386399847035,40.0
5.63,26.0
5.88,40.0
7.35,1.0
4.68,1.0
6.05,40.0
5.45,2.0
6.36,13.0
7.21,1.0
6.3807386399847035,10.0
7.75,1.0
6.3807386399847035,1.0
6.3807386399847035,1.0
5.48,1.0
6.3807386399847035,1.0
6.3807386399847035,1.0
6.3807386399847035,1.0
6.3807386399847035,1.0
7.59,13.0
7.38,1.0
6.3807386399847035,1.0
5.8,1.0
8.19,1.0
7.74,1.0
5.86,1.0
5.54,1.0
6.3807386399847035,1.0
5.21,1.0
5.53,3.0
6.3807386399847035,1.0
6.3807386399847035,4.0
6.3807386399847035,4.0
6.3807386399847035,2.0
6.3807386399847035,4.0
5.52,2.0
6.3807386399847035,1.0
5.03,1.0
6.1,1.0
4.62,1.0
5.13,3.0
5.26,1.0
6.3807386399847035,13.0
6.23,10.0
6.31,13.0
6.8,6.0
6.3807386399847035,2.0
6.3807386399847035,3.0
6.3807386399847035,20.0
5.75,1.0
6.96,1.0
3.86,12.0
4.95,1.0
4.85,1.0
5.26,1.0
5.56,9.0
7.26,1.0
5.45,2.0
5.52,6.0
4.59,1.0
5.13,1.0
7.04,1.0
7.38,12.0
6.51,6.0
7.44,1.0
8.62,12.0
6.25,11.0
6.0,1.0
6.75,1.0
6.81,1.0
7.66,13.0
6.21,2.0
4.8,1.0
6.31,1.0
6.3807386399847035,1.0
6.3807386399847035,1.0
5.64,1.0
5.42,1.0
4.57,1.0
8.01,12.0
7.58,25.0
7.98,25.0
7.85,1.0
6.3807386399847035,52.0
5.67,1.0
6.24,2.0
7.77,1.0
5.81,1.0
6.61,1.0
7.24,2.0
6.3807386399847035,13.0
4.79,12.0
7.45,12.0
7.49,1.0
6.66,1.0
7.47,12.0
7.12,12.0
5.69,12.0
8.2,12.0
8.52,13.0
6.79,1.0
6.51,1.0
8.52,13.0
7.12,12.0
7.93,1.0
7.21,24.0
8.4,1.0
6.3807386399847035,1.0
6.3807386399847035,1.0
6.3807386399847035,1.0
8.13,24.0
5.69,2.0
5.74,1.0
7.7,12.0
6.9,2.0
7.13,1.0
6.61,13.0
7.37,12.0
6.3807386399847035,10.0
5.92,2.0
6.84,12.0
6.01,24.0
6.3807386399847035,1.0
6.3807386399847035,1.0
6.3807386399847035,1.0
6.3807386399847035,13.0
6.3807386399847035,122.0
5.48,1.0
4.73,12.0
7.15,4.0
6.84,12.0
6.86,2.0
6.89,1.0
5.13,1.0
4.86,1.0
7.13,2.0
7.11,1.0
7.25,1.0
5.73,1.0
6.3807386399847035,1.0
6.3807386399847035,40.0
5.15,1.0
6.97,1.0
6.3807386399847035,6.0
5.52,24.0
6.96,1.0
7.94,11.0
4.4,12.0
7.57,51.0
5.19,1.0
4.77,1.0
4.93,1.0
5.45,1.0
5.45,1.0
5.29,1.0
5.44,2.0
7.14,1.0
6.66,12.0
7.51,1.0
6.3807386399847035,1.0
6.5,12.0
5.04,1.0
6.96,16.0
6.3807386399847035,1.0
5.39,10.0
4.84,12.0
5.66,12.0
5.34,12.0
6.3807386399847035,13.0
6.3807386399847035,13.0
5.63,12.0
6.8,1.0
6.3807386399847035,26.0
5.83,24.0
5.24,3.0
5.55,1.0
6.5,24.0
6.44,26.0
5.05,12.0
7.87,12.0
5.37,23.0
5.81,1.0
6.22,1.0
6.14,4.0
6.3807386399847035,48.0
6.3,12.0
7.55,10.0
6.53,12.0
5.13,12.0
7.35,1.0
6.83,12.0
5.57,1.0
6.4,2.0
7.05,2.0
6.3807386399847035,1.0
5.03,1.0
6.3807386399847035,1.0
5.04,1.0
4.39,1.0
4.89,1.0
6.3807386399847035,1.0
5.26,1.0
5.64,1.0
5.54,1.0
5.11,1.0
5.03,1.0
4.93,1.0
6.3807386399847035,12.0
5.36,1.0
6.77,1.0
5.21,1.0
6.3807386399847035,1.0
4.9,1.0
5.29,1.0
5.41,1.0
6.5,1.0
5.21,1.0
4.97,1.0
5.25,1.0
5.4,1.0
5.33,1.0
4.76,1.0
5.29,1.0
5.22,1.0
4.85,1.0
5.23,1.0
7.68,12.0
5.44,1.0
4.91,1.0
5.29,1.0
8.56,1.0
5.6,1.0
5.35,1.0
4.82,1.0
5.14,1.0
6.01,1.0
7.81,3.0
6.3807386399847035,24.0
6.42,12.0
6.3,1.0
6.3807386399847035,1.0
5.5,2.0
4.76,1.0
5.25,1.0
4.87,1.0
5.23,1.0
4.64,1.0
6.3807386399847035,1.0
6.19,1.0
6.93,4.0
6.36,2.0
6.47,12.0
7.54,1.0
6.3807386399847035,9.0
6.3807386399847035,1.0
6.3807386399847035,6.0
5.02,1.0
5.45,25.0
6.39,1.0
6.36,1.0
7.13,24.0
6.01,1.0
6.8,12.0
6.3807386399847035,10.0
6.3807386399847035,10.0
5.35,1.0
5.81,1.0
4.64,1.0
4.93,1.0
4.55,1.0
7.41,21.0
6.3807386399847035,1.0
5.42,1.0
5.48,1.0
5.26,12.0
5.7,3.0
6.3807386399847035,26.0
5.96,1.0
5.48,1.0
5.34,1.0
7.23,1.0
6.09,1.0
5.16,1.0
5.14,1.0
4.93,1.0
5.11,1.0
6.94,12.0
6.38,9.0
7.15,1.0
6.11,1.0
6.45,1.0
5.97,12.0
6.2,1.0
5.63,12.0
6.3807386399847035,1.0
7.71,1.0
7.88,1.0
7.47,6.0
6.3807386399847035,2.0
5.25,1.0
7.21,1.0
5.99,10.0
5.7,1.0
5.83,1.0
6.3807386399847035,12.0
6.3807386399847035,2.0
6.3807386399847035,1.0
5.36,1.0
6.32,1.0
6.34,1.0
6.11,1.0
5.79,12.0
6.33,13.0
6.3807386399847035,1.0
5.17,1.0
6.68,1.0
5.34,1.0
7.23,4.0
6.93,1.0
6.52,26.0
6.3807386399847035,10.0
4.94,1.0
6.3807386399847035,12.0
6.52,12.0
6.37,13.0
6.13,1.0
6.3807386399847035,3.0
6.3807386399847035,1.0
6.3807386399847035,1.0
6.3807386399847035,1.0
6.3807386399847035,1.0
8.39,2.0
5.24,1.0
5.51,1.0
3.88,1.0
4.6,1.0
7.57,1.0
5.93,3.0
4.23,10.0
6.99,1.0
6.31,15.0
6.37,10.0
6.3807386399847035,1.0
5.15,1.0
6.3807386399847035,1.0
8.14,12.0
5.58,1.0
5.73,1.0
6.3807386399847035,1.0
6.3807386399847035,1.0
6.3807386399847035,1.0
5.28,1.0
7.16,1.0
6.91,1.0
5.65,12.0
6.3807386399847035,1.0
6.3807386399847035,1.0
6.3807386399847035,1.0
6.3807386399847035,1.0
6.3807386399847035,1.0
6.3807386399847035,1.0
6.1,12.0
7.29,12.0
6.76,12.0
6.3807386399847035,1.0
6.3807386399847035,1.0
6.3807386399847035,1.0
6.3807386399847035,1.0
6.3807386399847035,1.0
6.3807386399847035,1.0
5.96,1.0
6.95,1.0
6.95,1.0
6.96,1.0
6.07,20.0
6.3807386399847035,1.0
6.3807386399847035,1.0
6.3807386399847035,1.0
6.3807386399847035,1.0
6.3807386399847035,1.0
6.3807386399847035,1.0
6.3807386399847035,1.0
6.3807386399847035,1.0
6.3807386399847035,1.0
5.22,1.0
5.12,1.0
6.3807386399847035,1.0
6.3807386399847035,1.0
5.02,1.0
5.19,1.0
6.3807386399847035,1.0
6.5,1.0
8.03,4.0
8.15,4.0
8.25,4.0
5.35,1.0
6.3807386399847035,1.0
6.3807386399847035,1.0
6.3807386399847035,1.0
6.3807386399847035,1.0
5.03,1.0
6.3807386399847035,1.0
6.3807386399847035,1.0
6.3807386399847035,1.0
4.94,1.0
6.3807386399847035,1.0
6.3807386399847035,1.0
6.3807386399847035,1.0
6.3807386399847035,1.0
6.3807386399847035,1.0
5.41,1.0
6.3807386399847035,1.0
6.3807386399847035,1.0
6.3807386399847035,1.0
5.21,1.0
6.3807386399847035,1.0
6.3807386399847035,1.0
5.09,1.0
6.3807386399847035,1.0
6.31,12.0
6.3807386399847035,1.0
5.52,1.0
5.29,1.0
6.3807386399847035,1.0
6.3807386399847035,1.0
5.47,1.0
6.31,1.0
6.62,12.0
5.2,6.0
6.3807386399847035,3.0
6.3807386399847035,13.0
6.36,25.0
6.3807386399847035,1.0
6.17,52.0
6.45,1.0
6.04,40.0
5.9,40.0
6.3807386399847035,15.0
5.82,52.0
6.09,12.0
6.81,26.0
5.43,1.0
6.82,1.0
5.53,26.0
6.3807386399847035,1.0
6.4,1.0
5.35,16.0
5.91,1.0
6.46,15.0
8.04,25.0
5.76,12.0
6.49,1.0
6.3807386399847035,10.0
7.2,1.0
6.46,12.0
7.57,13.0
6.86,1.0
7.56,24.0
7.0,12.0
7.53,2.0
6.7,12.0
6.3,6.0
6.3807386399847035,12.0
4.92,1.0
7.23,12.0
6.59,3.0
6.03,1.0
7.54,3.0
6.84,2.0
6.27,4.0
6.48,13.0
5.99,1.0
6.63,24.0
6.3807386399847035,3.0
5.33,12.0
6.37,12.0
7.63,12.0
5.97,6.0
6.21,20.0
6.07,1.0
5.19,3.0
5.56,18.0
7.48,12.0
5.34,1.0
5.94,12.0
5.46,1.0
6.4,1.0
5.72,26.0
6.73,76.0
6.94,12.0
6.95,1.0
8.41,1.0
7.26,1.0
6.25,1.0
6.24,12.0
7.38,15.0
6.99,12.0
6.3807386399847035,24.0
6.3807386399847035,24.0
6.3807386399847035,12.0
6.3807386399847035,115.0
7.1,3.0
6.49,1.0
6.3807386399847035,1.0
6.35,1.0
7.53,2.0
7.88,13.0
5.48,1.0
7.39,25.0
6.78,1.0
6.44,10.0
6.3807386399847035,20.0
6.3807386399847035,6.0
6.3807386399847035,13.0
5.58,1.0
5.45,1.0
5.86,2.0
5.9,1.0
6.3807386399847035,1.0
5.38,1.0
6.3807386399847035,5.0
5.87,1.0
6.3807386399847035,1.0
5.55,1.0
6.3807386399847035,2.0
5.8,1.0
6.74,12.0
6.27,5.0
6.3807386399847035,1.0
6.3807386399847035,1.0
7.85,49.0
5.46,1.0
5.13,1.0
5.46,1.0
5.36,1.0
5.4,1.0
5.36,1.0
5.42,1.0
5.14,1.0
5.69,1.0
5.95,1.0
5.33,1.0
5.18,1.0
5.51,1.0
5.17,1.0
5.68,1.0
6.3807386399847035,47.0
7.36,1.0
5.91,26.0
6.3807386399847035,1.0
6.3807386399847035,2.0
4.71,1.0
5.32,1.0
6.3807386399847035,24.0
4.65,1.0
7.03,1.0
6.3807386399847035,12.0
6.24,1.0
6.59,1.0
6.3,7.0
4.87,10.0
7.19,12.0
5.51,3.0
6.42,1.0
5.41,1.0
5.6,1.0
5.58,1.0
5.41,1.0
5.48,2.0
6.1,13.0
5.76,1.0
8.48,24.0
7.31,12.0
7.66,13.0
6.69,12.0
5.65,12.0
6.3807386399847035,26.0
6.45,1.0
6.3807386399847035,1.0
5.55,9.0
5.77,13.0
6.3807386399847035,1.0
6.3807386399847035,1.0
4.81,1.0
5.13,1.0
5.1,1.0
5.37,1.0
6.3807386399847035,1.0
4.94,1.0
5.01,1.0
6.3807386399847035,1.0
6.3807386399847035,1.0
4.9,1.0
6.3807386399847035,1.0
6.3807386399847035,1.0
6.87,1.0
6.49,1.0
6.53,1.0
6.91,1.0
6.59,2.0
6.95,4.0
6.3807386399847035,1.0
6.3807386399847035,1.0
7.83,1.0
7.6,12.0
6.3807386399847035,10.0
4.99,1.0
6.02,3.0
5.12,1.0
6.05,1.0
4.8,1.0
5.12,1.0
7.58,4.0
6.43,4.0
5.64,24.0
6.13,1.0
7.01,12.0
6.3807386399847035,1.0
5.97,12.0
6.4,2.0
6.02,1.0
5.8,1.0
6.78,60.0
6.3807386399847035,1.0
6.3807386399847035,40.0
6.3807386399847035,135.0
7.2,2.0
6.3807386399847035,52.0
6.39,3.0
4.7,1.0
4.87,1.0
4.8,1.0
5.04,1.0
5.03,1.0
6.3807386399847035,1.0
6.3807386399847035,1.0
3.76,1.0
5.83,1.0
5.8,1.0
7.53,26.0
6.5,1.0
5.63,7.0
5.97,1.0
6.3807386399847035,1.0
6.42,1.0
5.82,4.0
5.98,26.0
5.91,1.0
4.85,1.0
5.19,1.0
4.72,1.0
5.29,1.0
6.3807386399847035,10.0
4.65,1.0
7.02,12.0
6.73,1.0
6.01,1.0
5.57,1.0
5.67,1.0
6.16,5.0
7.05,1.0
6.36,12.0
7.02,1.0
6.56,10.0
6.49,12.0
6.81,2.0
6.85,12.0
7.8,2.0
5.82,12.0
7.01,1.0
5.66,1.0
7.11,12.0
7.24,1.0
6.3807386399847035,1.0
5.91,13.0
6.3807386399847035,1.0
6.3807386399847035,1.0
5.41,1.0
6.3807386399847035,1.0
6.3807386399847035,1.0
5.04,1.0
6.3807386399847035,1.0
5.35,1.0
6.54,1.0
6.77,12.0
6.3807386399847035,1.0
6.3807386399847035,1.0
6.3807386399847035,1.0
6.3807386399847035,1.0
5.62,1.0
7.43,8.0
7.34,26.0
6.26,1.0
6.72,1.0
6.0,12.0
6.7,1.0
6.15,1.0
4.79,1.0
5.46,2.0
8.81,12.0
5.58,12.0
5.48,1.0
6.3807386399847035,1.0
6.3807386399847035,1.0
5.24,10.0
7.05,15.0
6.75,2.0
6.3807386399847035,2.0
6.91,24.0
6.3807386399847035,7.0
6.3807386399847035,1.0
6.14,1.0
5.91,1.0
8.63,1.0
6.83,25.0
5.35,1.0
6.3807386399847035,9.0
5.55,1.0
6.68,13.0
6.95,10.0
6.3807386399847035,1.0
5.56,1.0
6.5,4.0
6.3807386399847035,11.0
6.7,13.0
5.43,1.0
7.31,12.0
8.43,1.0
5.45,1.0
6.81,4.0
6.01,12.0
6.26,10.0
6.57,2.0
7.56,1.0
6.64,12.0
7.44,12.0
7.64,10.0
6.3807386399847035,10.0
7.02,11.0
6.3807386399847035,3.0
7.32,42.0
6.07,4.0
6.32,1.0
6.31,1.0
6.25,1.0
6.28,1.0
6.87,1.0
6.26,1.0
6.26,1.0
7.23,1.0
7.17,1.0
5.11,1.0
6.78,2.0
7.4,52.0
7.28,1.0
5.91,1.0
6.25,3.0
5.61,12.0
5.66,12.0
8.16,1.0
6.3807386399847035,1.0
7.96,12.0
7.1,4.0
7.4,2.0
6.54,4.0
5.38,1.0
6.07,8.0
6.6,1.0
7.46,1.0
7.96,8.0
6.3807386399847035,1.0
6.91,1.0
6.3807386399847035,1.0
6.3807386399847035,1.0
6.3807386399847035,1.0
6.3807386399847035,3.0
5.42,12.0
6.3807386399847035,104.0
6.3807386399847035,18.0
6.3807386399847035,30.0
6.83,39.0
4.97,1.0
8.25,1.0
6.17,1.0
6.25,2.0
6.29,52.0
6.81,1.0
5.8,12.0
8.45,6.0
5.63,1.0
6.3807386399847035,38.0
7.55,24.0
6.34,13.0
6.3807386399847035,1.0
6.3807386399847035,1.0
6.3807386399847035,1.0
6.3807386399847035,1.0
6.3807386399847035,26.0
6.3807386399847035,2.0
6.3807386399847035,52.0
5.74,6.0
7.23,50.0
5.85,6.0
7.62,1.0
6.3807386399847035,5.0
7.85,13.0
7.24,1.0
7.79,13.0
5.55,1.0
6.45,12.0
5.76,1.0
6.33,12.0
6.49,6.0
6.38,1.0
6.51,2.0
6.3807386399847035,1.0
5.84,1.0
6.3807386399847035,24.0
8.24,1.0
5.92,12.0
6.3807386399847035,1.0
6.3807386399847035,1.0
6.3807386399847035,1.0
4.56,1.0
6.3807386399847035,1.0
5.59,1.0
6.3807386399847035,1.0
6.3807386399847035,1.0
6.3807386399847035,1.0
6.3807386399847035,1.0
6.3807386399847035,1.0
5.05,1.0
5.3,1.0
8.18,3.0
5.66,1.0
7.2,12.0
6.83,13.0
6.83,2.0
6.38,2.0
6.29,1.0
8.33,1.0
6.3807386399847035,1.0
6.3807386399847035,1.0
6.3807386399847035,1.0
6.3807386399847035,1.0
6.3807386399847035,52.0
6.3807386399847035,52.0
6.96,3.0
5.92,11.0
8.43,12.0
6.41,12.0
7.56,1.0
6.14,1.0
6.3807386399847035,1.0
6.3807386399847035,25.0
5.71,1.0
7.08,26.0
6.19,4.0
6.3807386399847035,1.0
6.3807386399847035,1.0
6.3807386399847035,1.0
6.3807386399847035,1.0
6.62,1.0
7.2,97.0
7.56,13.0
5.21,3.0
4.85,3.0
6.3807386399847035,5.0
5.81,1.0
6.3807386399847035,1.0
4.75,1.0
5.72,1.0
6.3807386399847035,1.0
7.85,26.0
5.64,13.0
6.21,13.0
5.3,1.0
5.95,12.0
6.3807386399847035,1.0
7.26,40.0
6.3807386399847035,8.0
6.3807386399847035,3.0
6.3807386399847035,1.0
8.19,12.0
5.48,2.0
5.72,1.0
7.26,12.0
7.56,12.0
5.74,1.0
7.17,51.0
6.3807386399847035,1.0
6.3807386399847035,1.0
6.0,12.0
6.9,12.0
6.84,12.0
5.68,19.0
6.3807386399847035,20.0
6.36,12.0
5.56,4.0
6.3807386399847035,1.0
5.17,1.0
6.3807386399847035,1.0
6.3807386399847035,1.0
6.3807386399847035,1.0
6.3807386399847035,1.0
5.69,1.0
5.62,1.0
6.3807386399847035,1.0
6.88,21.0
7.2,50.0
6.88,12.0
6.77,1.0
8.43,15.0
6.66,20.0
6.86,12.0
5.56,1.0
5.91,1.0
5.29,1.0
6.3807386399847035,52.0
6.94,12.0
6.47,1.0
6.41,6.0
6.23,2.0
6.3807386399847035,52.0
6.3807386399847035,1.0
6.52,12.0
7.34,2.0
6.3807386399847035,2.0
5.53,2.0
4.46,1.0
6.3807386399847035,8.0
6.3,25.0
6.3807386399847035,30.0
6.45,1.0
4.67,1.0
6.37,12.0
6.3807386399847035,1.0
4.2,1.0
5.24,12.0
6.85,13.0
6.42,1.0
6.3807386399847035,40.0
6.21,1.0
5.57,8.0
7.42,1.0
6.3807386399847035,1.0
5.78,12.0
6.63,2.0
4.79,1.0
5.61,4.0
5.91,1.0
5.07,2.0
6.3807386399847035,4.0
6.51,9.0
6.51,51.0
6.3807386399847035,2.0
4.79,1.0
5.67,1.0
6.45,1.0
6.45,16.0
6.01,20.0
6.9,48.0
6.6,26.0
6.65,12.0
5.94,52.0
7.06,12.0
7.3,1.0
7.14,1.0
7.44,1.0
7.62,1.0
7.19,1.0
5.76,6.0
5.82,2.0
5.84,1.0
5.91,2.0
5.58,13.0
6.6,49.0
6.3807386399847035,23.0
6.3807386399847035,3.0
6.56,26.0
5.18,1.0
6.3807386399847035,13.0
4.65,1.0
6.3807386399847035,1.0
7.17,24.0
5.94,4.0
7.56,3.0
5.58,1.0
6.62,24.0
6.36,1.0
7.23,12.0
7.44,1.0
7.42,12.0
6.3807386399847035,1.0
6.3807386399847035,1.0
5.96,3.0
5.33,1.0
5.37,1.0
5.42,1.0
6.3807386399847035,1.0
6.3807386399847035,13.0
6.63,2.0
6.27,1.0
7.15,1.0
6.3807386399847035,1.0
5.65,32.0
6.16,32.0
7.48,1.0
5.13,12.0
6.54,1.0
8.47,24.0
5.52,1.0
4.74,1.0
5.17,1.0
5.7,1.0
6.01,12.0
5.59,1.0
5.72,1.0
5.67,1.0
6.77,12.0
6.22,50.0
7.12,3.0
6.45,1.0
5.05,1.0
6.79,1.0
7.28,50.0
5.16,1.0
7.14,6.0
6.2,1.0
7.56,1.0
4.79,1.0
5.73,8.0
5.18,1.0
6.3807386399847035,5.0
5.46,1.0
6.3807386399847035,3.0
6.3807386399847035,1.0
5.39,1.0
6.51,13.0
5.73,8.0
6.33,7.0
7.49,11.0
6.3807386399847035,40.0
8.14,24.0
5.02,1.0
6.6,24.0
7.87,24.0
6.03,12.0
6.3807386399847035,1.0
6.28,11.0
7.14,1.0
7.47,1.0
7.72,1.0
5.69,12.0
7.14,36.0
3.06,12.0
7.01,10.0
8.24,13.0
7.07,18.0
4.31,1.0
4.63,1.0
6.3807386399847035,1.0
6.3807386399847035,1.0
6.73,12.0
6.3807386399847035,1.0
6.3807386399847035,1.0
6.3807386399847035,1.0
6.3807386399847035,1.0
6.3807386399847035,1.0
6.3807386399847035,1.0
5.61,1.0
6.3807386399847035,52.0
4.51,1.0
6.3807386399847035,12.0
6.87,3.0
7.45,12.0
6.71,52.0
5.99,12.0
6.3807386399847035,1.0
5.1,1.0
5.68,51.0
6.3807386399847035,7.0
6.71,12.0
7.16,23.0
8.88,14.0
7.21,1.0
6.3807386399847035,1.0
6.3807386399847035,1.0
6.82,13.0
7.52,13.0
6.69,1.0
7.64,1.0
6.45,6.0
6.55,1.0
5.3,1.0
6.36,1.0
5.53,13.0
8.8,13.0
6.01,1.0
8.16,1.0
8.37,1.0
7.44,1.0
6.79,12.0
8.24,24.0
8.74,24.0
6.44,13.0
6.74,12.0
5.07,1.0
5.09,1.0
6.3807386399847035,1.0
5.91,1.0
6.34,1.0
5.51,1.0
5.71,1.0
5.43,1.0
5.11,2.0
6.3807386399847035,1.0
5.71,1.0
5.5,1.0
6.3807386399847035,1.0
5.7,1.0
5.96,1.0
6.02,1.0
5.31,1.0
5.39,1.0
5.17,1.0
5.49,1.0
4.86,1.0
5.93,1.0
4.92,1.0
4.75,1.0
6.11,1.0
5.39,3.0
5.68,1.0
6.3807386399847035,20.0
6.01,10.0
6.3807386399847035,26.0
6.3807386399847035,12.0
6.42,12.0
5.63,3.0
6.44,20.0
6.38,16.0
6.3807386399847035,1.0
6.98,12.0
4.89,12.0
5.83,13.0
6.11,3.0
7.16,12.0
7.09,12.0
5.7,12.0
6.15,2.0
6.38,1.0
6.66,12.0
5.42,1.0
6.63,8.0
6.1,1.0
6.3807386399847035,1.0
5.53,1.0
6.96,1.0
7.33,2.0
7.38,13.0
6.42,12.0
6.55,12.0
5.81,1.0
5.35,12.0
5.73,1.0
6.3807386399847035,1.0
5.7,1.0
5.6,1.0
5.63,1.0
5.96,1.0
6.49,1.0
5.62,1.0
5.49,1.0
6.71,8.0
7.48,12.0
6.3807386399847035,1.0
7.28,12.0
5.97,24.0
6.3807386399847035,24.0
7.52,1.0
5.84,1.0
6.84,3.0
4.71,1.0
6.3807386399847035,42.0
5.28,3.0
6.3807386399847035,4.0
6.16,12.0
6.3807386399847035,1.0
5.95,33.0
6.4,11.0
6.3807386399847035,24.0
6.51,3.0
6.3807386399847035,39.0
5.74,12.0
6.18,12.0
5.88,1.0
6.3807386399847035,1.0
5.98,12.0
5.67,1.0
6.3807386399847035,5.0
5.07,3.0
5.03,7.0
6.3807386399847035,7.0
5.09,3.0
6.3807386399847035,1.0
6.3807386399847035,1.0
5.42,4.0
6.26,1.0
7.92,13.0
6.75,1.0
5.82,1.0
7.5,1.0
5.19,1.0
6.27,1.0
6.3807386399847035,4.0
6.3807386399847035,1.0
6.3807386399847035,1.0
6.3807386399847035,1.0
5.61,1.0
6.3807386399847035,1.0
6.3807386399847035,1.0
6.3807386399847035,1.0
6.3807386399847035,1.0
4.98,1.0
6.3807386399847035,1.0
6.3807386399847035,13.0
6.58,2.0
6.17,3.0
7.64,1.0
6.04,8.0
6.7,1.0
6.45,1.0
6.3807386399847035,40.0
7.23,12.0
5.52,1.0
6.93,1.0
6.3807386399847035,1.0
6.3807386399847035,1.0
6.88,12.0
4.78,1.0
4.83,1.0
6.3807386399847035,1.0
6.3807386399847035,1.0
6.3807386399847035,1.0
5.39,1.0
6.3807386399847035,1.0
5.33,1.0
5.7,2.0
6.2,20.0
6.34,47.0
6.27,25.0
4.99,1.0
5.46,12.0
4.84,12.0
6.3807386399847035,26.0
6.3807386399847035,6.0
6.3807386399847035,1.0
6.3807386399847035,52.0
5.54,1.0
6.77,1.0
6.3807386399847035,1.0
6.52,1.0
7.82,1.0
5.4,12.0
6.87,2.0
7.68,1.0
5.99,1.0
6.01,1.0
6.22,1.0
6.54,6.0
8.51,12.0
6.3807386399847035,26.0
6.81,13.0
6.07,1.0
7.9,13.0
5.87,26.0
6.26,5.0
6.0,1.0
5.28,1.0
6.3807386399847035,26.0
6.43,12.0
6.3807386399847035,1.0
5.33,1.0
7.67,1.0
6.1,13.0
7.52,1.0
6.97,1.0
7.15,1.0
6.3807386399847035,1.0
5.43,2.0
8.12,237.0
4.6,12.0
5.24,1.0
7.06,1.0
6.3807386399847035,1.0
6.65,1.0
6.55,1.0
5.92,3.0
4.64,2.0
5.28,1.0
6.3807386399847035,6.0
6.3807386399847035,4.0
4.96,2.0
4.76,2.0
5.09,1.0
5.71,1.0
6.83,4.0
6.75,4.0
6.87,4.0
7.19,1.0
6.93,1.0
5.73,1.0
6.31,3.0
5.19,1.0
7.59,13.0
8.02,13.0
7.75,26.0
6.3807386399847035,1.0
6.3807386399847035,6.0
5.45,4.0
6.3807386399847035,1.0
5.83,1.0
7.23,1.0
6.84,1.0
6.48,20.0
6.03,13.0
7.43,12.0
6.3807386399847035,5.0
6.3807386399847035,1.0
6.17,13.0
6.52,12.0
6.39,12.0
5.87,12.0
6.22,1.0
7.17,1.0
6.3807386399847035,20.0
6.3807386399847035,1.0
5.43,1.0
5.38,1.0
6.74,1.0
6.85,6.0
5.09,1.0
7.13,3.0
6.57,12.0
6.89,2.0
6.03,1.0
6.12,1.0
7.73,24.0
6.87,12.0
6.3807386399847035,12.0
6.21,21.0
6.3807386399847035,1.0
5.47,1.0
6.3807386399847035,1.0
7.92,12.0
5.72,1.0
5.62,1.0
7.82,3.0
7.21,40.0
6.3,20.0
6.03,4.0
6.25,12.0
6.3807386399847035,26.0
6.3807386399847035,13.0
6.3807386399847035,26.0
6.3807386399847035,13.0
6.3807386399847035,26.0
5.19,1.0
5.3,9.0
6.3807386399847035,3.0
6.3807386399847035,49.0
5.47,12.0
7.42,1.0
6.49,1.0
7.67,12.0
7.57,13.0
7.74,1.0
5.96,1.0
8.14,15.0
6.78,30.0
6.73,12.0
8.39,23.0
6.14,1.0
6.54,3.0
6.59,55.0
6.55,1.0
6.69,1.0
7.59,12.0
6.0,2.0
7.42,12.0
7.51,12.0
6.3807386399847035,8.0
6.33,12.0
5.84,36.0
7.2,1.0
6.67,12.0
7.02,1.0
7.45,24.0
7.74,10.0
7.34,1.0
8.9,1.0
6.52,13.0
8.24,12.0
6.73,12.0
8.58,39.0
5.78,12.0
7.29,12.0
6.19,6.0
7.52,1.0
6.92,1.0
6.15,12.0
8.41,12.0
8.5,26.0
6.3807386399847035,12.0
7.59,2.0
8.22,12.0
6.58,12.0
7.34,12.0
6.69,12.0
6.3807386399847035,10.0
6.3807386399847035,13.0
6.67,12.0
6.3807386399847035,130.0
6.3807386399847035,1.0
5.5,1.0
6.3807386399847035,1.0
6.3807386399847035,1.0
6.87,1.0
6.3807386399847035,10.0
4.59,1.0
6.3807386399847035,17.0
5.71,30.0
6.8,4.0
6.15,1.0
6.63,63.0
5.54,3.0
5.59,1.0
7.56,1.0
5.25,2.0
5.63,1.0
6.88,2.0
6.08,1.0
6.22,2.0
6.94,1.0
7.08,4.0
6.59,2.0
6.14,2.0
6.63,4.0
6.5,2.0
6.64,2.0
8.45,1.0
4.74,1.0
5.16,1.0
5.22,1.0
4.62,1.0
6.32,1.0
5.35,1.0
6.3807386399847035,2.0
6.3807386399847035,1.0
6.93,3.0
6.16,1.0
7.0,1.0
5.46,1.0
6.3807386399847035,1.0
5.45,41.0
4.56,1.0
6.3807386399847035,1.0
5.78,1.0
6.92,12.0
5.56,1.0
4.74,1.0
5.79,11.0
6.3,1.0
6.3807386399847035,40.0
5.65,26.0
5.61,26.0
5.43,26.0
6.3807386399847035,1.0
5.5,26.0
6.3807386399847035,26.0
6.2,1.0
7.92,13.0
8.06,1.0
6.01,13.0
7.94,21.0
6.85,1.0
7.58,1.0
6.3807386399847035,6.0
8.17,1.0
6.69,24.0
6.3807386399847035,1.0
6.11,12.0
6.3807386399847035,52.0
6.3807386399847035,26.0
6.3807386399847035,84.0
6.36,1.0
5.65,1.0
7.22,24.0
6.3807386399847035,20.0
7.66,12.0
6.21,2.0
6.08,1.0
6.22,4.0
6.09,13.0
5.95,16.0
6.3807386399847035,1.0
6.3807386399847035,4.0
6.3807386399847035,20.0
6.3807386399847035,20.0
6.3807386399847035,40.0
6.3807386399847035,80.0
6.3807386399847035,52.0
6.3807386399847035,52.0
6.3807386399847035,52.0
6.3807386399847035,52.0
6.3807386399847035,52.0
6.3807386399847035,52.0
6.3807386399847035,52.0
6.3807386399847035,52.0
6.51,1.0
6.3807386399847035,124.0
6.3807386399847035,1.0
6.3807386399847035,1.0
6.3807386399847035,1.0
6.3807386399847035,26.0
6.3807386399847035,52.0
6.3807386399847035,1.0
6.3807386399847035,104.0
6.3807386399847035,26.0
6.17,2.0
5.66,1.0
7.73,12.0
6.3807386399847035,26.0
6.3,2.0
6.06,12.0
5.49,1.0
6.04,10.0
5.96,12.0
4.95,1.0
6.89,24.0
5.53,11.0
5.9,6.0
6.3807386399847035,30.0
6.3807386399847035,12.0
6.3807386399847035,12.0
6.3807386399847035,1.0
6.01,25.0
5.05,6.0
6.31,27.0
6.29,1.0
5.07,1.0
7.28,13.0
4.89,1.0
6.51,12.0
6.3807386399847035,1.0
6.3807386399847035,2.0
5.05,10.0
7.07,1.0
5.5,12.0
7.87,1.0
6.24,12.0
6.3807386399847035,17.0
6.11,3.0
5.56,12.0
7.22,12.0
6.3807386399847035,30.0
6.99,12.0
5.97,12.0
8.22,1.0
6.87,49.0
6.3807386399847035,26.0
8.2,1.0
7.34,72.0
5.65,12.0
7.03,1.0
6.38,4.0
6.8,13.0
5.64,2.0
6.41,26.0
6.62,4.0
5.99,1.0
6.3,13.0
5.54,1.0
6.3807386399847035,30.0
6.7,12.0
6.3807386399847035,1.0
5.36,11.0
5.86,1.0
6.3807386399847035,1.0
5.63,1.0
5.65,2.0
7.09,1.0
5.81,12.0
6.55,12.0
6.3807386399847035,4.0
6.84,12.0
6.65,12.0
6.3807386399847035,1.0
6.3807386399847035,1.0
6.3807386399847035,1.0
6.3807386399847035,1.0
6.3807386399847035,1.0
6.3807386399847035,1.0
6.3807386399847035,1.0
6.3807386399847035,1.0
6.3807386399847035,1.0
7.34,1.0
6.3807386399847035,1.0
6.3807386399847035,1.0
6.3807386399847035,1.0
6.3807386399847035,1.0
6.3807386399847035,1.0
6.3807386399847035,1.0
6.54,2.0
6.3807386399847035,1.0
6.3807386399847035,1.0
6.28,12.0
8.6,1.0
7.18,2.0
5.76,12.0
7.75,1.0
7.93,12.0
6.3807386399847035,1.0
6.3807386399847035,1.0
5.79,1.0
5.36,1.0
5.78,4.0
6.3807386399847035,20.0
7.94,3.0
6.3807386399847035,6.0
4.58,1.0
5.19,1.0
7.4,2.0
7.32,1.0
5.92,4.0
6.3807386399847035,1.0
6.3807386399847035,237.0
6.3807386399847035,50.0
5.19,1.0
5.7,2.0
6.06,1.0
7.56,1.0
4.76,1.0
4.64,2.0
5.67,40.0
5.93,40.0
7.16,1.0
6.3807386399847035,1.0
5.91,1.0
5.45,1.0
6.3807386399847035,1.0
5.98,3.0
6.76,11.0
6.34,1.0
5.6,1.0
5.6,12.0
6.51,12.0
6.3807386399847035,5.0
7.73,1.0
6.3807386399847035,20.0
4.94,1.0
7.91,25.0
7.89,10.0
7.51,4.0
6.25,12.0
5.94,20.0
7.6,1.0
5.82,13.0
6.56,1.0
6.3807386399847035,7.0
7.97,3.0
5.41,1.0
6.29,3.0
6.3807386399847035,12.0
6.55,1.0
6.9,2.0
5.46,2.0
7.47,40.0
7.69,12.0
5.82,12.0
6.04,1.0
5.59,1.0
5.61,13.0
5.1,11.0
8.41,8.0
6.84,1.0
6.15,1.0
5.93,1.0
6.35,1.0
7.05,42.0
5.1,1.0
7.26,6.0
5.26,1.0
7.39,12.0
5.61,1.0
8.53,13.0
8.46,1.0
7.32,12.0
5.18,1.0
6.3807386399847035,1.0
7.21,12.0
8.17,25.0
7.32,12.0
6.3807386399847035,1.0
5.45,1.0
5.99,1.0
5.68,1.0
5.68,1.0
6.82,1.0
6.54,16.0
7.4,12.0
6.3807386399847035,1.0
6.3807386399847035,1.0
5.06,1.0
6.3807386399847035,3.0
4.67,1.0
5.36,1.0
4.95,1.0
6.3807386399847035,2.0
6.3807386399847035,1.0
6.3807386399847035,1.0
4.86,1.0
5.03,1.0
5.14,2.0
4.58,1.0
6.3807386399847035,1.0
4.97,1.0
5.3,2.0
5.86,2.0
6.39,1.0
5.28,1.0
9.05,10.0
5.76,52.0
6.3807386399847035,52.0
6.74,1.0
7.36,12.0
6.18,12.0
7.26,1.0
7.31,12.0
5.68,40.0
5.96,26.0
6.82,8.0
6.3807386399847035,42.0
6.3807386399847035,26.0
5.73,1.0
6.69,1.0
6.03,12.0
4.71,2.0
6.29,24.0
5.55,1.0
6.3807386399847035,2.0
5.57,1.0
7.47,12.0
6.28,12.0
6.3807386399847035,9.0
6.11,1.0
6.3807386399847035,12.0
6.3807386399847035,20.0
5.92,1.0
6.3807386399847035,13.0
6.3807386399847035,13.0
6.3807386399847035,13.0
6.3807386399847035,15.0
5.93,12.0
5.55,12.0
7.53,49.0
6.3807386399847035,20.0
5.31,4.0
7.61,1.0
6.22,1.0
6.38,1.0
6.3807386399847035,10.0
6.3807386399847035,6.0
6.41,12.0
6.3807386399847035,13.0
6.3807386399847035,13.0
6.3807386399847035,1.0
6.3807386399847035,1.0
5.04,1.0
6.3807386399847035,1.0
7.71,12.0
6.68,4.0
5.91,1.0
6.3807386399847035,1.0
6.3807386399847035,1.0
6.3807386399847035,4.0
5.55,6.0
6.29,15.0
6.8,1.0
6.3807386399847035,26.0
5.01,1.0
6.3807386399847035,1.0
6.3807386399847035,1.0
6.3807386399847035,1.0
5.26,4.0
6.3807386399847035,1.0
6.3807386399847035,1.0
6.3807386399847035,1.0
5.59,1.0
7.21,1.0
7.23,11.0
6.41,1.0
7.49,12.0
6.46,12.0
6.57,1.0
5.71,1.0
8.06,12.0
6.64,13.0
6.29,12.0
7.71,24.0
6.4,1.0
6.12,10.0
5.58,1.0
5.89,2.0
6.11,12.0
5.75,1.0
8.22,25.0
6.41,1.0
6.3807386399847035,2.0
5.33,1.0
5.87,13.0
5.63,16.0
5.93,12.0
8.29,24.0
6.64,3.0
7.36,2.0
5.09,1.0
4.34,1.0
5.21,1.0
5.56,1.0
6.3807386399847035,20.0
6.53,12.0
7.23,1.0
7.5,3.0
6.3807386399847035,8.0
4.48,1.0
6.72,1.0
5.6,10.0
6.3807386399847035,1.0
6.3807386399847035,1.0
6.01,26.0
6.79,1.0
5.83,1.0
4.56,1.0
4.79,1.0
6.3807386399847035,1.0
8.26,52.0
7.23,2.0
7.22,1.0
6.56,12.0
6.3807386399847035,1.0
6.12,1.0
7.42,1.0
7.15,26.0
6.8,12.0
6.3807386399847035,1.0
5.75,1.0
3.99,1.0
6.25,13.0
6.3807386399847035,1.0
7.34,12.0
4.19,1.0
5.12,1.0
4.81,1.0
7.33,12.0
6.05,1.0
4.87,1.0
4.3,1.0
4.64,1.0
4.73,1.0
4.55,1.0
6.44,13.0
6.38,1.0
5.73,6.0
7.85,1.0
4.7,2.0
4.72,1.0
4.38,2.0
6.3807386399847035,6.0
6.17,4.0
7.67,3.0
6.72,12.0
6.58,1.0
5.93,1.0
5.55,1.0
6.3807386399847035,1.0
6.3807386399847035,1.0
7.38,12.0
6.34,1.0
5.67,1.0
7.54,12.0
7.49,5.0
5.09,1.0
5.02,1.0
5.34,1.0
5.97,8.0
6.41,2.0
6.6,12.0
5.25,2.0
5.64,12.0
7.48,51.0
5.21,13.0
6.25,1.0
5.26,1.0
5.58,1.0
6.5,1.0
4.9,1.0
5.52,1.0
5.36,1.0
5.31,12.0
7.24,1.0
7.5,1.0
5.47,1.0
5.32,1.0
6.3807386399847035,4.0
6.3807386399847035,2.0
7.38,1.0
8.29,1.0
6.3807386399847035,5.0
6.3807386399847035,21.0
6.26,12.0
5.89,2.0
6.3,12.0
6.4,20.0
5.37,12.0
6.3807386399847035,1.0
6.3807386399847035,1.0
5.5,1.0
7.78,1.0
5.29,12.0
6.8,1.0
2.9,12.0
6.42,1.0
5.35,1.0
6.3807386399847035,1.0
6.3807386399847035,25.0
5.69,12.0
6.3807386399847035,1.0
6.3807386399847035,1.0
4.92,1.0
5.61,2.0
6.34,2.0
7.33,2.0
6.3807386399847035,1.0
6.3807386399847035,1.0
6.3807386399847035,1.0
6.3807386399847035,1.0
6.3807386399847035,1.0
6.3807386399847035,1.0
6.3807386399847035,1.0
6.3807386399847035,1.0
6.3807386399847035,1.0
6.3807386399847035,1.0
6.3807386399847035,1.0
6.3807386399847035,1.0
6.3807386399847035,50.0
6.15,1.0
8.36,13.0
5.13,1.0
5.87,1.0
5.51,1.0
8.42,13.0
7.15,1.0
4.48,1.0
7.13,3.0
5.37,1.0
6.54,1.0
5.22,1.0
5.13,4.0
5.42,1.0
5.08,20.0
5.34,1.0
5.53,1.0
5.77,1.0
6.19,13.0
6.3807386399847035,1.0
5.3,1.0
6.3807386399847035,1.0
4.39,1.0
6.73,3.0
7.62,16.0
6.8,26.0
6.3807386399847035,20.0
6.52,12.0
7.23,1.0
5.6,1.0
6.4,24.0
6.73,12.0
6.3807386399847035,4.0
6.3807386399847035,5.0
6.02,1.0
5.61,2.0
5.65,1.0
6.45,12.0
7.1,1.0
6.28,1.0
6.66,3.0
6.71,12.0
5.66,2.0
4.84,1.0
5.92,1.0
7.64,1.0
7.38,13.0
5.44,1.0
4.67,1.0
7.11,1.0
5.91,1.0
5.9,1.0
5.52,1.0
5.54,1.0
6.85,1.0
7.13,3.0
5.81,1.0
6.47,4.0
5.27,1.0
5.29,1.0
3.03,1.0
5.44,1.0
6.53,1.0
6.35,1.0
5.79,1.0
7.76,10.0
7.36,12.0
8.06,12.0
6.0,2.0
6.82,2.0
5.54,1.0
5.37,2.0
7.28,1.0
5.09,1.0
5.26,1.0
6.3807386399847035,1.0
6.3807386399847035,50.0
6.3807386399847035,26.0
6.06,1.0
6.3807386399847035,26.0
6.3807386399847035,13.0
7.73,1.0
6.91,12.0
5.63,1.0
5.75,1.0
6.05,7.0
6.3807386399847035,23.0
7.32,12.0
7.26,12.0
5.13,1.0
6.3807386399847035,3.0
6.3807386399847035,10.0
6.61,12.0
6.3807386399847035,50.0
6.3807386399847035,5.0
6.3807386399847035,3.0
6.3807386399847035,13.0
5.05,1.0
6.3807386399847035,1.0
6.3807386399847035,5.0
4.62,1.0
5.43,51.0
6.3807386399847035,51.0
6.98,2.0
6.03,2.0
6.3807386399847035,27.0
6.3807386399847035,13.0
7.46,11.0
5.53,1.0
6.03,1.0
7.34,2.0
5.79,12.0
7.47,1.0
6.16,1.0
5.9,1.0
6.89,2.0
7.65,12.0
6.3807386399847035,1.0
6.3807386399847035,1.0
7.17,26.0
6.87,30.0
6.3807386399847035,1.0
6.3807386399847035,1.0
7.15,1.0
5.54,1.0
6.3807386399847035,1.0
5.29,1.0
5.74,1.0
6.3807386399847035,2.0
6.3807386399847035,22.0
7.16,1.0
6.44,2.0
5.19,1.0
4.54,1.0
5.64,1.0
5.5,1.0
6.3807386399847035,1.0
6.3807386399847035,1.0
6.3807386399847035,4.0
6.3807386399847035,1.0
6.3807386399847035,1.0
6.3807386399847035,1.0
6.3807386399847035,1.0
5.87,1.0
5.97,7.0
6.3807386399847035,1.0
8.32,1.0
7.37,1.0
7.51,1.0
6.34,4.0
6.49,1.0
6.3807386399847035,1.0
6.3807386399847035,26.0
6.3807386399847035,11.0
6.3807386399847035,96.0
6.3807386399847035,90.0
6.3807386399847035,64.0
6.3807386399847035,97.0
6.3807386399847035,83.0
6.3807386399847035,42.0
6.3807386399847035,84.0
6.3807386399847035,108.0
6.3807386399847035,30.0
6.3807386399847035,108.0
6.3807386399847035,1.0
6.3807386399847035,79.0
6.3807386399847035,52.0
6.3807386399847035,52.0
6.3807386399847035,56.0
6.3807386399847035,48.0
6.3807386399847035,80.0
6.3807386399847035,52.0
6.32,40.0
6.3807386399847035,1.0
6.3807386399847035,1.0
6.3807386399847035,1.0
6.3807386399847035,1.0
6.3807386399847035,1.0
6.3807386399847035,4.0
7.22,4.0
6.3807386399847035,1.0
6.3807386399847035,1.0
6.3807386399847035,1.0
6.3807386399847035,1.0
6.3807386399847035,1.0
6.3807386399847035,1.0
6.3807386399847035,1.0
6.3807386399847035,1.0
6.3807386399847035,1.0
6.3807386399847035,1.0
6.3807386399847035,1.0
6.3807386399847035,6.0
7.12,1.0
7.9,1.0
7.43,1.0
8.17,1.0
6.3807386399847035,1.0
6.3807386399847035,1.0
6.3807386399847035,1.0
5.44,1.0
5.74,1.0
5.34,1.0
5.78,1.0
6.17,1.0
7.41,1.0
7.49,3.0
5.48,1.0
5.01,1.0
5.65,1.0
5.62,1.0
5.99,48.0
7.13,12.0
6.23,1.0
5.75,1.0
6.76,13.0
6.3807386399847035,54.0
6.3807386399847035,12.0
6.72,60.0
6.3807386399847035,12.0
6.41,12.0
7.84,12.0
7.75,23.0
6.3807386399847035,4.0
8.08,12.0
6.4,12.0
5.71,1.0
6.3807386399847035,1.0
6.3807386399847035,1.0
5.76,1.0
6.6,1.0
6.3807386399847035,3.0
6.3807386399847035,1.0
5.29,1.0
5.51,1.0
5.17,1.0
5.41,1.0
5.17,1.0
5.17,1.0
5.1,1.0
5.67,1.0
5.57,1.0
5.89,1.0
5.54,1.0
5.58,1.0
6.06,12.0
6.27,1.0
5.42,1.0
6.3807386399847035,1.0
6.1,1.0
6.25,1.0
6.3807386399847035,1.0
6.3807386399847035,1.0
6.3807386399847035,16.0
6.22,12.0
6.43,1.0
6.79,1.0
5.71,1.0
6.65,2.0
6.31,14.0
6.3807386399847035,1.0
8.3,12.0
6.12,2.0
6.82,1.0
5.35,2.0
5.74,1.0
6.3807386399847035,1.0
6.3807386399847035,1.0
6.3807386399847035,1.0
6.3807386399847035,1.0
7.08,1.0
5.97,2.0
5.12,1.0
6.3807386399847035,1.0
6.3807386399847035,1.0
6.3807386399847035,1.0
6.3807386399847035,1.0
5.94,1.0
6.3807386399847035,1.0
6.3807386399847035,1.0
6.3807386399847035,1.0
5.29,1.0
6.79,1.0
5.76,1.0
6.36,36.0
5.53,1.0
5.46,1.0
6.18,52.0
5.52,1.0
5.07,1.0
5.0,1.0
5.16,1.0
5.88,1.0
7.05,13.0
5.31,1.0
5.3,1.0
6.24,1.0
5.41,1.0
5.56,1.0
6.16,13.0
6.57,2.0
5.4,1.0
5.2,1.0
6.3807386399847035,1.0
6.3807386399847035,1.0
6.3807386399847035,1.0
6.3807386399847035,1.0
6.44,1.0
6.15,1.0
6.3,1.0
5.82,11.0
5.48,1.0
5.58,1.0
5.83,1.0
5.93,1.0
7.1,12.0
5.43,3.0
6.5,12.0
6.3807386399847035,1.0
6.08,4.0
6.3807386399847035,1.0
5.15,1.0
6.36,2.0
6.18,1.0
6.28,1.0
5.7,1.0
6.59,8.0
6.22,7.0
6.3807386399847035,1.0
6.3807386399847035,2.0
6.3807386399847035,2.0
6.3807386399847035,1.0
5.16,1.0
5.38,1.0
6.3807386399847035,2.0
6.3807386399847035,1.0
6.3807386399847035,1.0
6.3807386399847035,1.0
7.58,21.0
6.3807386399847035,32.0
6.3807386399847035,1.0
6.3807386399847035,1.0
6.3807386399847035,1.0
6.3807386399847035,1.0
6.5,1.0
6.39,1.0
6.3807386399847035,1.0
6.35,4.0
6.3807386399847035,1.0
6.3807386399847035,1.0
5.89,2.0
6.3807386399847035,2.0
6.3807386399847035,1.0
6.3807386399847035,1.0
6.3807386399847035,1.0
6.3807386399847035,1.0
6.3807386399847035,1.0
6.3807386399847035,1.0
6.3807386399847035,1.0
6.3807386399847035,1.0
7.31,12.0
6.3807386399847035,1.0
6.78,1.0
6.3807386399847035,1.0
6.3807386399847035,1.0
6.88,12.0
7.81,2.0
5.56,1.0
5.47,1.0
5.51,1.0
5.73,1.0
5.59,2.0
6.3807386399847035,1.0
6.3807386399847035,1.0
6.3807386399847035,1.0
6.3807386399847035,1.0
6.3807386399847035,1.0
6.3807386399847035,1.0
6.3807386399847035,1.0
6.3807386399847035,1.0
6.3807386399847035,40.0
6.3807386399847035,1.0
6.3807386399847035,1.0
6.3807386399847035,2.0
5.3,1.0
6.1,7.0
6.67,13.0
6.7,12.0
6.34,13.0
6.3807386399847035,1.0
6.3807386399847035,1.0
6.3807386399847035,1.0
6.71,1.0
6.3807386399847035,2.0
5.77,13.0
6.3807386399847035,1.0
6.3807386399847035,1.0
5.64,4.0
5.89,1.0
6.3807386399847035,78.0
6.3807386399847035,1.0
7.56,1.0
6.3807386399847035,1.0
6.3807386399847035,1.0
6.3807386399847035,1.0
6.6,12.0
5.76,24.0
6.99,13.0
5.23,1.0
5.46,1.0
6.36,4.0
8.0,14.0
7.44,12.0
6.94,1.0
6.65,4.0
6.0,1.0
5.29,1.0
7.55,7.0
7.11,1.0
6.3807386399847035,1.0
6.75,1.0
5.8,1.0
9.04,1.0
7.29,1.0
6.3807386399847035,1.0
6.87,6.0
6.07,1.0
7.45,8.0
7.55,1.0
4.84,1.0
5.29,1.0
5.44,1.0
6.3807386399847035,1.0
6.3807386399847035,1.0
6.3807386399847035,1.0
6.3807386399847035,1.0
6.3807386399847035,1.0
6.52,25.0
6.3807386399847035,1.0
7.22,1.0
5.72,1.0
5.89,1.0
5.62,1.0
7.12,5.0
5.75,7.0
6.36,12.0
5.67,2.0
4.72,12.0
6.3807386399847035,40.0
5.88,1.0
7.38,2.0
6.96,12.0
8.33,11.0
7.84,12.0
8.37,11.0
5.73,1.0
7.47,3.0
6.86,12.0
6.3807386399847035,1.0
6.3807386399847035,1.0
6.3807386399847035,1.0
6.55,1.0
6.3807386399847035,4.0
8.36,12.0
5.48,1.0
8.39,12.0
7.54,13.0
6.3807386399847035,30.0
5.81,1.0
6.3807386399847035,4.0
5.76,1.0
7.98,1.0
5.62,1.0
6.07,12.0
6.04,1.0
7.48,1.0
7.97,9.0
6.19,13.0
7.15,12.0
7.82,12.0
7.27,1.0
6.05,24.0
6.1,12.0
6.72,12.0
5.8,1.0
7.59,1.0
7.35,8.0
8.34,13.0
6.27,26.0
6.16,12.0
6.55,12.0
6.92,2.0
8.12,13.0
7.58,12.0
6.66,5.0
6.86,1.0
6.71,1.0
6.78,12.0
7.15,1.0
6.3807386399847035,2.0
5.01,1.0
5.3,11.0
5.36,1.0
7.7,1.0
5.07,12.0
5.68,10.0
5.48,50.0
4.82,1.0
6.3807386399847035,1.0
6.3807386399847035,1.0
6.3807386399847035,1.0
6.3807386399847035,1.0
6.3807386399847035,26.0
5.37,3.0
6.3807386399847035,50.0
6.3807386399847035,26.0
7.14,3.0
6.9,1.0
6.25,26.0
5.99,1.0
4.76,2.0
7.64,1.0
6.98,1.0
5.85,26.0
6.24,7.0
5.56,1.0
5.29,3.0
6.3807386399847035,4.0
6.3807386399847035,26.0
5.84,12.0
6.54,3.0
7.18,6.0
7.18,12.0
6.3807386399847035,12.0
6.09,12.0
6.3807386399847035,40.0
6.25,4.0
7.64,13.0
6.3807386399847035,1.0
5.49,1.0
6.3807386399847035,26.0
6.3807386399847035,26.0
6.85,1.0
5.6,1.0
6.3807386399847035,32.0
5.34,1.0
5.16,3.0
4.8,1.0
6.42,12.0
6.11,1.0
6.46,24.0
5.71,1.0
5.98,1.0
7.39,6.0
5.29,1.0
5.53,1.0
5.09,4.0
6.26,6.0
6.88,12.0
6.3807386399847035,3.0
5.53,1.0
5.44,1.0
5.24,1.0
6.2,20.0
5.66,1.0
5.62,1.0
6.57,12.0
6.3807386399847035,1.0
6.38,4.0
7.42,12.0
5.93,1.0
6.07,2.0
6.74,1.0
6.0,16.0
6.65,1.0
8.41,1.0
7.27,1.0
6.3807386399847035,18.0
6.3807386399847035,1.0
6.3807386399847035,2.0
6.4,1.0
7.41,1.0
6.3807386399847035,1.0
6.3807386399847035,1.0
7.74,1.0
6.17,1.0
6.62,20.0
6.77,1.0
6.3807386399847035,3.0
5.93,1.0
5.46,1.0
6.3807386399847035,1.0
8.08,12.0
5.21,1.0
6.3807386399847035,1.0
7.1,12.0
8.13,12.0
5.67,1.0
6.22,4.0
6.83,4.0
6.3807386399847035,104.0
5.9,12.0
7.23,6.0
6.08,2.0
6.3807386399847035,1.0
7.42,24.0
8.38,12.0
5.92,1.0
6.35,12.0
5.38,1.0
6.09,1.0
7.27,1.0
6.3807386399847035,40.0
6.29,30.0
5.27,1.0
6.3807386399847035,1.0
6.53,1.0
7.0,1.0
6.0,13.0
6.3807386399847035,2.0
5.87,1.0
5.66,1.0
5.56,2.0
6.68,1.0
6.24,20.0
6.3807386399847035,12.0
5.57,1.0
5.13,1.0
6.3807386399847035,1.0
6.3807386399847035,1.0
6.3807386399847035,1.0
6.3807386399847035,1.0
6.53,15.0
6.3807386399847035,1.0
6.3807386399847035,1.0
5.69,1.0
5.03,1.0
7.29,1.0
6.3807386399847035,1.0
5.21,1.0
6.33,1.0
5.99,1.0
5.7,1.0
5.73,1.0
5.39,1.0
5.73,1.0
6.3807386399847035,1.0
6.3807386399847035,1.0
5.82,12.0
6.3807386399847035,1.0
5.67,1.0
6.3807386399847035,1.0
5.6,1.0
6.3807386399847035,2.0
6.3807386399847035,5.0
6.3807386399847035,1.0
6.3807386399847035,1.0
7.12,40.0
6.3807386399847035,1.0
6.3807386399847035,1.0
3.79,12.0
6.38,52.0
6.3807386399847035,1.0
5.62,1.0
7.49,1.0
5.77,1.0
6.3807386399847035,1.0
6.3807386399847035,1.0
6.3807386399847035,1.0
5.9,1.0
6.62,6.0
6.67,52.0
7.81,1.0
5.66,1.0
7.74,12.0
6.94,11.0
6.81,1.0
5.84,1.0
6.89,12.0
6.1,1.0
7.69,12.0
6.36,12.0
6.32,1.0
6.17,8.0
5.77,12.0
6.54,1.0
7.12,2.0
6.63,1.0
6.3807386399847035,5.0
5.33,6.0
6.66,1.0
7.36,12.0
7.47,1.0
5.84,12.0
6.88,1.0
6.29,4.0
6.3807386399847035,5.0
7.0,1.0
5.09,1.0
5.42,1.0
6.52,1.0
5.51,1.0
5.44,1.0
5.37,1.0
4.89,1.0
7.34,13.0
7.32,12.0
6.3807386399847035,12.0
6.3807386399847035,40.0
7.43,12.0
5.77,8.0
5.41,10.0
5.13,1.0
4.61,4.0
6.3807386399847035,1.0
6.73,4.0
7.07,2.0
7.54,1.0
8.8,16.0
6.3807386399847035,1.0
6.45,8.0
5.18,1.0
5.87,8.0
6.25,1.0
6.3807386399847035,1.0
6.3807386399847035,1.0
5.22,26.0
5.59,2.0
7.47,1.0
6.32,25.0
7.84,13.0
6.81,2.0
8.23,23.0
6.3807386399847035,1.0
7.37,12.0
5.54,1.0
4.99,1.0
8.45,12.0
7.35,12.0
6.89,30.0
6.84,1.0
6.43,1.0
6.71,2.0
3.81,12.0
6.19,12.0
6.61,1.0
6.3807386399847035,1.0
8.03,1.0
7.82,1.0
6.71,2.0
5.8,12.0
6.3807386399847035,51.0
6.3807386399847035,7.0
6.3807386399847035,93.0
6.0,23.0
6.3807386399847035,52.0
6.3807386399847035,40.0
6.45,6.0
7.0,10.0
6.05,1.0
6.3807386399847035,6.0
6.09,1.0
4.88,1.0
4.78,1.0
7.25,3.0
7.57,1.0
6.14,1.0
5.73,13.0
6.3807386399847035,24.0
5.77,2.0
7.19,12.0
5.79,48.0
5.05,1.0
7.05,1.0
6.58,12.0
5.54,10.0
6.14,1.0
5.32,1.0
6.3807386399847035,25.0
6.3807386399847035,5.0
6.21,1.0
6.12,92.0
5.94,1.0
6.79,12.0
6.69,24.0
6.59,2.0
5.91,2.0
6.5,9.0
6.3807386399847035,8.0
6.45,1.0
6.3,1.0
5.58,1.0
5.01,1.0
5.41,1.0
5.56,1.0
5.37,12.0
5.84,50.0
6.6,31.0
5.78,1.0
6.87,1.0
8.01,12.0
6.46,1.0
6.39,12.0
6.11,1.0
6.27,1.0
5.92,1.0
6.3807386399847035,1.0
6.3807386399847035,6.0
7.03,13.0
6.14,1.0
5.74,12.0
6.06,12.0
6.55,1.0
5.57,1.0
5.19,1.0
5.89,1.0
7.15,1.0
6.54,13.0
5.66,1.0
5.35,1.0
8.13,1.0
6.6,1.0
7.81,10.0
5.54,1.0
7.55,13.0
5.42,1.0
6.3807386399847035,3.0
6.63,13.0
7.19,12.0
6.45,12.0
4.87,1.0
5.87,1.0
6.08,1.0
6.3807386399847035,1.0
6.3807386399847035,2.0
7.19,1.0
7.23,1.0
6.3807386399847035,26.0
5.96,1.0
6.3,1.0
5.67,1.0
6.18,8.0
5.83,1.0
6.42,12.0
7.83,2.0
7.02,25.0
5.97,3.0
7.68,12.0
7.29,12.0
6.3807386399847035,54.0
6.5,1.0
3.65,1.0
5.96,1.0
6.4,1.0
5.03,1.0
7.08,3.0
5.62,1.0
6.81,1.0
6.3807386399847035,20.0
6.3807386399847035,1.0
5.45,1.0
6.3807386399847035,1.0
6.12,2.0
5.29,1.0
7.02,1.0
7.48,1.0
6.65,2.0
6.3807386399847035,18.0
4.99,12.0
7.49,2.0
7.04,48.0
6.98,1.0
7.55,1.0
4.57,1.0
6.3807386399847035,4.0
6.28,1.0
5.24,1.0
7.19,2.0
7.24,1.0
5.38,1.0
5.67,1.0
5.26,1.0
6.3807386399847035,5.0
6.9,1.0
5.36,1.0
5.39,1.0
5.59,1.0
5.65,1.0
5.89,1.0
5.16,1.0
7.57,136.0
6.08,1.0
5.39,1.0
6.55,13.0
6.44,12.0
6.87,12.0
5.55,1.0
4.45,1.0
4.64,1.0
6.3807386399847035,1.0
6.3807386399847035,10.0
6.3807386399847035,1.0
5.8,52.0
6.3807386399847035,52.0
6.73,4.0
7.82,10.0
5.68,1.0
5.67,1.0
6.3807386399847035,1.0
5.84,8.0
5.77,1.0
5.78,2.0
6.3807386399847035,1.0
6.0,1.0
7.44,8.0
7.57,12.0
6.55,1.0
5.51,50.0
7.98,12.0
6.13,4.0
5.07,1.0
5.79,12.0
5.82,1.0
6.3807386399847035,16.0
6.3807386399847035,16.0
6.3807386399847035,16.0
6.96,1.0
4.86,1.0
5.93,1.0
6.3807386399847035,1.0
7.57,1.0
8.55,25.0
8.14,1.0
6.3807386399847035,26.0
6.3807386399847035,1.0
6.3807386399847035,1.0
7.73,1.0
4.82,1.0
6.4,1.0
8.57,12.0
7.94,30.0
5.52,12.0
6.3807386399847035,12.0
5.88,12.0
6.3807386399847035,1.0
6.3807386399847035,1.0
4.91,1.0
5.76,1.0
6.3807386399847035,1.0
6.46,1.0
7.46,12.0
6.3807386399847035,12.0
8.62,1.0
6.13,12.0
6.82,1.0
5.99,1.0
6.3807386399847035,1.0
6.31,1.0
6.87,1.0
6.3807386399847035,1.0
5.98,1.0
5.92,4.0
7.02,1.0
4.39,10.0
5.73,1.0
5.27,1.0
5.75,1.0
5.85,1.0
6.3807386399847035,3.0
6.3807386399847035,3.0
6.15,1.0
6.3807386399847035,3.0
6.95,12.0
6.3807386399847035,13.0
6.97,12.0
6.93,1.0
6.3807386399847035,10.0
5.46,12.0
6.85,1.0
7.15,6.0
6.3807386399847035,1.0
7.38,13.0
7.28,13.0
5.61,1.0
5.11,1.0
7.48,25.0
5.71,48.0
7.18,12.0
6.06,1.0
5.82,1.0
7.35,12.0
6.44,10.0
5.83,1.0
6.66,2.0
6.29,2.0
6.63,2.0
5.11,1.0
6.41,12.0
6.3807386399847035,1.0
7.07,12.0
7.12,12.0
5.44,1.0
7.26,13.0
6.3807386399847035,1.0
7.48,11.0
8.11,6.0
6.02,1.0
6.47,12.0
6.3807386399847035,1.0
6.3807386399847035,1.0
6.53,1.0
5.79,1.0
5.97,1.0
6.06,1.0
5.94,1.0
5.58,1.0
5.72,1.0
6.3807386399847035,1.0
6.02,1.0
6.11,9.0
5.93,12.0
7.56,1.0
6.3807386399847035,1.0
7.55,12.0
6.3807386399847035,1.0
6.3807386399847035,1.0
6.87,1.0
6.3807386399847035,1.0
6.94,12.0
7.22,1.0
6.3807386399847035,13.0
7.53,28.0
8.64,12.0
6.3807386399847035,1.0
6.34,12.0
6.65,12.0
4.93,1.0
5.16,1.0
6.3807386399847035,1.0
6.3807386399847035,1.0
7.06,12.0
6.3807386399847035,1.0
6.11,1.0
5.8,12.0
6.92,45.0
6.3807386399847035,1.0
6.43,1.0
7.89,1.0
5.43,1.0
6.3807386399847035,1.0
7.69,13.0
6.3807386399847035,1.0
5.75,12.0
6.3807386399847035,1.0
6.3807386399847035,1.0
5.43,1.0
6.99,1.0
6.3807386399847035,1.0
6.3807386399847035,2.0
5.98,16.0
6.69,1.0
6.3807386399847035,1.0
5.65,1.0
6.3807386399847035,4.0
5.9,1.0
7.09,1.0
5.34,1.0
6.3807386399847035,1.0
7.22,3.0
7.24,8.0
6.87,4.0
5.0,1.0
7.23,1.0
8.55,1.0
7.59,1.0
6.32,1.0
6.3807386399847035,1.0
6.3807386399847035,1.0
6.74,13.0
6.14,12.0
8.81,26.0
5.9,1.0
5.95,1.0
7.43,12.0
5.87,1.0
4.96,1.0
6.3807386399847035,1.0
6.45,1.0
6.39,1.0
6.16,1.0
6.3807386399847035,1.0
6.3807386399847035,1.0
5.25,1.0
6.82,2.0
5.59,1.0
5.49,1.0
5.79,1.0
6.3807386399847035,48.0
6.53,12.0
5.66,1.0
5.49,1.0
5.33,1.0
5.95,1.0
5.73,1.0
6.19,63.0
5.65,1.0
7.99,12.0
6.3807386399847035,1.0
5.29,1.0
6.23,1.0
5.46,1.0
5.54,1.0
8.2,13.0
8.37,11.0
6.96,16.0
6.96,5.0
7.35,52.0
7.42,13.0
4.99,1.0
5.86,12.0
6.3807386399847035,1.0
6.3807386399847035,1.0
4.91,1.0
7.23,8.0
5.38,1.0
8.64,24.0
5.88,23.0
6.34,12.0
7.11,12.0
5.84,3.0
6.02,36.0
5.46,12.0
5.7,77.0
5.29,12.0
6.78,3.0
6.04,1.0
7.04,12.0
6.3807386399847035,1.0
6.3807386399847035,13.0
5.62,1.0
8.54,12.0
7.23,1.0
5.79,1.0
5.51,1.0
5.85,12.0
8.2,10.0
6.3807386399847035,2.0
6.45,12.0
8.41,1.0
6.3807386399847035,1.0
5.47,1.0
6.3807386399847035,1.0
5.46,1.0
6.3807386399847035,1.0
5.61,2.0
6.8,13.0
6.9,10.0
6.66,1.0
6.3807386399847035,1.0
5.51,1.0
5.25,1.0
6.3807386399847035,1.0
7.78,1.0
8.11,12.0
5.67,1.0
5.38,1.0
6.88,2.0
6.26,12.0
5.41,1.0
7.38,1.0
6.21,1.0
6.3807386399847035,1.0
6.3807386399847035,4.0
7.22,24.0
8.55,23.0
6.43,1.0
5.84,1.0
6.3807386399847035,1.0
5.79,1.0
7.06,12.0
6.3807386399847035,1.0
7.47,1.0
7.42,12.0
6.3807386399847035,2.0
3.97,1.0
6.32,1.0
6.33,16.0
5.63,1.0
8.17,11.0
8.19,1.0
7.74,26.0
7.8,3.0
6.3807386399847035,1.0
7.53,7.0
6.3807386399847035,1.0
6.3807386399847035,1.0
6.3807386399847035,1.0
7.42,12.0
6.52,2.0
6.17,12.0
5.46,1.0
7.51,13.0
7.13,51.0
7.28,1.0
6.75,16.0
6.3807386399847035,15.0
5.44,1.0
6.73,1.0
6.38,13.0
5.77,38.0
6.77,4.0
7.14,1.0
6.6,2.0
7.32,13.0
5.88,1.0
7.42,12.0
6.3807386399847035,1.0
7.74,100.0
8.06,12.0
7.39,12.0
7.14,48.0
8.16,11.0
6.84,1.0
6.3807386399847035,1.0
6.07,1.0
5.81,2.0
6.51,1.0
6.3807386399847035,1.0
7.02,12.0
5.6,1.0
6.49,13.0
7.8,12.0
7.57,1.0
7.28,13.0
6.3807386399847035,50.0
5.91,9.0
5.33,1.0
7.47,13.0
5.72,1.0
6.3807386399847035,13.0
7.81,24.0
6.63,12.0
5.13,12.0
6.45,8.0
6.47,12.0
5.83,12.0
6.32,24.0
7.0,40.0
6.83,1.0
6.83,13.0
5.96,1.0
6.34,1.0
7.23,12.0
6.92,12.0
6.61,1.0
5.96,20.0
6.1,12.0
5.96,1.0
7.09,4.0
6.42,12.0
5.08,12.0
7.2,24.0
6.48,1.0
6.47,1.0
6.3807386399847035,1.0
6.32,1.0
6.02,1.0
8.36,20.0
6.3807386399847035,1.0
6.3807386399847035,1.0
6.3807386399847035,1.0
6.16,1.0
6.0,1.0
5.9,1.0
6.46,1.0
5.91,1.0
6.3807386399847035,1.0
6.28,2.0
5.89,1.0
7.07,13.0
6.71,6.0
7.1,6.0
6.3807386399847035,5.0
5.43,1.0
6.3807386399847035,1.0
7.55,1.0
5.83,51.0
6.05,1.0
5.79,1.0
5.79,1.0
5.85,1.0
5.8,1.0
6.42,67.0
5.43,8.0
6.3807386399847035,5.0
5.77,12.0
6.3807386399847035,13.0
6.15,30.0
6.3807386399847035,13.0
8.66,12.0
5.25,1.0
5.52,1.0
5.25,1.0
6.51,14.0
7.33,15.0
5.09,1.0
6.3807386399847035,84.0
6.87,1.0
6.3807386399847035,50.0
5.47,1.0
7.14,12.0
6.78,1.0
7.06,12.0
6.3807386399847035,1.0
6.3807386399847035,2.0
6.3807386399847035,1.0
6.3807386399847035,11.0
6.3807386399847035,11.0
6.3807386399847035,13.0
6.3807386399847035,11.0
6.3807386399847035,11.0
6.3807386399847035,2.0
7.53,11.0
6.3807386399847035,1.0
5.19,12.0
7.51,1.0
5.8,1.0
6.3807386399847035,2.0
6.32,5.0
6.3807386399847035,1.0
7.71,1.0
6.3807386399847035,1.0
5.66,1.0
6.3807386399847035,8.0
6.3807386399847035,11.0
6.3807386399847035,15.0
6.3807386399847035,13.0
6.3807386399847035,26.0
6.3807386399847035,1.0
7.62,1.0
6.83,1.0
7.34,1.0
7.96,12.0
5.4,1.0
5.69,1.0
6.82,1.0
7.23,1.0
6.52,1.0
6.27,1.0
6.29,1.0
6.55,1.0
7.04,1.0
5.81,10.0
5.65,1.0
6.3807386399847035,7.0
5.31,1.0
6.18,2.0
6.3807386399847035,1.0
6.27,2.0
5.15,1.0
6.43,1.0
6.56,1.0
7.64,1.0
5.66,1.0
6.3807386399847035,16.0
6.79,2.0
6.3807386399847035,1.0
7.05,1.0
6.3807386399847035,6.0
6.35,1.0
6.72,5.0
6.9,1.0
6.7,48.0
5.59,1.0
5.03,2.0
6.79,22.0
6.28,1.0
6.3807386399847035,1.0
7.45,17.0
6.3807386399847035,16.0
7.52,24.0
6.49,1.0
6.82,12.0
7.11,12.0
7.0,12.0
6.3807386399847035,1.0
6.3807386399847035,1.0
6.3807386399847035,1.0
6.3807386399847035,1.0
5.11,4.0
6.52,4.0
6.3807386399847035,1.0
6.3807386399847035,1.0
6.3807386399847035,1.0
6.3807386399847035,1.0
6.3807386399847035,1.0
6.3807386399847035,1.0
6.3807386399847035,1.0
6.3807386399847035,1.0
6.3807386399847035,1.0
6.3807386399847035,1.0
6.3807386399847035,1.0
6.3807386399847035,10.0
6.3807386399847035,1.0
6.3807386399847035,1.0
6.3807386399847035,2.0
6.3807386399847035,1.0
7.06,2.0
7.74,2.0
6.3807386399847035,1.0
6.59,13.0
6.94,24.0
6.06,1.0
6.3807386399847035,10.0
6.3807386399847035,26.0
5.69,1.0
5.64,1.0
5.84,3.0
5.56,2.0
6.44,25.0
5.55,1.0
6.22,12.0
6.3807386399847035,1.0
7.31,1.0
5.43,1.0
5.68,1.0
5.88,1.0
6.17,48.0
5.98,1.0
6.42,1.0
6.38,1.0
6.18,1.0
6.6,1.0
6.98,12.0
5.88,1.0
6.26,1.0
5.46,1.0
6.98,1.0
5.93,1.0
6.07,8.0
5.81,1.0
5.7,1.0
5.73,1.0
6.89,1.0
6.88,13.0
6.3807386399847035,5.0
7.07,13.0
5.31,1.0
8.15,1.0
6.44,12.0
6.67,1.0
6.45,12.0
6.3807386399847035,1.0
5.92,2.0
6.44,1.0
5.87,1.0
6.5,12.0
5.51,50.0
5.6,39.0
6.3807386399847035,104.0
7.9,12.0
6.3807386399847035,3.0
6.62,12.0
6.61,2.0
6.44,4.0
5.65,26.0
5.92,24.0
8.06,21.0
6.3807386399847035,32.0
5.61,52.0
7.33,384.0
6.3807386399847035,13.0
6.3807386399847035,46.0
6.3807386399847035,52.0
6.3807386399847035,33.0
6.4,19.0
6.3807386399847035,12.0
5.84,1.0
7.6,12.0
6.58,52.0
6.3807386399847035,34.0
4.83,1.0
5.15,1.0
5.01,1.0
4.78,1.0
4.74,1.0
6.3807386399847035,1.0
4.49,1.0
5.08,1.0
6.3807386399847035,1.0
6.3807386399847035,7.0
6.07,1.0
5.49,13.0
7.16,12.0
8.28,11.0
5.23,1.0
6.3807386399847035,1.0
7.78,12.0
7.84,1.0
6.49,2.0
6.3807386399847035,1.0
5.47,9.0
9.07,13.0
7.11,3.0
6.3807386399847035,24.0
7.51,1.0
6.3807386399847035,6.0
5.45,6.0
5.46,1.0
5.41,1.0
5.78,1.0
8.33,12.0
7.59,12.0
6.3807386399847035,1.0
6.3807386399847035,1.0
6.58,24.0
6.3807386399847035,100.0
5.9,1.0
5.74,1.0
7.79,1.0
6.22,2.0
6.07,2.0
5.94,1.0
6.3807386399847035,15.0
6.3807386399847035,6.0
5.32,1.0
6.3807386399847035,12.0
6.83,32.0
6.26,2.0
7.21,12.0
6.3807386399847035,4.0
6.59,1.0
7.11,12.0
5.58,12.0
6.3807386399847035,40.0
7.19,12.0
6.3807386399847035,47.0
6.98,8.0
6.6,1.0
6.3807386399847035,1.0
6.25,1.0
6.3807386399847035,2.0
5.18,1.0
5.56,1.0
5.83,1.0
6.08,1.0
6.68,6.0
7.02,12.0
6.02,13.0
5.13,1.0
7.47,1.0
5.74,1.0
6.3807386399847035,1.0
6.84,1.0
6.19,11.0
5.75,12.0
6.08,1.0
7.39,25.0
6.61,12.0
7.5,1.0
7.43,13.0
6.28,1.0
6.3807386399847035,1.0
7.89,12.0
5.84,1.0
6.3807386399847035,1.0
7.18,13.0
5.44,1.0
6.72,10.0
6.54,1.0
6.45,1.0
5.81,12.0
6.3807386399847035,1.0
6.37,26.0
6.3807386399847035,104.0
5.52,20.0
5.58,1.0
6.3807386399847035,26.0
6.3807386399847035,1.0
6.3807386399847035,1.0
6.3807386399847035,1.0
6.3807386399847035,1.0
6.3807386399847035,1.0
6.69,6.0
6.63,6.0
6.3807386399847035,1.0
6.3807386399847035,1.0
6.3807386399847035,52.0
6.3807386399847035,1.0
7.77,1.0
6.3807386399847035,1.0
6.3807386399847035,1.0
6.3807386399847035,102.0
6.58,10.0
5.37,1.0
5.56,1.0
7.53,13.0
6.3807386399847035,1.0
5.23,1.0
5.47,1.0
7.24,13.0
7.33,3.0
6.3807386399847035,1.0
6.11,1.0
6.3807386399847035,1.0
6.3807386399847035,1.0
6.3807386399847035,1.0
6.3807386399847035,1.0
5.48,1.0
6.3807386399847035,1.0
6.87,12.0
6.3807386399847035,1.0
7.15,12.0
6.2,1.0
6.05,1.0
6.3807386399847035,1.0
6.31,1.0
6.58,1.0
6.3807386399847035,16.0
6.3807386399847035,13.0
6.3807386399847035,13.0
7.7,1.0
8.02,1.0
7.87,1.0
6.48,12.0
6.89,12.0
6.3807386399847035,2.0
6.11,2.0
6.02,2.0
6.25,2.0
5.63,1.0
4.96,1.0
6.05,56.0
6.3807386399847035,1.0
6.3807386399847035,10.0
6.3807386399847035,1.0
6.52,10.0
6.3807386399847035,26.0
7.36,3.0
6.18,2.0
6.3807386399847035,2.0
5.68,2.0
7.26,12.0
6.02,26.0
7.01,2.0
6.3807386399847035,1.0
7.47,4.0
4.97,5.0
4.77,1.0
5.52,1.0
5.96,1.0
6.01,4.0
6.46,1.0
6.3,12.0
6.3807386399847035,2.0
6.3807386399847035,1.0
6.7,24.0
6.3807386399847035,12.0
6.58,12.0
6.76,12.0
6.49,12.0
6.95,15.0
5.8,16.0
7.79,52.0
5.27,1.0
6.78,12.0
7.13,1.0
6.3807386399847035,15.0
6.25,1.0
5.95,11.0
6.3807386399847035,4.0
6.3807386399847035,1.0
6.3807386399847035,1.0
6.3807386399847035,1.0
6.3807386399847035,1.0
6.14,22.0
6.3807386399847035,1.0
6.3807386399847035,1.0
6.3807386399847035,1.0
5.89,1.0
6.3807386399847035,1.0
4.8,1.0
6.3807386399847035,1.0
6.3807386399847035,1.0
7.19,1.0
6.64,2.0
6.3807386399847035,60.0
6.3807386399847035,1.0
6.08,4.0
5.16,1.0
7.08,2.0
5.17,10.0
5.18,10.0
5.58,4.0
6.3807386399847035,18.0
6.3807386399847035,12.0
6.3807386399847035,13.0
5.97,12.0
6.31,12.0
6.41,1.0
7.86,1.0
6.8,1.0
5.94,40.0
6.3807386399847035,42.0
6.3807386399847035,1.0
6.3807386399847035,1.0
6.3807386399847035,132.0
7.73,1.0
6.59,1.0
6.3807386399847035,1.0
7.25,1.0
6.3807386399847035,2.0
6.3807386399847035,6.0
6.3807386399847035,1.0
5.66,1.0
6.54,1.0
6.78,1.0
6.3807386399847035,12.0
6.24,1.0
6.53,1.0
6.13,1.0
6.13,1.0
6.07,1.0
6.0,2.0
5.47,1.0
6.3807386399847035,52.0
5.14,4.0
6.3807386399847035,52.0
6.3807386399847035,26.0
5.92,13.0
6.11,12.0
6.3807386399847035,12.0
6.3807386399847035,1.0
6.36,1.0
5.9,12.0
7.32,8.0
6.3807386399847035,5.0
7.78,2.0
4.99,3.0
6.3807386399847035,4.0
6.3807386399847035,4.0
5.78,1.0
6.97,10.0
5.49,10.0
6.3807386399847035,12.0
6.3807386399847035,5.0
6.3807386399847035,12.0
7.13,64.0
6.3807386399847035,2.0
7.3,25.0
6.3807386399847035,1.0
5.59,9.0
6.3807386399847035,4.0
6.31,1.0
8.44,12.0
6.89,52.0
7.18,8.0
6.3807386399847035,2.0
6.44,1.0
5.24,1.0
6.3807386399847035,1.0
6.3807386399847035,1.0
6.57,4.0
5.68,2.0
6.55,2.0
6.04,1.0
6.3807386399847035,1.0
4.89,1.0
6.3807386399847035,1.0
7.58,12.0
6.3807386399847035,1.0
6.3807386399847035,1.0
4.76,1.0
6.3807386399847035,1.0
4.97,1.0
8.0,24.0
7.96,12.0
4.96,1.0
5.5,1.0
6.3807386399847035,1.0
3.75,13.0
6.3807386399847035,3.0
6.3807386399847035,52.0
6.3807386399847035,52.0
7.52,12.0
6.68,380.0
6.34,40.0
6.3807386399847035,1.0
4.97,1.0
6.3807386399847035,1.0
6.3807386399847035,1.0
6.3807386399847035,1.0
6.3807386399847035,1.0
6.3807386399847035,1.0
6.3807386399847035,1.0
6.3807386399847035,1.0
5.02,1.0
7.25,12.0
7.26,16.0
6.07,13.0
6.3807386399847035,1.0
7.2,6.0
6.19,70.0
6.3807386399847035,1.0
6.3807386399847035,1.0
6.3807386399847035,1.0
6.08,12.0
6.13,12.0
8.61,10.0
5.68,1.0
6.15,3.0
6.2,1.0
6.3807386399847035,12.0
6.3807386399847035,26.0
5.08,12.0
6.3807386399847035,1.0
6.59,1.0
6.3807386399847035,2.0
6.3807386399847035,1.0
6.3807386399847035,10.0
6.3807386399847035,36.0
6.3807386399847035,5.0
6.3807386399847035,12.0
6.3807386399847035,2.0
7.26,12.0
6.3807386399847035,1.0
7.79,1.0
6.3807386399847035,1.0
6.3807386399847035,4.0
6.3807386399847035,1.0
7.61,12.0
5.3,1.0
6.3807386399847035,1.0
6.3807386399847035,1.0
6.82,7.0
7.3,12.0
7.28,25.0
6.3807386399847035,1.0
6.3807386399847035,1.0
6.3807386399847035,40.0
6.3807386399847035,26.0
6.21,1.0
6.17,1.0
5.84,1.0
6.06,4.0
7.32,1.0
6.3807386399847035,1.0
7.37,25.0
6.9,1.0
7.03,12.0
6.3807386399847035,1.0
6.3807386399847035,1.0
6.3807386399847035,1.0
5.8,12.0
7.21,1.0
7.63,1.0
8.08,10.0
6.15,1.0
6.3,1.0
5.95,1.0
6.33,1.0
6.0,1.0
6.22,1.0
5.8,1.0
6.09,1.0
6.06,1.0
5.83,10.0
6.3807386399847035,12.0
6.3807386399847035,12.0
6.3807386399847035,14.0
6.3807386399847035,14.0
6.3807386399847035,14.0
5.05,1.0
6.84,12.0
6.8,12.0
6.3807386399847035,1.0
6.3807386399847035,12.0
6.3807386399847035,10.0
6.3807386399847035,1.0
6.3807386399847035,9.0
6.3807386399847035,119.0
6.3807386399847035,1.0
6.3807386399847035,16.0
6.3807386399847035,1.0
6.3807386399847035,26.0
6.6,1.0
7.1,19.0
6.3807386399847035,25.0
6.3807386399847035,1.0
5.52,1.0
6.3807386399847035,1.0
5.44,3.0
5.45,42.0
6.05,1.0
5.06,39.0
6.32,5.0
5.59,12.0
5.61,1.0
6.43,12.0
5.78,1.0
5.88,1.0
6.3807386399847035,12.0
6.64,24.0
5.94,12.0
5.85,3.0
7.36,1.0
6.3807386399847035,26.0
6.37,1.0
6.3807386399847035,10.0
6.3807386399847035,9.0
7.08,12.0
6.3807386399847035,1.0
6.3807386399847035,3.0
6.3807386399847035,1.0
6.3807386399847035,13.0
6.07,12.0
5.57,1.0
6.52,12.0
5.6,12.0
4.9,1.0
5.81,1.0
6.3807386399847035,1.0
7.35,12.0
7.54,12.0
6.91,1.0
5.85,1.0
6.5,1.0
6.3807386399847035,1.0
6.3807386399847035,1.0
7.16,2.0
6.3807386399847035,1.0
6.3807386399847035,1.0
6.3807386399847035,1.0
6.3807386399847035,1.0
6.3807386399847035,1.0
7.64,11.0
6.25,12.0
6.3807386399847035,1.0
7.34,15.0
7.18,10.0
6.3807386399847035,1.0
6.3807386399847035,1.0
6.3807386399847035,1.0
6.3807386399847035,1.0
7.88,12.0
6.3807386399847035,1.0
6.3807386399847035,1.0
6.3807386399847035,1.0
6.3807386399847035,1.0
5.3,1.0
6.43,24.0
6.3807386399847035,26.0
6.3807386399847035,1.0
6.09,12.0
5.62,5.0
6.3807386399847035,26.0
6.3807386399847035,1.0
6.3807386399847035,1.0
6.3807386399847035,1.0
6.3807386399847035,1.0
7.24,11.0
7.81,12.0
6.3807386399847035,1.0
6.3807386399847035,1.0
6.3807386399847035,1.0
6.3807386399847035,1.0
5.88,1.0
6.3807386399847035,1.0
5.06,4.0
6.3807386399847035,5.0
6.3807386399847035,1.0
6.82,1.0
5.78,8.0
5.4,12.0
6.3807386399847035,1.0
6.3,1.0
5.39,1.0
6.3807386399847035,3.0
5.89,1.0
5.84,1.0
6.3807386399847035,1.0
6.3807386399847035,1.0
5.98,1.0
6.3807386399847035,40.0
6.3807386399847035,1.0
7.86,12.0
6.3807386399847035,1.0
6.3807386399847035,1.0
7.27,1.0
6.3807386399847035,4.0
5.04,1.0
6.83,1.0
5.56,4.0
6.3807386399847035,26.0
6.3807386399847035,52.0
6.3807386399847035,1.0
6.3807386399847035,26.0
6.3807386399847035,26.0
6.3807386399847035,1.0
6.3807386399847035,1.0
6.09,13.0
6.49,1.0
6.3807386399847035,1.0
7.12,1.0
5.93,30.0
6.3807386399847035,1.0
6.3807386399847035,1.0
6.3807386399847035,1.0
5.88,1.0
6.3807386399847035,1.0
5.99,1.0
6.26,4.0
5.6,1.0
7.1,1.0
6.3807386399847035,1.0
5.29,1.0
6.3807386399847035,1.0
6.3807386399847035,1.0
6.2,2.0
6.3807386399847035,1.0
4.92,1.0
6.67,13.0
5.04,1.0
6.3807386399847035,1.0
6.3807386399847035,1.0
5.87,1.0
7.16,12.0
5.87,13.0
7.28,12.0
6.14,1.0
5.76,12.0
6.56,1.0
6.3807386399847035,7.0
6.3807386399847035,6.0
5.27,1.0
6.3807386399847035,1.0
6.3807386399847035,1.0
6.3807386399847035,1.0
6.3807386399847035,1.0
6.3807386399847035,1.0
6.3807386399847035,1.0
6.3807386399847035,1.0
6.3807386399847035,1.0
7.75,1.0
6.28,2.0
6.3807386399847035,15.0
6.3807386399847035,1.0
5.83,1.0
5.73,4.0
5.48,12.0
6.3807386399847035,1.0
5.37,1.0
5.94,14.0
6.3807386399847035,1.0
6.3807386399847035,1.0
6.3807386399847035,11.0
6.77,1.0
6.45,1.0
5.64,12.0
6.3807386399847035,6.0
8.28,12.0
6.3807386399847035,1.0
6.3807386399847035,1.0
7.49,1.0
5.39,25.0
6.33,24.0
6.93,1.0
8.14,1.0
6.3807386399847035,1.0
6.3807386399847035,1.0
8.2,13.0
7.0,48.0
7.07,1.0
6.3807386399847035,1.0
5.75,1.0
5.99,1.0
6.3807386399847035,1.0
6.3807386399847035,1.0
6.3807386399847035,1.0
6.45,25.0
6.35,1.0
7.99,1.0
6.3807386399847035,1.0
6.3807386399847035,52.0
8.03,12.0
6.3807386399847035,1.0
6.48,1.0
9.0,13.0
7.66,12.0
8.05,13.0
6.3807386399847035,1.0
5.34,12.0
6.17,12.0
6.3807386399847035,12.0
6.72,12.0
6.9,13.0
6.3807386399847035,12.0
6.3807386399847035,1.0
6.3807386399847035,1.0
7.25,12.0
6.3807386399847035,1.0
6.37,12.0
7.25,13.0
6.85,12.0
6.33,12.0
6.3807386399847035,14.0
6.3807386399847035,1.0
6.3807386399847035,4.0
6.23,4.0
6.3807386399847035,10.0
5.06,10.0
8.33,1.0
7.1,1.0
6.3807386399847035,1.0
5.19,1.0
5.67,1.0
7.4,12.0
5.12,1.0
5.55,1.0
6.3807386399847035,25.0
6.57,13.0
6.3807386399847035,1.0
6.3807386399847035,1.0
6.07,12.0
6.3807386399847035,1.0
6.78,2.0
6.3807386399847035,1.0
5.48,1.0
6.3807386399847035,1.0
6.28,1.0
6.3807386399847035,1.0
6.3807386399847035,1.0
5.6,1.0
6.3807386399847035,1.0
6.94,1.0
7.19,1.0
7.12,1.0
6.3807386399847035,1.0
6.3807386399847035,1.0
6.3807386399847035,1.0
6.3807386399847035,1.0
6.3807386399847035,1.0
6.3807386399847035,1.0
6.3807386399847035,1.0
6.3807386399847035,1.0
6.3807386399847035,1.0
6.3807386399847035,1.0
6.3807386399847035,1.0
6.3807386399847035,1.0
6.3807386399847035,1.0
6.3807386399847035,1.0
6.3807386399847035,1.0
6.3807386399847035,1.0
6.3807386399847035,1.0
6.3807386399847035,1.0
6.65,13.0
6.3807386399847035,1.0
6.3807386399847035,1.0
6.3807386399847035,1.0
6.3807386399847035,1.0
6.3807386399847035,1.0
6.3807386399847035,1.0
6.3807386399847035,1.0
6.3807386399847035,1.0
6.3807386399847035,1.0
6.3807386399847035,1.0
6.3807386399847035,1.0
6.3807386399847035,1.0
6.3807386399847035,1.0
6.3807386399847035,1.0
6.3807386399847035,1.0
6.3807386399847035,1.0
6.3807386399847035,1.0
6.3807386399847035,1.0
6.3807386399847035,4.0
6.3807386399847035,26.0
6.3807386399847035,20.0
6.3807386399847035,26.0
6.3807386399847035,1.0
6.3807386399847035,1.0
6.3807386399847035,1.0
6.3807386399847035,1.0
6.3807386399847035,1.0
6.3807386399847035,1.0
6.3807386399847035,1.0
6.3807386399847035,1.0
6.3807386399847035,1.0
6.3807386399847035,1.0
6.3807386399847035,1.0
6.3807386399847035,1.0
6.3807386399847035,1.0
6.3807386399847035,1.0
6.3807386399847035,1.0
6.3807386399847035,1.0
6.3807386399847035,1.0
6.3807386399847035,1.0
6.3807386399847035,1.0
6.3807386399847035,1.0
6.3807386399847035,1.0
6.3807386399847035,1.0
6.3807386399847035,1.0
6.3807386399847035,1.0
6.3807386399847035,1.0
6.3807386399847035,1.0
6.3807386399847035,1.0
6.3807386399847035,1.0
6.3807386399847035,12.0
6.3807386399847035,26.0
6.3807386399847035,1.0
5.59,1.0
6.3807386399847035,1.0
7.63,12.0
6.3807386399847035,52.0
6.3807386399847035,52.0
6.3807386399847035,10.0
6.3807386399847035,52.0
6.3807386399847035,30.0
6.3807386399847035,39.0
6.3807386399847035,11.0
6.3807386399847035,2.0
6.3807386399847035,20.0
6.3807386399847035,1.0
5.55,1.0
6.3807386399847035,20.0
6.3807386399847035,20.0
6.3807386399847035,5.0
6.3807386399847035,13.0
6.3807386399847035,1.0
8.27,13.0
6.3807386399847035,1.0
6.3807386399847035,1.0
6.3807386399847035,1.0
6.3807386399847035,1.0
6.3807386399847035,1.0
6.3807386399847035,1.0
6.3807386399847035,1.0
6.3807386399847035,1.0
6.3807386399847035,1.0
6.3807386399847035,1.0
6.3807386399847035,1.0
6.3807386399847035,1.0
6.3807386399847035,26.0
7.26,1.0
6.03,10.0
5.95,1.0
5.97,1.0
6.57,12.0
6.3807386399847035,1.0
6.3807386399847035,13.0
6.3807386399847035,1.0
6.3807386399847035,1.0
6.3807386399847035,1.0
6.3807386399847035,1.0
6.3807386399847035,1.0
6.3807386399847035,1.0
6.3807386399847035,1.0
6.3807386399847035,1.0
6.3807386399847035,1.0
6.3807386399847035,1.0
6.3807386399847035,1.0
6.3807386399847035,1.0
6.3807386399847035,1.0
6.3807386399847035,1.0
6.3807386399847035,1.0
6.3807386399847035,1.0
6.3807386399847035,1.0
6.3807386399847035,1.0
6.3807386399847035,1.0
6.3807386399847035,1.0
6.3807386399847035,1.0
6.3807386399847035,1.0
6.3807386399847035,1.0
6.3807386399847035,1.0
6.3807386399847035,1.0
6.3807386399847035,1.0
6.3807386399847035,1.0
6.3807386399847035,1.0
6.3807386399847035,1.0
6.3807386399847035,1.0
6.3807386399847035,1.0
6.3807386399847035,1.0
6.3807386399847035,1.0
6.3807386399847035,1.0
6.3807386399847035,1.0
6.3807386399847035,1.0
6.3807386399847035,1.0
6.3807386399847035,1.0
6.3807386399847035,1.0
5.99,1.0
6.3807386399847035,1.0
6.3807386399847035,1.0
6.3807386399847035,1.0
6.3807386399847035,1.0
6.3807386399847035,1.0
6.3807386399847035,1.0
6.3807386399847035,1.0
6.3807386399847035,1.0
6.3807386399847035,1.0
6.3807386399847035,1.0
6.3807386399847035,1.0
6.3807386399847035,1.0
6.3807386399847035,1.0
6.3807386399847035,1.0
5.4,9.0
6.09,1.0
6.3807386399847035,50.0
5.52,1.0
5.83,1.0
5.04,1.0
6.03,1.0
6.3807386399847035,1.0
6.3807386399847035,1.0
6.3807386399847035,1.0
6.3807386399847035,1.0
6.3807386399847035,1.0
6.3807386399847035,1.0
6.3807386399847035,1.0
6.26,1.0
6.28,1.0
7.79,13.0
6.36,1.0
6.3807386399847035,1.0
6.3807386399847035,14.0
6.3807386399847035,26.0
6.3807386399847035,1.0
6.3807386399847035,104.0
6.3807386399847035,1.0
6.3807386399847035,1.0
6.3807386399847035,1.0
6.14,1.0
6.3807386399847035,1.0
6.3807386399847035,1.0
6.3807386399847035,1.0
6.3807386399847035,1.0
6.3807386399847035,1.0
6.3807386399847035,1.0
6.3807386399847035,1.0
7.4,4.0
6.78,1.0
6.42,1.0
6.3807386399847035,1.0
7.31,12.0
6.3807386399847035,1.0
6.3807386399847035,1.0
6.3807386399847035,1.0
6.3807386399847035,1.0
6.83,2.0
6.3807386399847035,1.0
6.3807386399847035,1.0
6.3807386399847035,1.0
6.3807386399847035,1.0
6.3807386399847035,1.0
6.73,1.0
6.3807386399847035,1.0
6.3807386399847035,1.0
6.3807386399847035,1.0
6.3807386399847035,1.0
6.3807386399847035,1.0
6.3807386399847035,1.0
6.3807386399847035,1.0
6.3807386399847035,1.0
6.3807386399847035,1.0
6.3807386399847035,1.0
6.3807386399847035,1.0
6.3807386399847035,1.0
5.48,1.0
6.3807386399847035,1.0
6.3807386399847035,1.0
6.3807386399847035,1.0
6.3807386399847035,1.0
6.3807386399847035,1.0
6.3807386399847035,1.0
6.3807386399847035,1.0
6.3807386399847035,1.0
6.3807386399847035,1.0
6.3807386399847035,1.0
6.3807386399847035,1.0
6.3807386399847035,1.0
6.3807386399847035,1.0
6.12,1.0
6.92,1.0
7.71,12.0
6.3807386399847035,1.0
6.3807386399847035,1.0
6.3807386399847035,1.0
6.3807386399847035,1.0
6.3807386399847035,1.0
6.3807386399847035,1.0
6.3807386399847035,1.0
6.3807386399847035,1.0
6.3807386399847035,1.0
6.3807386399847035,1.0
6.3807386399847035,1.0
6.3807386399847035,1.0
6.3807386399847035,1.0
6.3807386399847035,1.0
6.3807386399847035,1.0
6.3807386399847035,1.0
6.3807386399847035,1.0
6.3807386399847035,1.0
6.3807386399847035,1.0
6.3807386399847035,1.0
6.3807386399847035,1.0
6.3807386399847035,1.0
7.17,1.0
7.02,1.0
6.3807386399847035,1.0
6.21,1.0
6.3807386399847035,1.0
6.3807386399847035,1.0
6.93,1.0
6.3807386399847035,1.0
6.3807386399847035,1.0
6.3807386399847035,1.0
6.3807386399847035,1.0
6.3807386399847035,1.0
6.3807386399847035,1.0
6.3807386399847035,1.0
6.3807386399847035,1.0
6.3807386399847035,1.0
6.3807386399847035,1.0
6.3807386399847035,1.0
6.3807386399847035,1.0
6.3807386399847035,1.0
6.3807386399847035,1.0
6.3807386399847035,1.0
6.94,1.0
6.83,12.0
6.3807386399847035,1.0
6.3807386399847035,1.0
6.3807386399847035,1.0
6.3807386399847035,1.0
6.3807386399847035,1.0
6.3807386399847035,1.0
6.3807386399847035,1.0
6.27,1.0
6.3807386399847035,1.0
6.3807386399847035,1.0
6.3807386399847035,1.0
6.3807386399847035,1.0
6.3807386399847035,1.0
9.05,13.0
7.58,1.0
6.3807386399847035,1.0
6.3807386399847035,52.0
6.3807386399847035,1.0
6.3807386399847035,13.0
6.3807386399847035,1.0
6.3807386399847035,1.0
6.3807386399847035,1.0
6.3807386399847035,1.0
6.3807386399847035,1.0
6.3807386399847035,1.0
6.3807386399847035,1.0
6.3807386399847035,1.0
6.3807386399847035,1.0
6.3807386399847035,1.0
6.3807386399847035,1.0
6.63,340.0
6.3807386399847035,1.0
6.3807386399847035,1.0
6.3807386399847035,1.0
6.3807386399847035,1.0
6.3807386399847035,1.0
6.3807386399847035,1.0
6.3807386399847035,1.0
6.3807386399847035,1.0
6.3807386399847035,1.0
6.3807386399847035,1.0
6.3807386399847035,10.0
6.3807386399847035,1.0
6.3807386399847035,1.0
6.3807386399847035,1.0
6.3807386399847035,1.0
6.3807386399847035,1.0
6.3807386399847035,1.0
6.3807386399847035,1.0
6.3807386399847035,1.0
6.3807386399847035,1.0
6.3807386399847035,1.0
6.3807386399847035,1.0
6.3807386399847035,1.0
6.3807386399847035,1.0
6.3807386399847035,1.0
6.3807386399847035,1.0
6.3807386399847035,1.0
6.3807386399847035,1.0
6.3807386399847035,1.0
6.3807386399847035,13.0
6.3807386399847035,1.0
6.3807386399847035,1.0
6.3807386399847035,1.0
6.3807386399847035,1.0
6.3807386399847035,1.0
6.3807386399847035,1.0
6.3807386399847035,1.0
6.3807386399847035,1.0
6.3807386399847035,1.0
6.3807386399847035,10.0
6.3807386399847035,13.0
6.3807386399847035,2.0
6.3807386399847035,2.0
6.3807386399847035,13.0
6.3807386399847035,101.0
6.3807386399847035,52.0
6.3807386399847035,10.0
6.3807386399847035,26.0
6.3807386399847035,28.0
6.3807386399847035,1.0
7.48,1.0
6.3807386399847035,26.0
6.3807386399847035,1.0
6.3807386399847035,1.0
6.71,12.0
7.75,13.0
7.23,5.0
7.19,11.0
6.77,8.0
5.76,6.0
6.3807386399847035,1.0
6.3807386399847035,1.0
6.3807386399847035,1.0
6.17,1.0
6.1,2.0
5.53,1.0
5.57,2.0
6.3807386399847035,26.0
6.8,24.0
6.3807386399847035,1.0
6.1,13.0
5.22,1.0
6.3807386399847035,1.0
5.72,1.0
6.76,1.0
7.52,12.0
6.4,10.0
6.3807386399847035,1.0
6.14,1.0
5.96,11.0
6.51,12.0
6.3807386399847035,1.0
5.58,13.0
5.39,13.0
6.3807386399847035,40.0
6.3807386399847035,1.0
5.71,1.0
6.3807386399847035,25.0
6.29,15.0
6.3807386399847035,1.0
6.3807386399847035,1.0
6.57,1.0
6.59,4.0
6.3807386399847035,1.0
6.3807386399847035,1.0
6.3807386399847035,1.0
6.3807386399847035,1.0
6.3807386399847035,1.0
6.3807386399847035,1.0
6.3807386399847035,1.0
6.3807386399847035,1.0
6.3807386399847035,8.0
6.3807386399847035,1.0
6.3807386399847035,1.0
6.3807386399847035,1.0
6.3807386399847035,1.0
6.3807386399847035,4.0
6.3807386399847035,1.0
6.3807386399847035,1.0
6.76,12.0
6.3807386399847035,1.0
6.3807386399847035,1.0
6.3807386399847035,1.0
6.3807386399847035,1.0
6.3807386399847035,1.0
6.3807386399847035,1.0
6.3807386399847035,1.0
6.3807386399847035,1.0
6.3807386399847035,1.0
6.3807386399847035,4.0
6.3807386399847035,1.0
6.3807386399847035,1.0
6.3807386399847035,1.0
6.3807386399847035,1.0
6.3807386399847035,10.0
6.3807386399847035,11.0
6.3807386399847035,18.0
6.3807386399847035,1.0
6.3807386399847035,1.0
6.3807386399847035,1.0
6.3807386399847035,1.0
6.3807386399847035,1.0
6.3807386399847035,1.0
6.3807386399847035,1.0
6.3807386399847035,1.0
6.3807386399847035,52.0
6.3807386399847035,1.0
6.3807386399847035,1.0
6.3807386399847035,1.0
6.3807386399847035,1.0
6.3807386399847035,1.0
6.3807386399847035,1.0
6.3807386399847035,1.0
6.3807386399847035,1.0
6.3807386399847035,13.0
6.3807386399847035,52.0
6.3807386399847035,26.0
6.3807386399847035,26.0
6.3807386399847035,25.0
6.3807386399847035,12.0
6.3807386399847035,26.0
6.3807386399847035,26.0
6.3807386399847035,13.0
6.3807386399847035,52.0
6.3807386399847035,13.0
6.3807386399847035,13.0
6.3807386399847035,1.0
6.3807386399847035,1.0
6.3807386399847035,52.0
6.3807386399847035,26.0
6.3807386399847035,26.0
6.3807386399847035,52.0
6.3807386399847035,52.0
6.13,10.0
6.36,1.0
6.3807386399847035,26.0
6.3807386399847035,26.0
6.3807386399847035,26.0
6.3807386399847035,26.0
6.3807386399847035,26.0
6.3807386399847035,60.0
6.3807386399847035,26.0
6.3807386399847035,52.0
6.3807386399847035,99.0
6.3807386399847035,52.0
6.3807386399847035,1.0
6.3807386399847035,1.0
6.3807386399847035,1.0
6.3807386399847035,52.0
6.3807386399847035,1.0
6.3807386399847035,1.0
6.3807386399847035,1.0
6.3807386399847035,1.0
6.3807386399847035,1.0
6.3807386399847035,1.0
6.3807386399847035,1.0
6.3807386399847035,1.0
6.3807386399847035,1.0
6.3807386399847035,1.0
6.3807386399847035,1.0
6.3807386399847035,1.0
6.3807386399847035,1.0
6.3807386399847035,1.0
6.3807386399847035,4.0
6.3807386399847035,1.0
6.3807386399847035,1.0
6.3807386399847035,1.0
6.3807386399847035,1.0
7.22,1.0
6.3807386399847035,156.0
6.3807386399847035,50.0
6.3807386399847035,48.0
6.3807386399847035,150.0
6.3807386399847035,100.0
6.3807386399847035,100.0
6.3807386399847035,100.0
6.3807386399847035,1.0
6.3807386399847035,1.0
6.3807386399847035,1.0
6.3807386399847035,1.0
6.3807386399847035,1.0
6.3807386399847035,1.0
6.3807386399847035,1.0
6.3807386399847035,1.0
6.3807386399847035,1.0
6.3807386399847035,1.0
6.3807386399847035,1.0
6.3807386399847035,4.0
6.3807386399847035,6.0
6.3807386399847035,26.0
6.3807386399847035,26.0
6.3807386399847035,17.0
6.3807386399847035,26.0
6.3807386399847035,13.0
6.3807386399847035,52.0
6.3807386399847035,26.0
6.3807386399847035,40.0
6.3807386399847035,104.0
6.3807386399847035,39.0
6.3807386399847035,52.0
6.3807386399847035,52.0
6.3807386399847035,52.0
6.3807386399847035,52.0
6.3807386399847035,212.0
6.3807386399847035,54.0
6.3807386399847035,50.0
6.3807386399847035,10.0
6.3807386399847035,26.0
6.3807386399847035,26.0
6.3807386399847035,52.0
6.3807386399847035,52.0
6.3807386399847035,36.0
6.3807386399847035,1.0
6.54,12.0
6.3807386399847035,1.0
6.3807386399847035,1.0
6.3807386399847035,1.0
6.3807386399847035,1.0
6.3807386399847035,1.0
6.3807386399847035,60.0
6.3807386399847035,100.0
6.3807386399847035,60.0
6.3807386399847035,100.0
6.3807386399847035,60.0
6.3807386399847035,60.0
6.3807386399847035,60.0
6.3807386399847035,52.0
6.3807386399847035,60.0
6.3807386399847035,60.0
6.3807386399847035,60.0
6.3807386399847035,60.0
6.3807386399847035,60.0
6.3807386399847035,60.0
6.3807386399847035,60.0
6.3807386399847035,60.0
6.3807386399847035,60.0
6.3807386399847035,60.0
6.3807386399847035,60.0
6.3807386399847035,60.0
6.3807386399847035,60.0
6.3807386399847035,20.0
6.3807386399847035,60.0
6.3807386399847035,365.0
6.3807386399847035,24.0
6.3807386399847035,26.0
6.3807386399847035,26.0
6.3807386399847035,26.0
6.3807386399847035,26.0
6.3807386399847035,26.0
6.3807386399847035,26.0
6.3807386399847035,26.0
6.3807386399847035,40.0
6.3807386399847035,40.0
6.3807386399847035,100.0
6.3807386399847035,1.0
6.3807386399847035,100.0
6.3807386399847035,26.0
6.3807386399847035,26.0
6.3807386399847035,26.0
7.01,1.0
6.3807386399847035,8.0
6.3807386399847035,52.0
6.3807386399847035,26.0
6.3807386399847035,26.0
6.3807386399847035,26.0
6.94,13.0
5.43,12.0
5.7,24.0
6.37,8.0
6.3807386399847035,1.0
6.62,80.0
6.3807386399847035,4.0
6.5,1.0
6.3807386399847035,40.0
8.24,12.0
6.3807386399847035,5.0
7.62,1.0
6.3807386399847035,1.0
7.24,1.0
5.95,12.0
5.65,1.0
7.07,12.0
6.84,12.0
7.18,12.0
7.47,13.0
7.39,12.0
8.4,1.0
6.95,16.0
6.13,24.0
5.95,24.0
8.72,11.0
6.3807386399847035,6.0
6.3807386399847035,1.0
6.22,12.0
6.3807386399847035,12.0
6.77,1.0
7.07,1.0
8.47,2.0
6.3807386399847035,1.0
6.94,2.0
6.3807386399847035,2.0
6.79,12.0
6.3807386399847035,1.0
6.3807386399847035,1.0
6.3807386399847035,8.0
6.3807386399847035,52.0
6.3807386399847035,52.0
6.3807386399847035,52.0
6.3807386399847035,52.0
6.3807386399847035,52.0
6.3807386399847035,52.0
6.3807386399847035,52.0
6.3807386399847035,40.0
6.3807386399847035,52.0
6.3807386399847035,52.0
6.3807386399847035,52.0
6.3807386399847035,52.0
6.3807386399847035,52.0
6.3807386399847035,52.0
6.3807386399847035,52.0
6.3807386399847035,24.0
6.3807386399847035,26.0
6.3807386399847035,1.0
5.55,5.0
6.3807386399847035,22.0
6.3807386399847035,52.0
6.3807386399847035,52.0
6.3807386399847035,52.0
6.3807386399847035,52.0
6.3807386399847035,52.0
6.3807386399847035,52.0
6.3807386399847035,13.0
7.53,1.0
6.3807386399847035,40.0
6.3807386399847035,30.0
6.3807386399847035,30.0
6.3807386399847035,30.0
6.3807386399847035,30.0
6.3807386399847035,30.0
6.3807386399847035,30.0
6.3807386399847035,30.0
6.3807386399847035,30.0
6.3807386399847035,1.0
6.3807386399847035,1.0
6.3807386399847035,1.0
6.3807386399847035,1.0
6.3807386399847035,1.0
6.3807386399847035,1.0
6.3807386399847035,20.0
6.3807386399847035,9.0
6.3807386399847035,52.0
6.3807386399847035,52.0
6.3807386399847035,52.0
6.3807386399847035,1.0
6.3807386399847035,78.0
6.3807386399847035,26.0
6.3807386399847035,52.0
6.3807386399847035,52.0
6.3807386399847035,1.0
6.3807386399847035,52.0
6.3807386399847035,52.0
6.3807386399847035,51.0
6.3807386399847035,52.0
6.3807386399847035,156.0
6.3807386399847035,52.0
6.3807386399847035,52.0
6.3807386399847035,52.0
6.3807386399847035,240.0
6.3807386399847035,1.0
6.3807386399847035,1.0
6.3807386399847035,1.0
6.3807386399847035,26.0
7.41,46.0
6.73,2.0
6.5,2.0
6.36,2.0
7.67,16.0
7.58,1.0
5.68,1.0
7.06,12.0
7.35,12.0
5.8,13.0
6.3807386399847035,6.0
6.34,2.0
6.3807386399847035,1.0
6.3807386399847035,24.0
7.82,26.0
7.27,12.0
6.69,1.0
6.41,1.0
6.3807386399847035,1.0
6.3807386399847035,20.0
6.21,12.0
8.01,12.0
5.84,1.0
6.3807386399847035,1.0
6.46,1.0
7.8,4.0
6.56,1.0
6.19,1.0
5.89,1.0
6.38,1.0
5.84,1.0
6.09,1.0
6.01,1.0
5.59,1.0
6.88,2.0
6.01,1.0
7.14,50.0
6.28,12.0
7.25,13.0
6.47,12.0
6.3807386399847035,20.0
6.3807386399847035,20.0
6.3807386399847035,52.0
6.3807386399847035,52.0
6.3807386399847035,52.0
5.85,1.0
6.3807386399847035,52.0
6.3807386399847035,1.0
6.3807386399847035,52.0
6.3807386399847035,52.0
6.3807386399847035,26.0
6.3807386399847035,33.0
6.3807386399847035,50.0
6.3807386399847035,1.0
6.3807386399847035,1.0
6.3807386399847035,1.0
6.3807386399847035,52.0
6.3807386399847035,26.0
6.3807386399847035,26.0
6.3807386399847035,52.0
6.3807386399847035,13.0
6.3807386399847035,13.0
6.51,1.0
6.3807386399847035,52.0
6.3807386399847035,104.0
6.3807386399847035,52.0
6.3807386399847035,104.0
6.3807386399847035,1.0
6.3807386399847035,65.0
6.3807386399847035,80.0
6.3807386399847035,210.0
6.3807386399847035,88.0
6.3807386399847035,365.0
6.3807386399847035,132.0
6.3807386399847035,164.0
6.3807386399847035,12.0
6.3807386399847035,32.0
6.3807386399847035,26.0
6.3807386399847035,30.0
6.73,12.0
7.38,14.0
6.91,42.0
6.57,12.0
6.3807386399847035,52.0
6.3807386399847035,46.0
6.3807386399847035,45.0
6.3807386399847035,45.0
6.3807386399847035,1.0
6.3807386399847035,130.0
6.3807386399847035,1.0
6.3807386399847035,52.0
7.53,12.0
7.34,1.0
7.14,16.0
6.3807386399847035,2.0
6.61,7.0
6.02,11.0
7.94,24.0
6.3807386399847035,26.0
6.3807386399847035,26.0
6.3807386399847035,26.0
6.3807386399847035,26.0
6.3807386399847035,26.0
6.3807386399847035,26.0
6.3807386399847035,26.0
6.3807386399847035,26.0
6.3807386399847035,26.0
6.3807386399847035,26.0
6.3807386399847035,26.0
6.3807386399847035,26.0
6.3807386399847035,26.0
6.3807386399847035,26.0
6.3807386399847035,1.0
5.24,1.0
6.3807386399847035,130.0
6.3807386399847035,60.0
6.3807386399847035,60.0
6.3807386399847035,60.0
6.3807386399847035,30.0
6.3807386399847035,30.0
6.3807386399847035,30.0
6.3807386399847035,3.0
6.3807386399847035,1.0
6.3807386399847035,120.0
6.3807386399847035,104.0
6.3807386399847035,52.0
6.3807386399847035,52.0
6.3807386399847035,52.0
6.3807386399847035,36.0
6.3807386399847035,26.0
6.3807386399847035,1.0
6.3807386399847035,26.0
6.3807386399847035,23.0
6.3807386399847035,11.0
6.3807386399847035,1.0
6.3807386399847035,52.0
6.3807386399847035,52.0
6.3807386399847035,52.0
6.3807386399847035,78.0
6.3807386399847035,26.0
6.3807386399847035,33.0
6.3807386399847035,30.0
6.3807386399847035,52.0
6.3807386399847035,52.0
6.3807386399847035,30.0
6.3807386399847035,26.0
6.3807386399847035,52.0
6.3807386399847035,52.0
6.3807386399847035,52.0
6.3807386399847035,52.0
6.3807386399847035,418.0
6.3807386399847035,78.0
6.3807386399847035,26.0
6.3807386399847035,52.0
6.3807386399847035,40.0
6.3807386399847035,40.0
6.3807386399847035,52.0
6.3807386399847035,52.0
6.3807386399847035,52.0
6.3807386399847035,52.0
6.3807386399847035,26.0
6.3807386399847035,26.0
6.3807386399847035,36.0
6.3807386399847035,10.0
6.3807386399847035,5.0
6.3807386399847035,5.0
6.3807386399847035,130.0
6.3807386399847035,30.0
6.3807386399847035,26.0
6.3807386399847035,1.0
6.3807386399847035,1.0
6.3807386399847035,1.0
6.3807386399847035,1.0
8.59,12.0
6.69,16.0
6.9,12.0
6.3807386399847035,1.0
6.3807386399847035,10.0
6.3807386399847035,10.0
6.3807386399847035,10.0
6.3807386399847035,10.0
6.3807386399847035,10.0
6.57,12.0
6.3807386399847035,21.0
6.3807386399847035,1.0
6.3807386399847035,10.0
6.3807386399847035,11.0
6.3807386399847035,1.0
6.3807386399847035,1.0
6.3807386399847035,13.0
6.3807386399847035,12.0
6.3807386399847035,12.0
6.3807386399847035,12.0
6.3807386399847035,28.0
6.3807386399847035,12.0
6.3807386399847035,13.0
6.3807386399847035,12.0
6.3807386399847035,6.0
6.3807386399847035,10.0
6.3807386399847035,10.0
6.3807386399847035,10.0
6.3807386399847035,10.0
6.3807386399847035,9.0
6.3807386399847035,10.0
6.3807386399847035,10.0
6.3807386399847035,87.0
6.3807386399847035,10.0
6.3807386399847035,14.0
6.3807386399847035,10.0
6.3807386399847035,26.0
6.3807386399847035,24.0
6.3807386399847035,10.0
6.3807386399847035,12.0
6.3807386399847035,12.0
6.3807386399847035,13.0
6.3807386399847035,2.0
6.3807386399847035,1.0
6.3807386399847035,26.0
6.3807386399847035,1.0
6.3807386399847035,10.0
6.3807386399847035,10.0
6.3807386399847035,52.0
6.3807386399847035,1.0
6.3807386399847035,1.0
6.3807386399847035,1.0
6.3807386399847035,1.0
6.3807386399847035,1.0
7.67,1.0
6.3807386399847035,1.0
5.6,3.0
5.69,30.0
5.67,25.0
6.3807386399847035,10.0
6.3807386399847035,10.0
6.3807386399847035,109.0
6.3807386399847035,10.0
6.3807386399847035,12.0
6.3807386399847035,12.0
6.3807386399847035,5.0
6.3807386399847035,12.0
6.3807386399847035,12.0
6.3807386399847035,11.0
6.3807386399847035,26.0
7.3,1.0
6.3807386399847035,309.0
6.3807386399847035,46.0
6.3807386399847035,4.0
6.3807386399847035,28.0
6.3807386399847035,26.0
6.3807386399847035,1.0
6.3807386399847035,12.0
6.3807386399847035,12.0
6.3807386399847035,1.0
6.3807386399847035,1.0
6.3807386399847035,26.0
6.3807386399847035,1.0
6.3807386399847035,1.0
6.3807386399847035,1.0
6.3807386399847035,52.0
6.3807386399847035,1.0
6.3807386399847035,1.0
6.3807386399847035,1.0
6.3807386399847035,1.0
6.3807386399847035,1.0
6.3807386399847035,1.0
6.3807386399847035,1.0
6.3807386399847035,1.0
6.3807386399847035,20.0
6.3807386399847035,1.0
6.3807386399847035,1.0
6.3807386399847035,1.0
6.3807386399847035,1.0
6.3807386399847035,1.0
6.3807386399847035,1.0
6.3807386399847035,1.0
6.3807386399847035,1.0
6.3807386399847035,26.0
6.3807386399847035,1.0
6.3807386399847035,1.0
6.3807386399847035,1.0
6.3807386399847035,1.0
6.3807386399847035,1.0
6.3807386399847035,1.0
6.3807386399847035,140.0
6.3807386399847035,1.0
6.3807386399847035,20.0
6.3807386399847035,104.0
6.3807386399847035,1.0
6.3807386399847035,1.0
6.3807386399847035,1.0
6.3807386399847035,1.0
6.3807386399847035,1.0
6.3807386399847035,1.0
6.3807386399847035,1.0
6.3807386399847035,52.0
6.3807386399847035,1.0
6.3807386399847035,52.0
6.3807386399847035,1.0
6.3807386399847035,1.0
6.3807386399847035,1.0
6.3807386399847035,90.0
6.3807386399847035,5.0
6.3807386399847035,104.0
6.3807386399847035,50.0
6.3807386399847035,1.0
6.3807386399847035,26.0
6.3807386399847035,1.0
6.3807386399847035,58.0
6.3807386399847035,42.0
6.3807386399847035,42.0
6.3807386399847035,42.0
6.3807386399847035,1.0
6.3807386399847035,1.0
6.3807386399847035,26.0
6.3807386399847035,26.0
6.3807386399847035,52.0
6.3807386399847035,52.0
6.3807386399847035,26.0
6.3807386399847035,40.0
6.3807386399847035,1.0
6.3807386399847035,1.0
6.3807386399847035,1.0
6.3807386399847035,13.0
6.3807386399847035,5.0
6.3807386399847035,10.0
6.3807386399847035,2.0
6.3807386399847035,7.0
6.3807386399847035,13.0
6.3807386399847035,1.0
6.3807386399847035,13.0
6.3807386399847035,10.0
6.3807386399847035,1.0
6.3807386399847035,1.0
6.3807386399847035,25.0
6.3807386399847035,1.0
6.3807386399847035,130.0
6.3807386399847035,1.0
6.3807386399847035,1.0
6.3807386399847035,1.0
6.3807386399847035,1.0
6.3807386399847035,100.0
6.3807386399847035,1.0
5.89,1.0
6.3807386399847035,52.0
6.3807386399847035,26.0
6.3807386399847035,26.0
6.3807386399847035,26.0
6.3807386399847035,2.0
6.3807386399847035,1.0
6.3807386399847035,9.0
6.3807386399847035,100.0
6.3807386399847035,1.0
6.3807386399847035,100.0
6.3807386399847035,1.0
6.3807386399847035,52.0
6.3807386399847035,1.0
6.3807386399847035,104.0
6.3807386399847035,104.0
6.3807386399847035,1.0
6.3807386399847035,1.0
6.3807386399847035,1.0
6.3807386399847035,1.0
6.3807386399847035,10.0
6.3807386399847035,10.0
5.87,1.0
5.61,1.0
6.3807386399847035,52.0
6.3807386399847035,52.0
6.3807386399847035,40.0
6.3807386399847035,8.0
6.3807386399847035,10.0
6.3807386399847035,1.0
6.3807386399847035,1.0
6.3807386399847035,1.0
6.3807386399847035,1.0
6.3807386399847035,1.0
6.3807386399847035,1.0
6.3807386399847035,1.0
6.3807386399847035,1.0
6.3807386399847035,1.0
6.3807386399847035,1.0
6.3807386399847035,1.0
6.3807386399847035,1.0
6.3807386399847035,20.0
6.3807386399847035,20.0
7.52,1.0
6.3807386399847035,52.0
6.3807386399847035,52.0
6.3807386399847035,52.0
6.3807386399847035,104.0
6.3807386399847035,1.0
6.3807386399847035,1.0
6.3807386399847035,1.0
6.3807386399847035,1.0
6.3807386399847035,1.0
6.3807386399847035,1.0
6.3807386399847035,39.0
6.3807386399847035,1.0
6.3807386399847035,1.0
6.3807386399847035,1.0
6.3807386399847035,1.0
6.3807386399847035,1.0
6.3807386399847035,1.0
6.3807386399847035,1.0
6.3807386399847035,1.0
6.3807386399847035,1.0
6.3807386399847035,1.0
6.3807386399847035,1.0
6.3807386399847035,1.0
6.3807386399847035,1.0
6.3807386399847035,1.0
6.3807386399847035,5.0
6.3807386399847035,1.0
6.3807386399847035,12.0
6.3807386399847035,1.0
6.3807386399847035,1.0
6.3807386399847035,1.0
6.3807386399847035,26.0
6.3807386399847035,1.0
6.3807386399847035,1.0
6.3807386399847035,39.0
6.3807386399847035,52.0
6.3807386399847035,1.0
6.3807386399847035,26.0
6.3807386399847035,1.0
6.3807386399847035,1.0
6.3807386399847035,1.0
6.3807386399847035,1.0
6.3807386399847035,1.0
6.3807386399847035,1.0
6.3807386399847035,1.0
6.3807386399847035,1.0
6.3807386399847035,20.0
6.3807386399847035,20.0
6.3807386399847035,20.0
6.3807386399847035,1.0
6.3807386399847035,26.0
6.81,12.0
6.3807386399847035,1.0
6.3807386399847035,1.0
6.3807386399847035,1.0
6.3807386399847035,1.0
6.3807386399847035,1.0
6.3807386399847035,52.0
6.3807386399847035,1.0
6.3807386399847035,1.0
6.3807386399847035,1.0
6.3807386399847035,1.0
6.3807386399847035,1.0
6.3807386399847035,1.0
6.3807386399847035,40.0
6.3807386399847035,1.0
6.3807386399847035,1.0
6.3807386399847035,1.0
6.3807386399847035,1.0
6.3807386399847035,1.0
6.3807386399847035,1.0
6.3807386399847035,26.0
6.3807386399847035,1.0
6.3807386399847035,52.0
6.3807386399847035,1.0
6.3807386399847035,1.0
6.3807386399847035,1.0
6.3807386399847035,26.0
6.3807386399847035,26.0
6.3807386399847035,26.0
6.3807386399847035,26.0
6.3807386399847035,26.0
6.3807386399847035,26.0
6.3807386399847035,26.0
6.3807386399847035,26.0
6.3807386399847035,45.0
6.3807386399847035,1.0
6.3807386399847035,52.0
6.3807386399847035,52.0
6.3807386399847035,52.0
6.3807386399847035,1.0
8.08,1.0
6.3807386399847035,4.0
6.3807386399847035,1.0
8.27,14.0
6.73,12.0
6.3807386399847035,1.0
6.3807386399847035,1.0
6.3807386399847035,1.0
6.3807386399847035,1.0
6.3807386399847035,1.0
6.3807386399847035,1.0
6.3807386399847035,1.0
6.3807386399847035,1.0
6.3807386399847035,1.0
6.3807386399847035,1.0
6.3807386399847035,52.0
6.3807386399847035,1.0
6.3807386399847035,1.0
6.06,24.0
6.3807386399847035,1.0
6.3807386399847035,1.0
6.3807386399847035,1.0
6.3807386399847035,50.0
6.3807386399847035,25.0
6.3807386399847035,48.0
6.3807386399847035,1.0
6.3807386399847035,1.0
6.3807386399847035,1.0
6.3807386399847035,1.0
6.3807386399847035,1.0
6.3807386399847035,26.0
6.3807386399847035,26.0
6.3807386399847035,26.0
6.3807386399847035,26.0
6.3807386399847035,1.0
6.3807386399847035,1.0
6.3807386399847035,24.0
6.89,1.0
6.3807386399847035,500.0
6.3807386399847035,1.0
6.3807386399847035,1.0
6.3807386399847035,52.0
6.3807386399847035,52.0
6.3807386399847035,52.0
6.3807386399847035,26.0
6.3807386399847035,12.0
6.3807386399847035,1.0
6.3807386399847035,52.0
6.3807386399847035,52.0
6.3807386399847035,52.0
6.3807386399847035,52.0
6.3807386399847035,52.0
6.3807386399847035,1.0
6.3807386399847035,1.0
6.3807386399847035,1.0
6.3807386399847035,1.0
6.3807386399847035,9.0
6.3807386399847035,1.0
6.3807386399847035,1.0
6.3807386399847035,1.0
6.3807386399847035,1.0
6.3807386399847035,1.0
6.3807386399847035,1.0
6.3807386399847035,1.0
6.3807386399847035,1.0
6.3807386399847035,26.0
6.3807386399847035,1.0
6.3807386399847035,1.0
6.3807386399847035,1.0
6.3807386399847035,1.0
6.3807386399847035,1.0
6.3807386399847035,1.0
6.3807386399847035,58.0
6.3807386399847035,55.0
6.3807386399847035,52.0
6.3807386399847035,1.0
6.22,1.0
7.79,12.0
6.3807386399847035,1.0
6.3807386399847035,1.0
6.3807386399847035,1.0
6.3807386399847035,1.0
6.3807386399847035,1.0
6.3807386399847035,1.0
6.3807386399847035,1.0
6.3807386399847035,1.0
6.3807386399847035,1.0
6.3807386399847035,1.0
6.3807386399847035,1.0
6.3807386399847035,1.0
6.3807386399847035,1.0
6.3807386399847035,1.0
6.3807386399847035,1.0
6.3807386399847035,52.0
6.3807386399847035,1.0
6.3807386399847035,52.0
6.3807386399847035,1.0
6.3807386399847035,1.0
6.3807386399847035,1.0
6.3807386399847035,1.0
6.3807386399847035,1.0
6.3807386399847035,1.0
6.3807386399847035,1.0
6.3807386399847035,1.0
6.3807386399847035,1.0
6.3807386399847035,1.0
6.3807386399847035,1.0
6.3807386399847035,1.0
6.3807386399847035,52.0
6.3807386399847035,26.0
6.3807386399847035,26.0
6.3807386399847035,26.0
6.3807386399847035,10.0
6.3807386399847035,52.0
6.3807386399847035,1.0
6.3807386399847035,26.0
6.3807386399847035,1.0
6.3807386399847035,13.0
6.24,1.0
6.33,1.0
6.3807386399847035,1.0
6.3807386399847035,1.0
6.3807386399847035,1.0
6.3807386399847035,1.0
6.3807386399847035,1.0
6.3807386399847035,14.0
6.3807386399847035,1.0
6.3807386399847035,1.0
6.3807386399847035,1.0
6.3807386399847035,1.0
6.3807386399847035,1.0
6.3807386399847035,234.0
6.3807386399847035,26.0
6.3807386399847035,1.0
6.3807386399847035,11.0
6.3807386399847035,13.0
6.3807386399847035,13.0
6.3807386399847035,30.0
6.3807386399847035,14.0
6.3807386399847035,20.0
6.3807386399847035,24.0
6.3807386399847035,122.0
6.3807386399847035,182.0
6.3807386399847035,30.0
6.3807386399847035,26.0
6.3807386399847035,59.0
6.3807386399847035,260.0
6.3807386399847035,13.0
6.3807386399847035,50.0
6.3807386399847035,52.0
6.3807386399847035,26.0
6.3807386399847035,26.0
6.3807386399847035,52.0
6.3807386399847035,36.0
6.3807386399847035,26.0
6.3807386399847035,26.0
6.3807386399847035,26.0
6.3807386399847035,65.0
6.3807386399847035,208.0
6.3807386399847035,26.0
6.3807386399847035,52.0
6.3807386399847035,26.0
6.3807386399847035,26.0
6.3807386399847035,104.0
6.3807386399847035,36.0
6.22,22.0
7.17,54.0
6.3807386399847035,365.0
6.3807386399847035,26.0
6.3807386399847035,52.0
6.3807386399847035,26.0
6.3807386399847035,26.0
6.3807386399847035,10.0
6.3807386399847035,26.0
5.58,50.0
6.3807386399847035,52.0
6.3807386399847035,26.0
6.3807386399847035,52.0
6.3807386399847035,26.0
6.3807386399847035,26.0
6.3807386399847035,6.0
6.3807386399847035,3.0
6.3807386399847035,104.0
6.3807386399847035,26.0
6.3807386399847035,52.0
6.3807386399847035,52.0
6.3807386399847035,52.0
6.3807386399847035,52.0
6.3807386399847035,26.0
6.3807386399847035,52.0
6.3807386399847035,52.0
6.3807386399847035,52.0
6.3807386399847035,104.0
6.3807386399847035,52.0
6.3807386399847035,52.0
6.3807386399847035,32.0
6.3807386399847035,26.0
6.3807386399847035,26.0
6.3807386399847035,8.0
6.3807386399847035,16.0
6.3807386399847035,20.0
6.3807386399847035,7.0
6.3807386399847035,3.0
6.3807386399847035,40.0
6.3807386399847035,104.0
6.3807386399847035,1.0
6.3807386399847035,208.0
6.3807386399847035,36.0
6.3807386399847035,52.0
6.3807386399847035,50.0
6.3807386399847035,83.0
6.3807386399847035,26.0
6.3807386399847035,52.0
6.3807386399847035,13.0
6.3807386399847035,26.0
6.3807386399847035,50.0
6.3807386399847035,22.0
6.3807386399847035,26.0
6.3807386399847035,26.0
6.3807386399847035,13.0
6.3807386399847035,26.0
6.3807386399847035,26.0
6.3807386399847035,26.0
6.3807386399847035,13.0
6.3807386399847035,26.0
6.3807386399847035,26.0
6.3807386399847035,22.0
6.3807386399847035,13.0
6.3807386399847035,26.0
6.3807386399847035,13.0
6.3807386399847035,13.0
6.3807386399847035,26.0
6.3807386399847035,13.0
6.3807386399847035,48.0
6.3807386399847035,26.0
6.3807386399847035,13.0
6.3807386399847035,26.0
6.3807386399847035,26.0
6.3807386399847035,38.0
6.3807386399847035,26.0
6.3807386399847035,9.0
6.3807386399847035,26.0
6.3807386399847035,10.0
6.3807386399847035,27.0
6.3807386399847035,35.0
6.3807386399847035,26.0
6.3807386399847035,25.0
6.3807386399847035,100.0
6.3807386399847035,100.0
6.3807386399847035,15.0
6.3807386399847035,52.0
6.3807386399847035,24.0
6.3807386399847035,26.0
6.3807386399847035,17.0
6.3807386399847035,37.0
6.3807386399847035,13.0
6.3807386399847035,20.0
6.3807386399847035,21.0
6.3807386399847035,6.0
6.3807386399847035,16.0
6.3807386399847035,67.0
6.3807386399847035,100.0
6.3807386399847035,104.0
6.3807386399847035,52.0
6.3807386399847035,26.0
6.3807386399847035,104.0
6.3807386399847035,52.0
6.3807386399847035,20.0
6.3807386399847035,60.0
6.3807386399847035,60.0
6.3807386399847035,60.0
6.3807386399847035,60.0
6.3807386399847035,60.0
6.3807386399847035,26.0
6.3807386399847035,26.0
6.3807386399847035,60.0
6.3807386399847035,58.0
6.3807386399847035,1.0
6.3807386399847035,58.0
6.3807386399847035,1.0
6.3807386399847035,78.0
6.3807386399847035,78.0
6.3807386399847035,52.0
6.3807386399847035,52.0
6.3807386399847035,500.0
6.3807386399847035,156.0
6.3807386399847035,52.0
6.3807386399847035,52.0
6.3807386399847035,52.0
6.3807386399847035,52.0
6.3807386399847035,624.0
6.3807386399847035,60.0
6.3807386399847035,60.0
6.3807386399847035,60.0
6.3807386399847035,60.0
6.3807386399847035,52.0
6.3807386399847035,26.0
6.3807386399847035,26.0
6.3807386399847035,26.0
6.3807386399847035,26.0
6.3807386399847035,26.0
6.3807386399847035,26.0
6.3807386399847035,100.0
6.3807386399847035,40.0
6.3807386399847035,32.0
6.3807386399847035,30.0
6.3807386399847035,5.0
6.3807386399847035,26.0
6.3807386399847035,52.0
6.3807386399847035,52.0
6.3807386399847035,50.0
6.3807386399847035,200.0
6.3807386399847035,3.0
6.3807386399847035,30.0
6.3807386399847035,52.0
6.3807386399847035,15.0
6.3807386399847035,52.0
6.3807386399847035,26.0
6.3807386399847035,60.0
6.3807386399847035,30.0
6.3807386399847035,90.0
6.3807386399847035,52.0
6.3807386399847035,26.0
6.3807386399847035,117.0
7.25,12.0
6.3807386399847035,1.0
6.3807386399847035,320.0
6.3807386399847035,52.0
6.3807386399847035,38.0
6.3807386399847035,312.0
6.3807386399847035,52.0
6.3807386399847035,52.0
6.3807386399847035,52.0
6.3807386399847035,52.0
6.3807386399847035,52.0
6.3807386399847035,52.0
6.3807386399847035,432.0
6.3807386399847035,26.0
6.3807386399847035,26.0
6.3807386399847035,32.0
6.3807386399847035,13.0
6.3807386399847035,13.0
6.3807386399847035,26.0
6.3807386399847035,13.0
6.3807386399847035,17.0
6.3807386399847035,36.0
6.3807386399847035,52.0
6.3807386399847035,46.0
6.3807386399847035,36.0
6.3807386399847035,52.0
6.3807386399847035,118.0
6.3807386399847035,118.0
6.3807386399847035,118.0
6.3807386399847035,52.0
6.3807386399847035,52.0
6.3807386399847035,26.0
6.3807386399847035,26.0
6.3807386399847035,52.0
6.3807386399847035,52.0
6.3807386399847035,26.0
6.3807386399847035,50.0
6.3807386399847035,114.0
6.3807386399847035,52.0
6.3807386399847035,26.0
6.3807386399847035,26.0
6.3807386399847035,104.0
6.3807386399847035,52.0
6.3807386399847035,52.0
6.3807386399847035,98.0
6.3807386399847035,52.0
6.3807386399847035,34.0
6.3807386399847035,26.0
6.3807386399847035,52.0
6.3807386399847035,52.0
6.3807386399847035,1.0
6.3807386399847035,36.0
6.3807386399847035,53.0
7.27,12.0
7.28,10.0
6.3807386399847035,26.0
6.3807386399847035,36.0
6.3807386399847035,26.0
6.3807386399847035,52.0
6.3807386399847035,16.0
6.3807386399847035,24.0
6.3807386399847035,32.0
6.3807386399847035,48.0
6.3807386399847035,17.0
6.3807386399847035,9.0
6.3807386399847035,130.0
6.3807386399847035,52.0
6.3807386399847035,52.0
6.3807386399847035,52.0
6.3807386399847035,52.0
6.3807386399847035,52.0
6.3807386399847035,52.0
6.3807386399847035,52.0
6.3807386399847035,52.0
6.3807386399847035,52.0
6.3807386399847035,52.0
6.3807386399847035,52.0
6.3807386399847035,52.0
6.3807386399847035,52.0
5.85,1.0
6.3807386399847035,52.0
6.3807386399847035,38.0
6.3807386399847035,52.0
6.3807386399847035,52.0
6.3807386399847035,53.0
6.3807386399847035,104.0
6.3807386399847035,200.0
6.3807386399847035,180.0
6.3807386399847035,150.0
6.3807386399847035,150.0
6.3807386399847035,250.0
6.3807386399847035,100.0
6.3807386399847035,150.0
6.3807386399847035,800.0
6.3807386399847035,50.0
6.3807386399847035,365.0
6.3807386399847035,365.0
6.3807386399847035,50.0
6.3807386399847035,420.0
6.3807386399847035,200.0
6.3807386399847035,160.0
6.3807386399847035,108.0
6.3807386399847035,116.0
6.3807386399847035,18.0
6.3807386399847035,63.0
6.3807386399847035,230.0
6.3807386399847035,300.0
6.3807386399847035,104.0
6.3807386399847035,500.0
6.3807386399847035,500.0
8.38,10.0
6.03,10.0
7.22,4.0
6.6,12.0
6.3807386399847035,1.0
5.56,13.0
6.3807386399847035,1.0
6.65,13.0
7.04,1.0
8.7,12.0
8.21,13.0
6.3807386399847035,1.0
6.3807386399847035,1.0
6.3807386399847035,1.0
5.15,10.0
5.22,12.0
6.68,2.0
4.92,5.0
7.37,1.0
7.28,22.0
5.9,40.0
6.67,2.0
5.47,3.0
6.3807386399847035,1.0
5.72,13.0
6.3807386399847035,40.0
6.92,12.0
5.12,1.0
4.55,1.0
5.05,1.0
5.82,26.0
7.18,1.0
6.3807386399847035,9.0
6.3807386399847035,1.0
6.3807386399847035,2.0
6.56,1.0
6.3807386399847035,1.0
8.62,1.0
7.05,12.0
6.53,1.0
5.84,14.0
6.3807386399847035,52.0
6.3807386399847035,52.0
6.3807386399847035,104.0
6.3807386399847035,52.0
5.89,12.0
6.3807386399847035,52.0
6.3807386399847035,52.0
6.3807386399847035,52.0
6.3807386399847035,104.0
6.3807386399847035,50.0
6.3807386399847035,36.0
6.3807386399847035,5.0
6.3807386399847035,12.0
6.3807386399847035,38.0
6.3807386399847035,50.0
6.3807386399847035,52.0
6.3807386399847035,130.0
6.3807386399847035,60.0
6.3807386399847035,77.0
6.3807386399847035,26.0
6.3807386399847035,52.0
6.3807386399847035,52.0
6.3807386399847035,52.0
6.3807386399847035,52.0
6.3807386399847035,52.0
6.3807386399847035,40.0
6.3807386399847035,40.0
6.3807386399847035,40.0
6.3807386399847035,40.0
6.3807386399847035,38.0
6.3807386399847035,52.0
6.3807386399847035,26.0
6.3807386399847035,2.0
6.3807386399847035,104.0
6.3807386399847035,52.0
6.3807386399847035,26.0
6.3807386399847035,20.0
6.3807386399847035,52.0
6.3807386399847035,26.0
6.3807386399847035,100.0
6.3807386399847035,120.0
6.3807386399847035,104.0
6.3807386399847035,208.0
6.3807386399847035,26.0
6.3807386399847035,26.0
6.3807386399847035,30.0
6.3807386399847035,52.0
6.3807386399847035,52.0
6.3807386399847035,26.0
6.3807386399847035,26.0
6.3807386399847035,60.0
6.3807386399847035,26.0
6.3807386399847035,52.0
6.3807386399847035,365.0
6.3807386399847035,78.0
6.3807386399847035,1.0
6.3807386399847035,52.0
6.3807386399847035,52.0
6.3807386399847035,104.0
6.3807386399847035,52.0
6.3807386399847035,26.0
6.3807386399847035,104.0
6.3807386399847035,52.0
6.3807386399847035,104.0
6.3807386399847035,52.0
6.3807386399847035,52.0
6.3807386399847035,52.0
6.3807386399847035,52.0
6.3807386399847035,52.0
6.3807386399847035,52.0
6.3807386399847035,52.0
6.3807386399847035,52.0
6.3807386399847035,52.0
6.3807386399847035,52.0
6.75,1.0
6.3807386399847035,24.0
6.3807386399847035,52.0
6.3807386399847035,52.0
6.3807386399847035,52.0
6.3807386399847035,53.0
6.3807386399847035,52.0
6.3807386399847035,54.0
6.3807386399847035,40.0
6.3807386399847035,52.0
6.3807386399847035,26.0
6.3807386399847035,52.0
6.3807386399847035,53.0
6.3807386399847035,52.0
6.3807386399847035,52.0
6.3807386399847035,52.0
6.3807386399847035,26.0
6.3807386399847035,108.0
6.3807386399847035,16.0
6.3807386399847035,100.0
6.3807386399847035,26.0
6.3807386399847035,1.0
6.97,26.0
6.58,13.0
6.3807386399847035,52.0
6.3807386399847035,22.0
6.3807386399847035,26.0
6.3807386399847035,57.0
6.3807386399847035,77.0
6.3807386399847035,52.0
6.3807386399847035,10.0
6.3807386399847035,56.0
6.3807386399847035,52.0
6.3807386399847035,26.0
6.3807386399847035,30.0
6.3807386399847035,18.0
6.3807386399847035,19.0
6.3807386399847035,18.0
6.3807386399847035,38.0
6.3807386399847035,108.0
6.3807386399847035,52.0
6.3807386399847035,13.0
6.3807386399847035,16.0
6.3807386399847035,52.0
6.3807386399847035,26.0
6.3807386399847035,25.0
6.3807386399847035,26.0
6.3807386399847035,52.0
6.3807386399847035,13.0
6.3807386399847035,26.0
6.3807386399847035,499.0
6.3807386399847035,364.0
6.3807386399847035,52.0
6.3807386399847035,356.0
6.3807386399847035,365.0
6.3807386399847035,52.0
6.3807386399847035,78.0
6.3807386399847035,42.0
6.3807386399847035,41.0
6.3807386399847035,26.0
6.3807386399847035,6.0
6.3807386399847035,108.0
6.3807386399847035,108.0
6.3807386399847035,108.0
6.3807386399847035,108.0
6.3807386399847035,108.0
6.3807386399847035,52.0
6.3807386399847035,52.0
6.3807386399847035,52.0
6.3807386399847035,52.0
6.3807386399847035,104.0
6.3807386399847035,50.0
6.3807386399847035,26.0
6.3807386399847035,26.0
6.3807386399847035,26.0
6.3807386399847035,104.0
6.3807386399847035,52.0
6.3807386399847035,50.0
6.3807386399847035,52.0
6.3807386399847035,104.0
6.3807386399847035,52.0
6.3807386399847035,40.0
6.3807386399847035,52.0
6.3807386399847035,52.0
6.3807386399847035,26.0
6.3807386399847035,26.0
6.3807386399847035,24.0
6.3807386399847035,30.0
6.3807386399847035,294.0
6.3807386399847035,52.0
6.3807386399847035,26.0
6.3807386399847035,12.0
6.3807386399847035,26.0
6.3807386399847035,152.0
6.3807386399847035,120.0
6.3807386399847035,130.0
6.3807386399847035,365.0
6.3807386399847035,52.0
6.3807386399847035,52.0
6.3807386399847035,26.0
6.3807386399847035,103.0
6.3807386399847035,100.0
6.3807386399847035,150.0
6.3807386399847035,240.0
6.3807386399847035,52.0
6.3807386399847035,52.0
6.3807386399847035,52.0
6.3807386399847035,2.0
6.3807386399847035,64.0
6.3807386399847035,156.0
6.3807386399847035,26.0
6.3807386399847035,100.0
6.3807386399847035,26.0
6.3807386399847035,36.0
6.3807386399847035,59.0
6.3807386399847035,104.0
6.3807386399847035,52.0
6.3807386399847035,84.0
6.3807386399847035,52.0
6.3807386399847035,104.0
6.3807386399847035,26.0
6.3807386399847035,367.0
6.3807386399847035,104.0
6.3807386399847035,52.0
6.3807386399847035,60.0
6.3807386399847035,65.0
6.3807386399847035,26.0
6.3807386399847035,26.0
6.3807386399847035,39.0
6.3807386399847035,26.0
6.3807386399847035,26.0
6.3807386399847035,26.0
6.3807386399847035,98.0
6.3807386399847035,52.0
6.3807386399847035,160.0
6.3807386399847035,1.0
6.3807386399847035,104.0
6.3807386399847035,52.0
6.3807386399847035,210.0
6.3807386399847035,26.0
6.3807386399847035,115.0
6.3807386399847035,20.0
6.3807386399847035,48.0
6.3807386399847035,26.0
6.3807386399847035,144.0
6.3807386399847035,26.0
6.3807386399847035,75.0
6.3807386399847035,26.0
6.3807386399847035,50.0
6.3807386399847035,50.0
6.31,13.0
6.3807386399847035,52.0
6.3807386399847035,60.0
6.3807386399847035,100.0
6.3807386399847035,13.0
6.3807386399847035,97.0
6.3807386399847035,26.0
6.3807386399847035,108.0
6.3807386399847035,26.0
6.3807386399847035,26.0
6.3807386399847035,30.0
6.3807386399847035,64.0
6.3807386399847035,40.0
6.3807386399847035,72.0
6.3807386399847035,52.0
6.3807386399847035,104.0
6.3807386399847035,26.0
6.3807386399847035,36.0
6.3807386399847035,25.0
6.3807386399847035,110.0
6.3807386399847035,52.0
6.3807386399847035,52.0
6.3807386399847035,26.0
6.3807386399847035,8.0
6.3807386399847035,10.0
6.3807386399847035,100.0
6.3807386399847035,100.0
6.3807386399847035,20.0
6.3807386399847035,39.0
6.04,30.0
5.28,8.0
5.12,8.0
5.15,10.0
6.3807386399847035,229.0
6.3807386399847035,20.0
6.3807386399847035,20.0
6.3807386399847035,20.0
6.3807386399847035,52.0
6.3807386399847035,26.0
6.3807386399847035,26.0
6.3807386399847035,26.0
6.3807386399847035,26.0
6.3807386399847035,26.0
6.3807386399847035,26.0
6.3807386399847035,27.0
6.3807386399847035,26.0
6.3807386399847035,26.0
6.3807386399847035,26.0
6.3807386399847035,26.0
6.3807386399847035,26.0
6.3807386399847035,26.0
6.3807386399847035,52.0
6.3807386399847035,32.0
6.3807386399847035,26.0
6.3807386399847035,26.0
6.3807386399847035,100.0
6.3807386399847035,52.0
6.3807386399847035,39.0
6.3807386399847035,26.0
6.3807386399847035,8.0
6.3807386399847035,1.0
6.3807386399847035,30.0
6.3807386399847035,365.0
6.3807386399847035,52.0
6.3807386399847035,52.0
6.3807386399847035,104.0
6.3807386399847035,26.0
6.3807386399847035,26.0
6.3807386399847035,22.0
6.3807386399847035,20.0
6.3807386399847035,365.0
6.3807386399847035,52.0
6.3807386399847035,26.0
6.3807386399847035,26.0
6.3807386399847035,45.0
6.3807386399847035,90.0
6.3807386399847035,21.0
6.3807386399847035,8.0
6.3807386399847035,30.0
6.3807386399847035,100.0
6.3807386399847035,26.0
6.3807386399847035,26.0
6.3807386399847035,42.0
6.3807386399847035,42.0
6.3807386399847035,80.0
6.3807386399847035,80.0
6.3807386399847035,365.0
5.54,12.0
5.99,1.0
7.51,24.0
8.41,13.0
6.3807386399847035,59.0
8.69,13.0
6.3807386399847035,200.0
6.3807386399847035,52.0
5.83,12.0
5.62,33.0
6.3807386399847035,80.0
6.3807386399847035,40.0
6.3807386399847035,121.0
6.3807386399847035,40.0
6.3807386399847035,52.0
6.3807386399847035,39.0
6.3807386399847035,26.0
6.3807386399847035,30.0
6.3807386399847035,30.0
6.3807386399847035,30.0
6.3807386399847035,200.0
6.3807386399847035,300.0
6.3807386399847035,365.0
6.3807386399847035,300.0
6.3807386399847035,365.0
6.3807386399847035,365.0
6.3807386399847035,35.0
6.3807386399847035,14.0
6.3807386399847035,36.0
6.3807386399847035,80.0
6.3807386399847035,52.0
6.3807386399847035,104.0
6.3807386399847035,26.0
6.3807386399847035,161.0
6.3807386399847035,89.0
6.3807386399847035,13.0
6.3807386399847035,52.0
6.3807386399847035,52.0
6.3807386399847035,70.0
6.3807386399847035,52.0
6.3807386399847035,26.0
6.3807386399847035,52.0
6.3807386399847035,30.0
6.3807386399847035,26.0
6.3807386399847035,26.0
6.3807386399847035,26.0
6.3807386399847035,52.0
6.3807386399847035,52.0
6.3807386399847035,30.0
6.3807386399847035,80.0
6.3807386399847035,52.0
6.3807386399847035,52.0
6.3807386399847035,1.0
6.3807386399847035,10.0
6.3807386399847035,26.0
6.3807386399847035,26.0
6.3807386399847035,52.0
6.3807386399847035,26.0
6.3807386399847035,75.0
6.3807386399847035,30.0
6.3807386399847035,52.0
6.3807386399847035,52.0
6.3807386399847035,40.0
6.3807386399847035,20.0
6.3807386399847035,200.0
6.3807386399847035,18.0
6.3807386399847035,26.0
6.3807386399847035,26.0
6.3807386399847035,50.0
6.3807386399847035,35.0
6.3807386399847035,30.0
6.3807386399847035,52.0
6.3807386399847035,52.0
6.3807386399847035,208.0
6.3807386399847035,52.0
6.3807386399847035,52.0
6.3807386399847035,52.0
6.3807386399847035,26.0
6.3807386399847035,26.0
6.3807386399847035,100.0
6.3807386399847035,52.0
6.3807386399847035,26.0
6.3807386399847035,36.0
6.3807386399847035,52.0
6.3807386399847035,52.0
6.3807386399847035,52.0
6.3807386399847035,52.0
6.3807386399847035,64.0
6.3807386399847035,26.0
6.3807386399847035,50.0
6.3807386399847035,200.0
6.3807386399847035,104.0
6.3807386399847035,120.0
6.3807386399847035,100.0
6.3807386399847035,26.0
6.3807386399847035,108.0
6.3807386399847035,138.0
6.3807386399847035,99.0
6.3807386399847035,52.0
6.3807386399847035,21.0
6.3807386399847035,100.0
6.3807386399847035,200.0
6.3807386399847035,52.0
6.3807386399847035,26.0
6.3807386399847035,200.0
6.3807386399847035,100.0
6.3807386399847035,52.0
6.3807386399847035,26.0
6.3807386399847035,26.0
6.3807386399847035,64.0
6.3807386399847035,64.0
6.3807386399847035,90.0
6.3807386399847035,60.0
6.3807386399847035,26.0
6.3807386399847035,52.0
6.3807386399847035,40.0
6.3807386399847035,104.0
6.3807386399847035,26.0
6.3807386399847035,96.0
6.3807386399847035,20.0
6.3807386399847035,10.0
6.3807386399847035,26.0
6.3807386399847035,26.0
6.3807386399847035,17.0
6.3807386399847035,52.0
6.3807386399847035,26.0
6.3807386399847035,60.0
6.3807386399847035,20.0
6.3807386399847035,72.0
6.3807386399847035,30.0
6.3807386399847035,22.0
6.3807386399847035,52.0
6.3807386399847035,150.0
6.3807386399847035,26.0
6.3807386399847035,30.0
6.3807386399847035,52.0
6.3807386399847035,120.0
6.3807386399847035,52.0
6.3807386399847035,104.0
6.3807386399847035,1664.0
6.3807386399847035,52.0
6.3807386399847035,26.0
6.3807386399847035,40.0
6.3807386399847035,52.0
6.3807386399847035,10.0
6.3807386399847035,1000.0
6.3807386399847035,52.0
6.3807386399847035,52.0
6.3807386399847035,52.0
6.3807386399847035,52.0
6.3807386399847035,26.0
6.3807386399847035,52.0
6.3807386399847035,156.0
6.3807386399847035,26.0
6.3807386399847035,52.0
6.3807386399847035,52.0
6.3807386399847035,52.0
6.3807386399847035,21.0
6.3807386399847035,52.0
6.3807386399847035,38.0
6.3807386399847035,52.0
6.3807386399847035,40.0
6.3807386399847035,40.0
6.3807386399847035,40.0
6.3807386399847035,40.0
6.3807386399847035,40.0
6.3807386399847035,24.0
6.3807386399847035,26.0
6.3807386399847035,60.0
6.3807386399847035,52.0
6.3807386399847035,57.0
6.3807386399847035,21.0
6.3807386399847035,52.0
6.3807386399847035,365.0
6.3807386399847035,64.0
6.3807386399847035,26.0
6.3807386399847035,104.0
6.3807386399847035,52.0
7.81,12.0
6.3807386399847035,52.0
6.3807386399847035,67.0
6.3807386399847035,100.0
6.3807386399847035,26.0
6.3807386399847035,100.0
6.3807386399847035,36.0
6.3807386399847035,26.0
6.3807386399847035,104.0
6.3807386399847035,52.0
6.3807386399847035,26.0
6.3807386399847035,48.0
6.3807386399847035,22.0
6.3807386399847035,52.0
6.3807386399847035,12.0
6.3807386399847035,50.0
6.3807386399847035,52.0
6.3807386399847035,26.0
6.3807386399847035,60.0
6.3807386399847035,26.0
6.3807386399847035,26.0
6.3807386399847035,50.0
6.3807386399847035,60.0
6.3807386399847035,100.0
6.29,41.0
6.3807386399847035,18.0
6.3807386399847035,52.0
6.3807386399847035,52.0
6.3807386399847035,72.0
6.3807386399847035,26.0
6.3807386399847035,26.0
6.3807386399847035,200.0
6.3807386399847035,52.0
6.3807386399847035,26.0
6.3807386399847035,101.0
6.3807386399847035,42.0
6.3807386399847035,42.0
6.3807386399847035,26.0
6.3807386399847035,42.0
6.3807386399847035,42.0
6.3807386399847035,50.0
6.3807386399847035,42.0
6.3807386399847035,50.0
6.3807386399847035,52.0
6.3807386399847035,208.0
6.3807386399847035,52.0
6.3807386399847035,50.0
6.3807386399847035,150.0
6.3807386399847035,70.0
6.3807386399847035,237.0
6.3807386399847035,247.0
6.3807386399847035,42.0
6.3807386399847035,52.0
6.3807386399847035,26.0
7.13,1.0
7.24,24.0
6.3807386399847035,50.0
6.3807386399847035,115.0
6.3807386399847035,60.0
6.3807386399847035,300.0
6.3807386399847035,104.0
6.3807386399847035,84.0
6.3807386399847035,325.0
7.58,1.0
6.3807386399847035,52.0
6.3807386399847035,299.0
6.3807386399847035,267.0
6.3807386399847035,100.0
6.3807386399847035,64.0
6.3807386399847035,26.0
6.3807386399847035,28.0
6.3807386399847035,26.0
6.3807386399847035,26.0
6.3807386399847035,60.0
6.3807386399847035,52.0
6.3807386399847035,40.0
6.3807386399847035,104.0
6.3807386399847035,26.0
6.3807386399847035,26.0
6.3807386399847035,26.0
6.3807386399847035,26.0
6.3807386399847035,59.0
6.3807386399847035,100.0
6.3807386399847035,52.0
6.3807386399847035,100.0
6.3807386399847035,48.0
6.3807386399847035,20.0
6.3807386399847035,78.0
6.3807386399847035,52.0
6.3807386399847035,30.0
6.3807386399847035,52.0
6.3807386399847035,104.0
6.3807386399847035,52.0
6.37,12.0
6.3807386399847035,52.0
6.3807386399847035,36.0
6.3807386399847035,52.0
6.3807386399847035,50.0
6.3807386399847035,52.0
6.3807386399847035,52.0
5.24,1.0
6.3807386399847035,78.0
6.3807386399847035,78.0
6.3807386399847035,78.0
6.3807386399847035,208.0
6.3807386399847035,52.0
6.3807386399847035,52.0
6.3807386399847035,26.0
6.3807386399847035,104.0
6.3807386399847035,102.0
6.3807386399847035,50.0
6.3807386399847035,104.0
6.3807386399847035,11.0
6.3807386399847035,150.0
6.3807386399847035,10.0
6.3807386399847035,78.0
6.3807386399847035,260.0
6.3807386399847035,30.0
6.3807386399847035,30.0
6.3807386399847035,26.0
6.3807386399847035,52.0
6.3807386399847035,46.0
6.3807386399847035,52.0
6.3807386399847035,52.0
6.3807386399847035,52.0
6.3807386399847035,52.0
6.3807386399847035,18.0
6.3807386399847035,52.0
6.3807386399847035,100.0
6.3807386399847035,52.0
6.3807386399847035,50.0
6.3807386399847035,300.0
6.3807386399847035,26.0
6.3807386399847035,104.0
6.3807386399847035,360.0
6.3807386399847035,52.0
6.3807386399847035,72.0
6.3807386399847035,144.0
6.3807386399847035,80.0
6.3807386399847035,52.0
6.3807386399847035,52.0
6.3807386399847035,24.0
6.3807386399847035,54.0
6.3807386399847035,54.0
6.3807386399847035,54.0
6.3807386399847035,54.0
6.3807386399847035,65.0
6.3807386399847035,160.0
6.3807386399847035,75.0
6.3807386399847035,75.0
6.3807386399847035,75.0
6.3807386399847035,26.0
6.3807386399847035,96.0
6.3807386399847035,52.0
6.3807386399847035,68.0
6.3807386399847035,58.0
8.26,13.0
6.3807386399847035,26.0
6.3807386399847035,20.0
6.3807386399847035,26.0
6.3807386399847035,20.0
6.3807386399847035,20.0
6.3807386399847035,20.0
6.3807386399847035,80.0
6.3807386399847035,42.0
6.3807386399847035,42.0
6.3807386399847035,42.0
6.3807386399847035,42.0
6.3807386399847035,42.0
6.3807386399847035,42.0
6.3807386399847035,75.0
6.3807386399847035,75.0
7.21,1.0
6.3807386399847035,1.0
6.3807386399847035,25.0
6.3807386399847035,25.0
6.3807386399847035,25.0
6.3807386399847035,25.0
6.3807386399847035,52.0
6.3807386399847035,14.0
6.3807386399847035,104.0
6.3807386399847035,80.0
6.3807386399847035,52.0
6.3807386399847035,26.0
6.3807386399847035,60.0
6.3807386399847035,42.0
5.88,12.0
6.3807386399847035,98.0
6.3807386399847035,52.0
6.3807386399847035,26.0
6.3807386399847035,50.0
6.3807386399847035,100.0
6.3807386399847035,52.0
6.3807386399847035,26.0
6.3807386399847035,52.0
6.3807386399847035,50.0
6.3807386399847035,26.0
6.3807386399847035,13.0
6.3807386399847035,13.0
6.3807386399847035,28.0
6.3807386399847035,104.0
6.3807386399847035,52.0
6.3807386399847035,100.0
5.46,60.0
6.3807386399847035,104.0
6.3807386399847035,26.0
6.3807386399847035,26.0
6.3807386399847035,52.0
6.3807386399847035,125.0
6.43,1.0
6.3807386399847035,43.0
8.3,17.0
6.3807386399847035,6.0
6.3807386399847035,5.0
6.3807386399847035,120.0
6.3807386399847035,284.0
6.3807386399847035,95.0
6.3807386399847035,90.0
6.3807386399847035,43.0
6.3807386399847035,42.0
6.3807386399847035,50.0
6.3807386399847035,177.0
6.3807386399847035,51.0
6.3807386399847035,10.0
6.3807386399847035,51.0
6.3807386399847035,30.0
6.3807386399847035,50.0
6.3807386399847035,60.0
6.3807386399847035,13.0
6.3807386399847035,52.0
6.3807386399847035,52.0
6.3807386399847035,52.0
6.3807386399847035,30.0
6.3807386399847035,30.0
6.3807386399847035,30.0
6.3807386399847035,26.0
6.3807386399847035,104.0
6.3807386399847035,12.0
6.3807386399847035,50.0
6.3807386399847035,50.0
6.28,8.0
6.3807386399847035,10.0
6.3807386399847035,12.0
6.3807386399847035,52.0
6.3807386399847035,26.0
6.3807386399847035,104.0
6.3807386399847035,30.0
6.3807386399847035,52.0
6.3807386399847035,52.0
6.3807386399847035,26.0
6.3807386399847035,20.0
6.3807386399847035,20.0
6.3807386399847035,20.0
6.3807386399847035,25.0
6.3807386399847035,24.0
6.3807386399847035,40.0
6.3807386399847035,40.0
6.3807386399847035,80.0
6.3807386399847035,80.0
6.3807386399847035,80.0
6.3807386399847035,80.0
6.3807386399847035,80.0
6.3807386399847035,80.0
6.3807386399847035,12.0
6.3807386399847035,52.0
6.3807386399847035,2.0
6.3807386399847035,30.0
6.3807386399847035,26.0
5.86,3.0
6.3807386399847035,56.0
6.3807386399847035,40.0
6.3807386399847035,20.0
6.3807386399847035,28.0
6.3807386399847035,26.0
6.3807386399847035,13.0
6.3807386399847035,26.0
6.3807386399847035,20.0
6.3807386399847035,365.0
6.3807386399847035,26.0
6.3807386399847035,26.0
6.3807386399847035,26.0
6.3807386399847035,52.0
6.3807386399847035,52.0
6.3807386399847035,52.0
6.3807386399847035,52.0
6.3807386399847035,52.0
6.3807386399847035,85.0
6.3807386399847035,20.0
6.3807386399847035,20.0
6.3807386399847035,34.0
6.3807386399847035,100.0
6.3807386399847035,36.0
6.3807386399847035,52.0
6.3807386399847035,6.0
6.3807386399847035,75.0
6.3807386399847035,72.0
6.3807386399847035,75.0
6.3807386399847035,75.0
6.3807386399847035,200.0
6.3807386399847035,52.0
6.3807386399847035,52.0
6.3807386399847035,52.0
6.3807386399847035,52.0
6.3807386399847035,78.0
6.3807386399847035,81.0
6.3807386399847035,30.0
6.3807386399847035,20.0
6.3807386399847035,8.0
6.3807386399847035,20.0
6.3807386399847035,8.0
6.3807386399847035,49.0
6.3807386399847035,30.0
6.3807386399847035,18.0
6.3807386399847035,145.0
6.3807386399847035,85.0
6.3807386399847035,72.0
6.3807386399847035,48.0
6.3807386399847035,30.0
6.3807386399847035,10.0
6.3807386399847035,12.0
6.3807386399847035,26.0
5.99,50.0
6.3807386399847035,82.0
6.3807386399847035,26.0
6.3807386399847035,100.0
6.3807386399847035,100.0
6.3807386399847035,48.0
6.3807386399847035,80.0
6.3807386399847035,16.0
6.3807386399847035,26.0
6.3807386399847035,12.0
6.3807386399847035,32.0
6.3807386399847035,96.0
6.3807386399847035,52.0
6.3807386399847035,1.0
6.3807386399847035,13.0
6.3807386399847035,30.0
6.3807386399847035,30.0
6.3807386399847035,30.0
6.3807386399847035,140.0
6.3807386399847035,52.0
6.3807386399847035,38.0
6.3807386399847035,82.0
6.3807386399847035,64.0
6.3807386399847035,52.0
6.3807386399847035,10.0
6.3807386399847035,10.0
6.3807386399847035,10.0
6.3807386399847035,14.0
6.3807386399847035,21.0
6.3807386399847035,20.0
6.3807386399847035,20.0
6.3807386399847035,20.0
6.3807386399847035,47.0
6.3807386399847035,50.0
6.3807386399847035,45.0
6.3807386399847035,52.0
6.3807386399847035,26.0
6.3807386399847035,52.0
6.3807386399847035,52.0
6.3807386399847035,20.0
6.3807386399847035,16.0
6.3807386399847035,58.0
6.3807386399847035,52.0
6.3807386399847035,20.0
6.3807386399847035,26.0
6.3807386399847035,26.0
6.3807386399847035,52.0
6.3807386399847035,26.0
6.3807386399847035,10.0
6.3807386399847035,100.0
6.3807386399847035,52.0
6.3807386399847035,108.0
6.3807386399847035,1.0
6.3807386399847035,8.0
6.3807386399847035,60.0
6.3807386399847035,21.0
6.3807386399847035,20.0
6.3807386399847035,11.0
6.3807386399847035,54.0
6.3807386399847035,13.0
6.3807386399847035,20.0
6.3807386399847035,26.0
6.3807386399847035,26.0
5.85,10.0
6.3807386399847035,20.0
6.3807386399847035,10.0
6.3807386399847035,30.0
6.3807386399847035,10.0
6.3807386399847035,7.0
6.3807386399847035,9.0
6.3807386399847035,7.0
6.3807386399847035,9.0
6.3807386399847035,100.0
6.3807386399847035,6.0
6.3807386399847035,20.0
6.3807386399847035,52.0
6.3807386399847035,52.0
6.3807386399847035,32.0
6.3807386399847035,84.0
6.3807386399847035,20.0
6.3807386399847035,20.0
6.3807386399847035,52.0
6.3807386399847035,26.0
6.3807386399847035,26.0
6.3807386399847035,52.0
6.3807386399847035,40.0
6.3807386399847035,10.0
6.3807386399847035,13.0
6.3807386399847035,26.0
6.3807386399847035,24.0
6.3807386399847035,26.0
6.3807386399847035,26.0
6.3807386399847035,26.0
6.3807386399847035,11.0
6.3807386399847035,53.0
6.3807386399847035,150.0
6.3807386399847035,18.0
6.3807386399847035,26.0
6.3807386399847035,80.0
6.3807386399847035,32.0
6.3807386399847035,26.0
6.64,1.0
6.3807386399847035,1.0
6.3807386399847035,17.0
6.22,12.0
6.3807386399847035,63.0
6.3807386399847035,200.0
6.3807386399847035,38.0
6.3807386399847035,34.0
6.3807386399847035,52.0
6.3807386399847035,78.0
6.3807386399847035,500.0
6.3807386399847035,300.0
6.3807386399847035,500.0
6.3807386399847035,100.0
6.3807386399847035,92.0
6.3807386399847035,26.0
6.17,1.0
6.3807386399847035,20.0
6.3807386399847035,20.0
6.3807386399847035,20.0
6.3807386399847035,50.0
6.3807386399847035,50.0
6.3807386399847035,64.0
6.3807386399847035,70.0
6.3807386399847035,104.0
6.3807386399847035,30.0
6.3807386399847035,22.0
6.3807386399847035,20.0
6.3807386399847035,26.0
6.3807386399847035,26.0
6.3807386399847035,49.0
6.3807386399847035,26.0
6.3807386399847035,26.0
6.3807386399847035,60.0
6.3807386399847035,26.0
6.3807386399847035,52.0
6.3807386399847035,52.0
6.3807386399847035,52.0
6.3807386399847035,52.0
6.81,40.0
6.3807386399847035,2.0
6.3807386399847035,12.0
6.3807386399847035,120.0
6.3807386399847035,12.0
6.3807386399847035,1.0
6.3807386399847035,40.0
6.3807386399847035,15.0
6.3807386399847035,52.0
6.3807386399847035,30.0
6.3807386399847035,12.0
6.3807386399847035,12.0
6.3807386399847035,24.0
6.3807386399847035,28.0
6.3807386399847035,18.0
6.3807386399847035,12.0
6.3807386399847035,14.0
6.3807386399847035,13.0
6.3807386399847035,52.0
6.3807386399847035,52.0
6.3807386399847035,26.0
6.3807386399847035,21.0
6.3807386399847035,26.0
6.3807386399847035,30.0
6.3807386399847035,52.0
6.3807386399847035,26.0
6.3807386399847035,52.0
6.3807386399847035,52.0
6.3807386399847035,50.0
6.3807386399847035,30.0
6.3807386399847035,104.0
6.3807386399847035,366.0
6.3807386399847035,13.0
6.3807386399847035,50.0
6.3807386399847035,40.0
6.3807386399847035,100.0
6.3807386399847035,26.0
6.3807386399847035,28.0
6.3807386399847035,78.0
6.3807386399847035,52.0
6.3807386399847035,55.0
6.3807386399847035,37.0
6.3807386399847035,15.0
6.3807386399847035,20.0
6.3807386399847035,28.0
6.3807386399847035,28.0
6.3807386399847035,52.0
6.3807386399847035,52.0
6.3807386399847035,1.0
6.3807386399847035,26.0
6.3807386399847035,50.0
6.3807386399847035,50.0
6.3807386399847035,50.0
6.3807386399847035,50.0
6.3807386399847035,50.0
6.3807386399847035,26.0
6.3807386399847035,30.0
6.3807386399847035,100.0
6.3807386399847035,52.0
6.3807386399847035,52.0
6.3807386399847035,20.0
6.3807386399847035,78.0
6.3807386399847035,83.0
6.3807386399847035,11.0
6.3807386399847035,36.0
6.3807386399847035,380.0
6.3807386399847035,40.0
6.3807386399847035,52.0
6.3807386399847035,12.0
6.3807386399847035,55.0
6.3807386399847035,26.0
6.3807386399847035,26.0
6.3807386399847035,217.0
6.3807386399847035,8.0
6.3807386399847035,98.0
6.3807386399847035,100.0
6.3807386399847035,52.0
7.39,12.0
6.23,12.0
6.8,12.0
6.31,12.0
7.71,11.0
6.3807386399847035,13.0
6.3807386399847035,13.0
6.3807386399847035,26.0
6.3807386399847035,48.0
6.3807386399847035,80.0
6.3807386399847035,81.0
6.3807386399847035,30.0
6.3807386399847035,26.0
6.3807386399847035,12.0
6.3807386399847035,26.0
6.3807386399847035,26.0
6.3807386399847035,52.0
6.3807386399847035,52.0
6.3807386399847035,52.0
6.3807386399847035,26.0
6.3807386399847035,26.0
6.3807386399847035,26.0
6.3807386399847035,26.0
6.3807386399847035,16.0
8.51,25.0
6.3807386399847035,10.0
6.3807386399847035,10.0
6.3807386399847035,1.0
6.3807386399847035,24.0
6.3807386399847035,100.0
6.3807386399847035,29.0
6.3807386399847035,6.0
6.3807386399847035,2.0
6.3807386399847035,1.0
6.3807386399847035,8.0
6.3807386399847035,26.0
6.3807386399847035,12.0
6.3807386399847035,196.0
6.3807386399847035,52.0
6.3807386399847035,40.0
6.3807386399847035,52.0
6.3807386399847035,52.0
6.3807386399847035,12.0
6.3807386399847035,52.0
6.3807386399847035,52.0
6.3807386399847035,32.0
6.3807386399847035,20.0
6.3807386399847035,46.0
6.3807386399847035,20.0
6.3807386399847035,57.0
6.3807386399847035,26.0
6.3807386399847035,52.0
6.3807386399847035,52.0
6.3807386399847035,5.0
6.3807386399847035,26.0
6.3807386399847035,26.0
6.3807386399847035,13.0
6.3807386399847035,12.0
6.3807386399847035,6.0
6.3807386399847035,12.0
6.3807386399847035,12.0
6.09,12.0
6.3807386399847035,52.0
5.93,1.0
7.61,12.0
6.3807386399847035,40.0
6.3807386399847035,52.0
6.3807386399847035,17.0
6.3807386399847035,16.0
6.3807386399847035,52.0
6.3807386399847035,1.0
6.3807386399847035,208.0
6.3807386399847035,13.0
6.3807386399847035,20.0
6.3807386399847035,26.0
6.3807386399847035,22.0
6.3807386399847035,26.0
6.3807386399847035,71.0
6.3807386399847035,12.0
6.3807386399847035,25.0
6.3807386399847035,100.0
6.3807386399847035,12.0
6.3807386399847035,52.0
6.3807386399847035,52.0
6.3807386399847035,26.0
6.3807386399847035,33.0
6.3807386399847035,12.0
6.3807386399847035,15.0
6.3807386399847035,1.0
6.3807386399847035,36.0
6.3807386399847035,6.0
6.3807386399847035,52.0
6.3807386399847035,180.0
6.3807386399847035,10.0
6.3807386399847035,20.0
6.3807386399847035,26.0
6.3807386399847035,13.0
6.3807386399847035,1.0
6.3807386399847035,52.0
6.3807386399847035,15.0
6.3807386399847035,26.0
7.21,1.0
6.3807386399847035,160.0
6.3807386399847035,80.0
6.3807386399847035,80.0
6.3807386399847035,80.0
6.3807386399847035,80.0
6.3807386399847035,12.0
6.3807386399847035,60.0
6.3807386399847035,104.0
6.3807386399847035,52.0
6.3807386399847035,52.0
6.3807386399847035,26.0
6.3807386399847035,60.0
6.3807386399847035,52.0
6.3807386399847035,26.0
6.3807386399847035,40.0
6.3807386399847035,100.0
6.3807386399847035,13.0
6.3807386399847035,11.0
6.3807386399847035,11.0
6.3807386399847035,11.0
6.3807386399847035,26.0
6.3807386399847035,10.0
6.3807386399847035,10.0
6.3807386399847035,24.0
6.3807386399847035,26.0
6.3807386399847035,50.0
6.3807386399847035,25.0
6.3807386399847035,25.0
6.3807386399847035,26.0
6.3807386399847035,52.0
6.3807386399847035,8.0
6.3807386399847035,100.0
6.3807386399847035,26.0
7.56,1.0
6.3807386399847035,10.0
6.3807386399847035,14.0
6.3807386399847035,50.0
6.3807386399847035,9.0
6.3807386399847035,12.0
6.3807386399847035,20.0
6.3807386399847035,52.0
6.3807386399847035,25.0
6.3807386399847035,68.0
6.3807386399847035,41.0
6.3807386399847035,26.0
6.3807386399847035,12.0
6.3807386399847035,15.0
6.3807386399847035,1.0
6.3807386399847035,78.0
6.3807386399847035,26.0
6.3807386399847035,18.0
6.3807386399847035,12.0
6.3807386399847035,52.0
6.3807386399847035,52.0
6.3807386399847035,52.0
6.3807386399847035,20.0
6.3807386399847035,20.0
6.3807386399847035,20.0
6.3807386399847035,20.0
6.3807386399847035,20.0
6.3807386399847035,20.0
6.31,12.0
6.3807386399847035,13.0
6.3807386399847035,2.0
6.3807386399847035,33.0
6.69,4.0
7.7,1.0
5.97,7.0
7.4,130.0
6.95,1.0
7.42,1.0
7.31,1.0
6.3807386399847035,6.0
6.3807386399847035,10.0
6.3807386399847035,52.0
6.3807386399847035,24.0
6.3807386399847035,20.0
6.3807386399847035,10.0
6.3807386399847035,21.0
6.3807386399847035,52.0
6.3807386399847035,52.0
6.3807386399847035,13.0
6.3807386399847035,13.0
6.3807386399847035,13.0
6.3807386399847035,52.0
6.3807386399847035,3.0
6.3807386399847035,10.0
6.3807386399847035,15.0
6.3807386399847035,17.0
6.3807386399847035,26.0
6.3807386399847035,32.0
6.3807386399847035,33.0
6.3807386399847035,52.0
6.3807386399847035,52.0
6.3807386399847035,20.0
6.3807386399847035,52.0
6.3807386399847035,26.0
6.3807386399847035,15.0
6.3807386399847035,52.0
6.3807386399847035,12.0
6.3807386399847035,12.0
6.3807386399847035,10.0
6.3807386399847035,52.0
6.3807386399847035,72.0
6.3807386399847035,24.0
6.3807386399847035,24.0
6.3807386399847035,144.0
6.3807386399847035,120.0
6.3807386399847035,40.0
6.3807386399847035,52.0
6.3807386399847035,52.0
6.3807386399847035,400.0
6.3807386399847035,50.0
6.3807386399847035,52.0
6.3807386399847035,30.0
6.3807386399847035,18.0
6.3807386399847035,26.0
6.3807386399847035,52.0
6.3807386399847035,104.0
6.3807386399847035,26.0
6.3807386399847035,78.0
6.3807386399847035,52.0
6.3807386399847035,26.0
6.3807386399847035,26.0
6.3807386399847035,26.0
6.3807386399847035,104.0
6.3807386399847035,15.0
6.3807386399847035,7.0
6.3807386399847035,14.0
6.3807386399847035,5.0
6.3807386399847035,52.0
6.3807386399847035,26.0
6.3807386399847035,26.0
6.3807386399847035,52.0
6.3807386399847035,36.0
6.3807386399847035,4.0
6.3807386399847035,24.0
6.3807386399847035,50.0
6.3807386399847035,250.0
6.3807386399847035,52.0
6.3807386399847035,52.0
6.3807386399847035,26.0
6.3807386399847035,26.0
6.3807386399847035,26.0
6.3807386399847035,13.0
6.3807386399847035,13.0
6.3807386399847035,52.0
6.3807386399847035,47.0
6.3807386399847035,13.0
6.3807386399847035,52.0
6.3807386399847035,52.0
6.3807386399847035,18.0
6.3807386399847035,13.0
6.3807386399847035,78.0
6.3807386399847035,50.0
6.3807386399847035,26.0
6.3807386399847035,26.0
6.3807386399847035,20.0
5.76,15.0
6.3807386399847035,26.0
6.3807386399847035,52.0
6.3807386399847035,1.0
6.38,1.0
6.3807386399847035,2.0
6.3807386399847035,50.0
6.3807386399847035,52.0
6.3807386399847035,26.0
6.3807386399847035,12.0
6.3807386399847035,61.0
6.3807386399847035,4.0
6.3807386399847035,50.0
6.3807386399847035,13.0
6.3807386399847035,26.0
6.3807386399847035,100.0
6.3807386399847035,12.0
6.3807386399847035,52.0
6.3807386399847035,65.0
6.3807386399847035,26.0
6.3807386399847035,24.0
6.3807386399847035,67.0
6.3807386399847035,26.0
6.3807386399847035,52.0
6.3807386399847035,26.0
6.3807386399847035,52.0
6.3807386399847035,27.0
6.3807386399847035,52.0
6.3807386399847035,26.0
6.3807386399847035,20.0
6.3807386399847035,72.0
6.3807386399847035,10.0
6.3807386399847035,12.0
6.3807386399847035,100.0
6.3807386399847035,13.0
6.3807386399847035,50.0
6.3807386399847035,1.0
6.3807386399847035,20.0
6.3807386399847035,20.0
6.3807386399847035,20.0
6.3807386399847035,52.0
6.3807386399847035,20.0
6.3807386399847035,104.0
6.3807386399847035,52.0
6.3807386399847035,26.0
6.3807386399847035,10.0
6.3807386399847035,52.0
6.17,8.0
6.3807386399847035,28.0
6.3807386399847035,12.0
6.3807386399847035,40.0
6.3807386399847035,30.0
6.3807386399847035,52.0
6.3807386399847035,52.0
6.3807386399847035,52.0
6.3807386399847035,52.0
6.3807386399847035,12.0
6.3807386399847035,3.0
6.3807386399847035,52.0
6.3807386399847035,6.0
7.09,1.0
4.7,1.0
5.26,1.0
6.3807386399847035,13.0
6.3807386399847035,13.0
6.3807386399847035,26.0
6.3807386399847035,2.0
6.3807386399847035,13.0
6.3807386399847035,12.0
6.3807386399847035,52.0
6.3807386399847035,1.0
6.46,1.0
5.14,1.0
5.81,24.0
6.3807386399847035,52.0
6.3807386399847035,26.0
6.3807386399847035,26.0
6.3807386399847035,52.0
6.3807386399847035,52.0
6.3807386399847035,26.0
6.3807386399847035,26.0
6.3807386399847035,38.0
6.3807386399847035,14.0
6.3807386399847035,40.0
6.3807386399847035,30.0
6.3807386399847035,52.0
6.3807386399847035,52.0
6.3807386399847035,10.0
6.3807386399847035,24.0
6.3807386399847035,24.0
6.3807386399847035,28.0
6.3807386399847035,26.0
6.3807386399847035,52.0
6.3807386399847035,12.0
6.3807386399847035,52.0
6.3807386399847035,52.0
6.3807386399847035,52.0
6.3807386399847035,52.0
6.3807386399847035,52.0
6.3807386399847035,109.0
6.3807386399847035,20.0
6.3807386399847035,26.0
6.3807386399847035,26.0
6.3807386399847035,26.0
6.3807386399847035,26.0
6.3807386399847035,52.0
6.3807386399847035,52.0
6.3807386399847035,16.0
6.3807386399847035,15.0
6.3807386399847035,15.0
6.3807386399847035,15.0
6.3807386399847035,15.0
6.3807386399847035,15.0
6.3807386399847035,15.0
6.3807386399847035,16.0
6.3807386399847035,8.0
6.3807386399847035,15.0
6.3807386399847035,15.0
6.3807386399847035,26.0
6.3807386399847035,52.0
6.3807386399847035,52.0
6.3807386399847035,26.0
6.3807386399847035,52.0
6.3807386399847035,52.0
6.3807386399847035,52.0
6.3807386399847035,10.0
6.3807386399847035,75.0
6.3807386399847035,52.0
6.3807386399847035,60.0
6.3807386399847035,26.0
6.3807386399847035,6.0
6.3807386399847035,70.0
6.3807386399847035,70.0
6.3807386399847035,70.0
6.3807386399847035,20.0
6.3807386399847035,15.0
6.3807386399847035,40.0
6.3807386399847035,26.0
6.3807386399847035,26.0
6.3807386399847035,86.0
6.3807386399847035,20.0
6.3807386399847035,12.0
6.3807386399847035,12.0
6.3807386399847035,26.0
6.3807386399847035,13.0
6.3807386399847035,12.0
6.3807386399847035,12.0
6.3807386399847035,40.0
6.3807386399847035,48.0
6.3807386399847035,52.0
6.3807386399847035,390.0
6.3807386399847035,36.0
6.3807386399847035,25.0
6.3807386399847035,32.0
6.3807386399847035,52.0
6.3807386399847035,21.0
6.3807386399847035,52.0
6.3807386399847035,40.0
6.3807386399847035,10.0
6.3807386399847035,12.0
6.3807386399847035,100.0
6.3807386399847035,6.0
6.3807386399847035,18.0
6.3807386399847035,24.0
6.3807386399847035,10.0
6.3807386399847035,26.0
6.3807386399847035,26.0
6.3807386399847035,10.0
6.3807386399847035,12.0
6.3807386399847035,9.0
6.3807386399847035,20.0
6.3807386399847035,18.0
6.3807386399847035,8.0
6.3807386399847035,50.0
6.3807386399847035,78.0
6.3807386399847035,26.0
6.3807386399847035,78.0
6.3807386399847035,26.0
6.3807386399847035,26.0
6.3807386399847035,26.0
6.3807386399847035,3.0
8.8,11.0
7.36,12.0
6.3807386399847035,3.0
5.97,9.0
6.42,16.0
6.3807386399847035,12.0
6.3807386399847035,52.0
6.3807386399847035,97.0
6.3807386399847035,52.0
6.3807386399847035,30.0
6.3807386399847035,26.0
6.3807386399847035,32.0
6.3807386399847035,36.0
6.3807386399847035,16.0
6.3807386399847035,52.0
6.3807386399847035,26.0
6.3807386399847035,39.0
6.3807386399847035,52.0
6.3807386399847035,12.0
6.1,12.0
6.3807386399847035,52.0
6.3807386399847035,52.0
6.3807386399847035,34.0
6.3807386399847035,34.0
6.3807386399847035,34.0
6.3807386399847035,34.0
6.3807386399847035,26.0
6.3807386399847035,26.0
6.3807386399847035,26.0
6.3807386399847035,26.0
6.3807386399847035,26.0
6.3807386399847035,26.0
6.3807386399847035,26.0
6.3807386399847035,26.0
6.3807386399847035,26.0
6.3807386399847035,26.0
6.3807386399847035,52.0
6.3807386399847035,26.0
6.3807386399847035,26.0
6.3807386399847035,26.0
6.3807386399847035,26.0
6.3807386399847035,26.0
6.3807386399847035,4.0
6.3807386399847035,26.0
6.3807386399847035,45.0
6.3807386399847035,26.0
6.3807386399847035,26.0
6.3807386399847035,26.0
6.3807386399847035,52.0
6.3807386399847035,52.0
6.3807386399847035,13.0
6.3807386399847035,26.0
6.3807386399847035,26.0
6.3807386399847035,26.0
6.3807386399847035,18.0
6.3807386399847035,52.0
6.3807386399847035,52.0
6.3807386399847035,26.0
6.3807386399847035,26.0
6.3807386399847035,35.0
6.3807386399847035,52.0
6.3807386399847035,13.0
6.3807386399847035,12.0
6.3807386399847035,52.0
6.3807386399847035,13.0
6.3807386399847035,26.0
6.3807386399847035,26.0
6.3807386399847035,14.0
6.3807386399847035,11.0
6.3807386399847035,26.0
6.3807386399847035,20.0
6.3807386399847035,20.0
6.3807386399847035,26.0
6.3807386399847035,26.0
6.3807386399847035,26.0
6.3807386399847035,52.0
6.3807386399847035,30.0
6.3807386399847035,30.0
6.3807386399847035,52.0
6.3807386399847035,4.0
6.3807386399847035,6.0
6.3807386399847035,65.0
6.3807386399847035,52.0
6.3807386399847035,52.0
6.3807386399847035,20.0
6.3807386399847035,20.0
6.3807386399847035,20.0
6.3807386399847035,20.0
6.3807386399847035,20.0
6.3807386399847035,200.0
6.3807386399847035,52.0
6.3807386399847035,26.0
8.0,2.0
6.3807386399847035,26.0
6.3807386399847035,26.0
6.3807386399847035,26.0
6.3807386399847035,26.0
6.3807386399847035,26.0
6.3807386399847035,26.0
6.3807386399847035,26.0
6.3807386399847035,1.0
6.3807386399847035,1.0
8.85,12.0
6.3807386399847035,26.0
6.3807386399847035,26.0
6.3807386399847035,100.0
6.3807386399847035,26.0
6.3807386399847035,104.0
6.3807386399847035,53.0
6.3807386399847035,30.0
6.3807386399847035,40.0
6.3807386399847035,16.0
6.3807386399847035,44.0
6.3807386399847035,26.0
6.3807386399847035,52.0
6.3807386399847035,26.0
6.3807386399847035,200.0
6.3807386399847035,26.0
6.3807386399847035,13.0
6.3807386399847035,10.0
6.3807386399847035,24.0
6.3807386399847035,50.0
6.3807386399847035,10.0
6.3807386399847035,68.0
6.3807386399847035,26.0
6.3807386399847035,26.0
6.3807386399847035,26.0
6.3807386399847035,26.0
6.3807386399847035,26.0
6.3807386399847035,365.0
6.3807386399847035,108.0
6.3807386399847035,78.0
6.3807386399847035,26.0
6.3807386399847035,26.0
6.3807386399847035,1.0
6.3807386399847035,8.0
6.3807386399847035,30.0
6.3807386399847035,52.0
6.3807386399847035,104.0
6.3807386399847035,70.0
6.3807386399847035,60.0
6.3807386399847035,12.0
6.3807386399847035,38.0
6.3807386399847035,52.0
6.3807386399847035,104.0
6.3807386399847035,26.0
6.3807386399847035,200.0
6.45,1.0
6.3807386399847035,25.0
6.3807386399847035,16.0
6.3807386399847035,60.0
6.3807386399847035,13.0
6.3807386399847035,13.0
6.3807386399847035,100.0
6.3807386399847035,20.0
6.3807386399847035,5.0
6.3807386399847035,1.0
6.3807386399847035,19.0
6.3807386399847035,68.0
6.3807386399847035,53.0
6.3807386399847035,52.0
6.3807386399847035,12.0
6.3807386399847035,8.0
6.3807386399847035,26.0
6.3807386399847035,52.0
6.3807386399847035,30.0
6.3807386399847035,1.0
6.3807386399847035,13.0
6.3807386399847035,1.0
6.3807386399847035,52.0
6.3807386399847035,16.0
6.3807386399847035,12.0
6.3807386399847035,12.0
6.3807386399847035,12.0
6.3807386399847035,300.0
6.3807386399847035,1.0
6.3807386399847035,65.0
6.3807386399847035,10.0
6.3807386399847035,52.0
6.3807386399847035,26.0
6.3807386399847035,20.0
6.3807386399847035,40.0
6.3807386399847035,16.0
6.3807386399847035,26.0
6.3807386399847035,26.0
6.3807386399847035,24.0
6.3807386399847035,52.0
6.3807386399847035,26.0
6.3807386399847035,11.0
6.3807386399847035,52.0
6.3807386399847035,52.0
6.3807386399847035,1.0
6.3807386399847035,26.0
6.3807386399847035,52.0
6.3807386399847035,1.0
6.3807386399847035,18.0
6.3807386399847035,26.0
6.3807386399847035,26.0
6.3807386399847035,52.0
6.3807386399847035,16.0
6.3807386399847035,104.0
6.3807386399847035,10.0
6.3807386399847035,13.0
6.3807386399847035,52.0
6.3807386399847035,52.0
6.3807386399847035,26.0
6.3807386399847035,32.0
6.3807386399847035,11.0
6.3807386399847035,16.0
6.3807386399847035,18.0
6.3807386399847035,12.0
6.3807386399847035,64.0
6.3807386399847035,13.0
6.3807386399847035,26.0
6.3807386399847035,26.0
6.3807386399847035,26.0
6.3807386399847035,26.0
6.3807386399847035,40.0
6.3807386399847035,12.0
6.3807386399847035,20.0
6.3807386399847035,26.0
6.3807386399847035,24.0
6.3807386399847035,1.0
6.3807386399847035,13.0
6.3807386399847035,26.0
6.3807386399847035,30.0
6.3807386399847035,26.0
6.3807386399847035,144.0
6.3807386399847035,30.0
6.3807386399847035,26.0
6.3807386399847035,26.0
6.3807386399847035,60.0
6.3807386399847035,16.0
6.3807386399847035,11.0
6.3807386399847035,32.0
6.3807386399847035,20.0
6.3807386399847035,6.0
6.3807386399847035,26.0
6.3807386399847035,30.0
6.3807386399847035,26.0
6.3807386399847035,60.0
6.3807386399847035,52.0
6.3807386399847035,26.0
6.3807386399847035,50.0
6.3807386399847035,26.0
6.3807386399847035,20.0
6.3807386399847035,16.0
6.3807386399847035,16.0
6.3807386399847035,103.0
6.3807386399847035,7.0
6.3807386399847035,13.0
6.3807386399847035,108.0
6.3807386399847035,30.0
6.3807386399847035,24.0
6.3807386399847035,26.0
6.3807386399847035,70.0
6.3807386399847035,26.0
6.3807386399847035,13.0
6.3807386399847035,52.0
6.3807386399847035,80.0
6.42,40.0
6.3807386399847035,52.0
6.3807386399847035,26.0
6.3807386399847035,26.0
6.3807386399847035,20.0
6.3807386399847035,26.0
6.3807386399847035,2.0
6.3807386399847035,10.0
6.3807386399847035,12.0
6.3807386399847035,26.0
6.3807386399847035,52.0
6.3807386399847035,52.0
6.3807386399847035,20.0
6.3807386399847035,156.0
6.3807386399847035,3.0
6.3807386399847035,52.0
6.3807386399847035,1.0
6.3807386399847035,1.0
6.3807386399847035,1.0
7.03,1.0
6.3807386399847035,1.0
6.3807386399847035,1.0
6.3807386399847035,1.0
6.3807386399847035,1.0
6.3807386399847035,26.0
6.3807386399847035,39.0
6.3807386399847035,26.0
6.3807386399847035,13.0
6.3807386399847035,16.0
6.3807386399847035,52.0
6.3807386399847035,26.0
6.3807386399847035,26.0
6.3807386399847035,4.0
6.3807386399847035,13.0
6.3807386399847035,1.0
6.3807386399847035,52.0
6.3807386399847035,26.0
6.3807386399847035,52.0
6.3807386399847035,28.0
6.3807386399847035,26.0
6.3807386399847035,26.0
6.3807386399847035,26.0
6.3807386399847035,26.0
6.3807386399847035,13.0
6.3807386399847035,26.0
6.3807386399847035,1.0
6.3807386399847035,12.0
6.3807386399847035,26.0
6.3807386399847035,26.0
6.3807386399847035,26.0
7.87,1.0
6.3807386399847035,26.0
6.3807386399847035,26.0
6.3807386399847035,104.0
6.3,1.0
6.3807386399847035,1.0
6.3807386399847035,1.0
6.3807386399847035,42.0
6.3807386399847035,52.0
6.3807386399847035,3.0
6.3807386399847035,26.0
6.3807386399847035,13.0
6.3807386399847035,39.0
6.3807386399847035,26.0
6.3807386399847035,52.0
6.3807386399847035,26.0
6.3807386399847035,26.0
6.3807386399847035,104.0
6.3807386399847035,19.0
6.3807386399847035,52.0
6.3807386399847035,52.0
6.3807386399847035,14.0
6.3807386399847035,21.0
6.3807386399847035,1.0
6.3807386399847035,26.0
6.3807386399847035,52.0
6.3807386399847035,26.0
6.3807386399847035,26.0
6.3807386399847035,1.0
6.3807386399847035,16.0
6.3807386399847035,8.0
6.3807386399847035,1.0
6.3807386399847035,52.0
6.3807386399847035,52.0
6.3807386399847035,52.0
6.3807386399847035,1.0
6.3807386399847035,26.0
6.3807386399847035,78.0
6.3807386399847035,13.0
6.3807386399847035,39.0
6.3807386399847035,26.0
6.3807386399847035,302.0
6.42,26.0
6.3807386399847035,1.0
6.94,12.0
6.3807386399847035,1.0
6.3807386399847035,1.0
6.3807386399847035,1.0
6.3807386399847035,26.0
6.3807386399847035,10.0
6.96,12.0
6.3807386399847035,26.0
6.3807386399847035,26.0
6.3807386399847035,52.0
6.3807386399847035,52.0
6.3807386399847035,13.0
6.3807386399847035,52.0
6.3807386399847035,26.0
6.3807386399847035,52.0
6.3807386399847035,52.0
6.3807386399847035,4.0
6.3807386399847035,26.0
6.3807386399847035,1.0
6.3807386399847035,1.0
6.3807386399847035,1.0
6.3807386399847035,1.0
6.3807386399847035,24.0
6.3807386399847035,12.0
6.3807386399847035,26.0
6.3807386399847035,13.0
6.3807386399847035,1.0
6.3807386399847035,40.0
6.3807386399847035,1.0
6.3807386399847035,1.0
6.3807386399847035,1.0
6.3807386399847035,1.0
6.3807386399847035,1.0
6.3807386399847035,26.0
6.3807386399847035,39.0
6.3807386399847035,78.0
6.3807386399847035,13.0
6.3807386399847035,13.0
6.3807386399847035,52.0
6.3807386399847035,24.0
6.3807386399847035,1.0
6.3807386399847035,26.0
6.3807386399847035,52.0
6.3807386399847035,26.0
6.3807386399847035,52.0
6.3807386399847035,26.0
6.3807386399847035,28.0
6.93,1.0
6.3807386399847035,52.0
6.3807386399847035,3.0
6.3807386399847035,12.0
6.3807386399847035,1.0
6.3807386399847035,52.0
5.56,1.0
5.68,1.0
8.33,20.0
6.3807386399847035,96.0
6.3807386399847035,26.0
6.3807386399847035,1.0
6.3807386399847035,52.0
6.3807386399847035,1.0
6.3807386399847035,15.0
6.3807386399847035,26.0
6.3807386399847035,26.0
6.3807386399847035,26.0
6.3807386399847035,52.0
6.3807386399847035,6.0
6.3807386399847035,13.0
6.3807386399847035,52.0
6.3807386399847035,26.0
6.3807386399847035,182.0
6.3807386399847035,26.0
6.3807386399847035,1.0
6.3807386399847035,26.0
6.3807386399847035,40.0
6.3807386399847035,26.0
6.3807386399847035,78.0
6.3807386399847035,104.0
6.3807386399847035,52.0
6.3807386399847035,44.0
6.3807386399847035,1.0
6.3807386399847035,17.0
6.3807386399847035,26.0
6.3807386399847035,26.0
6.3807386399847035,26.0
6.3807386399847035,1.0
6.73,12.0
6.21,98.0
6.75,16.0
6.59,12.0
7.71,1.0
6.51,1.0
6.42,1.0
6.3807386399847035,1.0
6.3807386399847035,51.0
5.24,1.0
7.53,1.0
7.21,12.0
5.82,3.0
6.3807386399847035,1.0
7.95,1.0
6.67,12.0
7.16,12.0
6.28,12.0
6.3807386399847035,1.0
6.3807386399847035,1.0
6.8,4.0
6.3807386399847035,1.0
5.32,3.0
6.0,2.0
7.58,3.0
6.59,1.0
5.66,12.0
6.91,2.0
6.52,4.0
6.3807386399847035,4.0
7.2,13.0
6.19,52.0
6.74,1.0
6.31,13.0
5.3,2.0
7.64,2.0
5.81,13.0
7.31,12.0
6.54,208.0
6.6,12.0
7.42,12.0
6.3807386399847035,13.0
6.73,15.0
7.63,12.0
5.68,26.0
6.3807386399847035,8.0
7.09,24.0
5.95,1.0
6.3807386399847035,13.0
5.79,1.0
5.81,1.0
6.3807386399847035,52.0
6.3807386399847035,1.0
6.3807386399847035,1.0
6.3807386399847035,1.0
6.3807386399847035,1.0
6.3807386399847035,1.0
6.3807386399847035,1.0
6.5,1.0
7.17,13.0
6.3807386399847035,1.0
6.3807386399847035,40.0
6.3807386399847035,1.0
6.3807386399847035,1.0
7.47,12.0
6.06,60.0
7.89,1.0
8.25,11.0
6.3807386399847035,1.0
7.7,12.0
7.39,1.0
5.57,26.0
7.15,12.0
6.3807386399847035,1.0
6.3807386399847035,1.0
6.3807386399847035,1.0
8.48,1.0
6.3807386399847035,1.0
6.3807386399847035,1.0
6.3807386399847035,1.0
6.7,12.0
5.5,2.0
8.71,12.0
5.93,3.0
6.64,1.0
5.38,1.0
5.24,1.0
6.62,1.0
7.91,12.0
6.5,1.0
8.77,12.0
8.27,1.0
5.75,1.0
6.3807386399847035,1.0
7.35,13.0
6.3807386399847035,13.0
6.12,1.0
6.09,3.0
6.07,3.0
5.7,24.0
7.37,1.0
5.12,1.0
5.87,18.0
5.39,24.0
5.29,1.0
7.12,2.0
7.19,2.0
6.75,3.0
6.3807386399847035,20.0
6.3807386399847035,1.0
7.19,12.0
7.44,12.0
6.31,12.0
6.3807386399847035,7.0
6.3807386399847035,1.0
7.33,12.0
5.72,2.0
8.36,1.0
6.26,4.0
8.19,12.0
6.01,59.0
6.3807386399847035,1.0
6.94,24.0
6.48,1.0
4.66,13.0
6.92,50.0
6.6,12.0
7.39,2.0
6.56,4.0
7.87,11.0
6.3807386399847035,1.0
7.54,5.0
6.3807386399847035,1.0
6.3807386399847035,1.0
6.8,1.0
7.44,3.0
7.17,24.0
8.24,12.0
6.35,12.0
6.3807386399847035,10.0
6.3807386399847035,10.0
6.3807386399847035,20.0
7.05,20.0
6.3807386399847035,1.0
7.84,4.0
6.33,12.0
7.17,12.0
6.84,12.0
6.3807386399847035,26.0
6.3807386399847035,8.0
6.25,1.0
6.3807386399847035,12.0
5.79,1.0
6.23,1.0
7.11,12.0
6.38,12.0
6.62,12.0
7.57,12.0
7.74,1.0
6.3807386399847035,1.0
6.3807386399847035,12.0
6.3807386399847035,4.0
7.04,12.0
7.67,12.0
6.12,4.0
6.03,1.0
6.3807386399847035,1.0
6.79,1.0
6.3807386399847035,1.0
6.41,1.0
6.39,1.0
7.68,1.0
6.3807386399847035,1.0
6.38,12.0
6.34,4.0
6.3807386399847035,12.0
6.68,10.0
6.3807386399847035,1.0
7.77,12.0
6.3807386399847035,1.0
6.3807386399847035,14.0
6.3807386399847035,4.0
6.3807386399847035,1.0
7.33,12.0
5.32,12.0
6.55,16.0
6.67,3.0
6.67,13.0
6.0,1.0
6.3807386399847035,19.0
6.7,20.0
6.3807386399847035,16.0
6.35,1.0
6.3807386399847035,31.0
6.3807386399847035,12.0
6.16,13.0
7.57,1.0
6.6,1.0
5.76,1.0
6.3807386399847035,1.0
6.3807386399847035,1.0
5.48,1.0
7.09,1.0
6.3807386399847035,1.0
5.49,15.0
6.3807386399847035,1.0
8.09,13.0
6.3807386399847035,1.0
6.66,13.0
6.3807386399847035,1.0
6.3807386399847035,26.0
7.56,1.0
6.3807386399847035,245.0
6.3807386399847035,1.0
6.3807386399847035,1.0
6.3807386399847035,1.0
6.3807386399847035,1.0
6.3807386399847035,1.0
6.27,1.0
7.7,13.0
6.3807386399847035,1.0
6.3807386399847035,1.0
6.3807386399847035,1.0
5.57,1.0
7.92,12.0
6.3807386399847035,1.0
6.3807386399847035,1.0
7.29,12.0
6.41,62.0
6.89,1.0
6.3807386399847035,4.0
6.3807386399847035,1.0
6.73,1.0
7.36,1.0
5.2,1.0
6.93,240.0
5.68,1.0
5.03,1.0
7.09,16.0
6.3807386399847035,1.0
7.16,15.0
5.29,1.0
6.3807386399847035,1.0
6.3807386399847035,1.0
5.44,1.0
6.3807386399847035,1.0
5.44,1.0
6.3807386399847035,1.0
6.3807386399847035,1.0
6.2,1.0
6.3807386399847035,1.0
6.49,12.0
6.02,1.0
6.3807386399847035,1.0
6.82,1.0
6.3807386399847035,17.0
7.16,12.0
5.85,1.0
5.64,1.0
6.3807386399847035,1.0
6.3807386399847035,12.0
6.17,1.0
6.3807386399847035,3.0
6.91,2.0
7.45,2.0
6.39,1.0
6.3807386399847035,1.0
6.3807386399847035,1.0
6.3807386399847035,6.0
7.17,24.0
6.63,1.0
8.23,24.0
8.15,1.0
5.63,1.0
6.3807386399847035,4.0
6.75,10.0
6.69,1.0
6.3807386399847035,400.0
7.27,6.0
6.3807386399847035,52.0
6.3807386399847035,26.0
6.3807386399847035,26.0
6.3807386399847035,1.0
6.3807386399847035,60.0
6.3807386399847035,60.0
5.89,1.0
6.3807386399847035,1.0
5.18,1.0
5.64,1.0
6.49,20.0
6.3807386399847035,1.0
6.69,1.0
6.63,1.0
6.77,12.0
5.86,13.0
6.41,3.0
8.2,12.0
6.3807386399847035,26.0
6.0,1.0
6.3807386399847035,72.0
6.31,1.0
6.3807386399847035,1.0
6.3807386399847035,52.0
5.84,1.0
7.67,26.0
6.32,1.0
6.3807386399847035,26.0
6.24,1.0
6.3807386399847035,1.0
6.3807386399847035,1.0
7.11,16.0
6.8,1.0
6.3807386399847035,1.0
6.3807386399847035,1.0
6.3807386399847035,1.0
6.38,1.0
6.0,1.0
6.17,1.0
6.54,1.0
7.14,12.0
7.09,12.0
6.42,8.0
5.82,8.0
5.34,1.0
5.96,45.0
6.05,16.0
5.65,1.0
6.3807386399847035,13.0
6.26,1.0
6.3807386399847035,1.0
6.3807386399847035,1.0
6.3807386399847035,1.0
6.56,1.0
6.3807386399847035,1.0
6.3807386399847035,2.0
7.7,1.0
7.14,4.0
6.3807386399847035,52.0
6.3807386399847035,13.0
5.99,12.0
6.14,6.0
5.42,12.0
6.01,18.0
7.85,13.0
6.3807386399847035,12.0
6.65,4.0
5.85,8.0
6.17,1.0
6.87,1.0
7.44,1.0
7.3,1.0
6.3807386399847035,1.0
6.3807386399847035,1.0
6.3807386399847035,1.0
6.3807386399847035,1.0
6.3807386399847035,1.0
6.3807386399847035,1.0
6.3807386399847035,1.0
6.3807386399847035,1.0
6.3807386399847035,1.0
6.3807386399847035,1.0
6.3807386399847035,1.0
6.82,12.0
6.36,13.0
7.15,10.0
6.3807386399847035,21.0
6.3807386399847035,4.0
7.43,1.0
5.94,1.0
7.06,51.0
6.74,1.0
5.98,3.0
6.74,4.0
5.58,12.0
6.76,6.0
6.34,1.0
6.3807386399847035,1.0
5.48,12.0
8.45,1.0
6.3807386399847035,3.0
5.95,1.0
6.9,4.0
7.13,1.0
8.06,1.0
5.81,1.0
6.3807386399847035,26.0
6.13,4.0
6.3807386399847035,1.0
6.83,1.0
7.01,3.0
6.3807386399847035,3.0
5.81,3.0
7.38,1.0
5.61,1.0
6.3807386399847035,1.0
5.93,4.0
6.3807386399847035,20.0
6.3807386399847035,20.0
7.11,9.0
7.52,1.0
6.3807386399847035,1.0
6.3807386399847035,1.0
6.3807386399847035,1.0
5.86,4.0
6.3807386399847035,1.0
5.92,26.0
6.3807386399847035,1.0
7.17,13.0
6.3807386399847035,31.0
6.43,12.0
6.73,12.0
7.18,12.0
8.81,24.0
6.3807386399847035,1.0
6.36,93.0
6.41,1.0
6.58,1.0
6.77,24.0
6.3807386399847035,1.0
6.48,1.0
7.38,1.0
5.77,29.0
6.3807386399847035,1.0
6.63,1.0
6.97,1.0
6.3807386399847035,1.0
6.3807386399847035,1.0
6.86,1.0
5.79,1.0
6.3807386399847035,12.0
6.11,10.0
6.3807386399847035,24.0
6.1,20.0
6.3807386399847035,1.0
6.17,1.0
7.32,12.0
6.3807386399847035,1.0
5.86,1.0
6.3807386399847035,24.0
6.91,260.0
6.3807386399847035,1.0
6.83,1.0
6.11,9.0
6.64,1.0
6.77,12.0
6.3807386399847035,1.0
6.3807386399847035,1.0
6.3807386399847035,1.0
6.3807386399847035,1.0
6.33,1.0
7.46,8.0
6.82,1.0
6.28,1.0
5.23,1.0
5.87,1.0
5.45,1.0
5.62,23.0
6.15,12.0
5.83,14.0
6.3807386399847035,1.0
5.76,5.0
6.3807386399847035,1.0
5.31,12.0
6.76,67.0
5.52,1.0
7.18,13.0
7.31,12.0
8.14,1.0
6.54,10.0
6.3807386399847035,1.0
7.17,1.0
6.3807386399847035,1.0
6.16,1.0
6.31,1.0
5.92,1.0
5.38,1.0
6.72,13.0
6.3807386399847035,12.0
6.18,1.0
6.13,12.0
6.3807386399847035,26.0
6.5,24.0
6.3807386399847035,18.0
6.3807386399847035,1.0
6.96,26.0
7.56,12.0
7.79,104.0
7.64,56.0
5.45,1.0
6.44,1.0
6.3807386399847035,4.0
7.82,12.0
8.19,6.0
5.98,5.0
8.35,24.0
7.26,12.0
5.87,1.0
6.3807386399847035,1.0
6.54,12.0
6.3807386399847035,1.0
6.33,12.0
6.3807386399847035,1.0
6.3807386399847035,15.0
6.3807386399847035,1.0
7.53,10.0
6.3807386399847035,12.0
6.3807386399847035,1.0
6.98,2.0
5.07,3.0
6.77,8.0
5.49,1.0
6.3807386399847035,1.0
5.87,1.0
6.16,1.0
7.51,1.0
6.3807386399847035,12.0
6.75,1.0
5.93,1.0
6.3807386399847035,1.0
6.3807386399847035,1.0
6.3807386399847035,1.0
6.3807386399847035,1.0
6.3807386399847035,1.0
5.79,1.0
6.21,1.0
5.77,1.0
7.19,2.0
6.12,13.0
7.27,12.0
6.3807386399847035,1.0
5.92,13.0
8.04,13.0
5.5,10.0
8.09,20.0
6.3807386399847035,13.0
6.3807386399847035,1.0
6.51,1.0
8.43,12.0
8.53,1.0
6.3807386399847035,11.0
7.42,8.0
7.74,2.0
5.78,1.0
6.3807386399847035,3.0
6.47,1.0
7.77,11.0
6.0,2.0
6.3807386399847035,1.0
6.56,18.0
6.81,1.0
5.41,1.0
7.03,1.0
7.15,26.0
5.33,2.0
7.11,2.0
6.33,1.0
6.3807386399847035,1.0
5.98,3.0
7.77,12.0
5.7,24.0
8.0,12.0
7.81,21.0
6.3807386399847035,2.0
6.3807386399847035,12.0
6.3807386399847035,8.0
6.3807386399847035,1.0
6.3807386399847035,1.0
6.3807386399847035,18.0
6.3807386399847035,2.0
6.83,13.0
6.69,12.0
6.49,1.0
7.33,1.0
7.92,12.0
6.81,1.0
5.91,12.0
7.46,1.0
7.38,1.0
7.67,1.0
6.36,24.0
6.3807386399847035,1.0
6.3807386399847035,1.0
6.43,1.0
6.3807386399847035,1.0
7.29,12.0
5.94,1.0
6.61,12.0
6.3807386399847035,1.0
6.64,12.0
6.3807386399847035,1.0
6.97,4.0
7.26,1.0
6.66,1.0
6.43,1.0
6.07,12.0
6.67,40.0
5.52,1.0
7.63,1.0
6.71,1.0
7.37,1.0
6.25,1.0
7.55,12.0
7.82,1.0
6.94,1.0
6.3807386399847035,1.0
6.3807386399847035,1.0
6.3807386399847035,1.0
6.3807386399847035,1.0
6.3807386399847035,1.0
6.3807386399847035,1.0
6.3807386399847035,18.0
6.3807386399847035,18.0
8.22,10.0
6.36,1.0
6.86,12.0
8.36,25.0
6.3807386399847035,30.0
5.52,1.0
8.39,7.0
7.44,13.0
6.3807386399847035,1.0
7.31,1.0
6.9,10.0
5.49,1.0
6.15,2.0
5.47,4.0
7.01,2.0
5.54,2.0
6.07,160.0
6.3807386399847035,1.0
6.3807386399847035,57.0
6.3807386399847035,10.0
6.3807386399847035,1.0
7.05,1.0
6.3807386399847035,26.0
6.3807386399847035,52.0
6.3807386399847035,26.0
6.3807386399847035,26.0
6.07,12.0
6.3807386399847035,26.0
6.3807386399847035,26.0
5.67,5.0
6.26,1.0
5.81,1.0
5.57,1.0
7.23,12.0
7.34,12.0
6.3807386399847035,7.0
6.3807386399847035,2.0
6.53,12.0
6.46,2.0
6.3807386399847035,50.0
6.3807386399847035,12.0
5.93,1.0
6.3807386399847035,1.0
6.3807386399847035,1.0
6.3807386399847035,1.0
6.3,1.0
6.3807386399847035,1.0
6.23,1.0
6.32,1.0
6.28,1.0
6.3807386399847035,1.0
6.8,12.0
6.89,6.0
6.3807386399847035,1.0
5.77,12.0
6.19,1.0
6.3807386399847035,15.0
6.3807386399847035,1.0
6.3807386399847035,1.0
6.19,1.0
7.77,1.0
6.48,1.0
6.36,1.0
6.52,1.0
7.33,1.0
6.46,1.0
7.1,1.0
6.3807386399847035,1.0
6.54,1.0
6.65,1.0
6.3807386399847035,1.0
5.57,1.0
6.52,1.0
6.3807386399847035,1.0
6.3807386399847035,1.0
6.3807386399847035,4.0
6.47,1.0
6.41,1.0
7.33,1.0
6.33,1.0
6.01,1.0
7.33,1.0
6.12,1.0
6.69,50.0
6.24,1.0
6.27,1.0
5.68,1.0
6.99,1.0
5.89,1.0
6.38,1.0
6.3807386399847035,1.0
5.95,1.0
6.18,1.0
6.21,1.0
5.74,1.0
6.59,1.0
6.3807386399847035,1.0
6.3807386399847035,1.0
6.3807386399847035,1.0
6.3807386399847035,1.0
6.38,1.0
5.79,1.0
6.3807386399847035,1.0
6.3807386399847035,1.0
6.05,1.0
6.26,1.0
7.32,1.0
6.27,1.0
7.06,1.0
6.66,13.0
6.3807386399847035,1.0
6.3807386399847035,1.0
6.3807386399847035,1.0
6.3807386399847035,1.0
6.63,18.0
5.83,1.0
5.47,2.0
6.25,1.0
5.94,1.0
6.07,1.0
6.3807386399847035,1.0
5.29,2.0
5.92,1.0
6.3807386399847035,1.0
6.3807386399847035,1.0
6.3807386399847035,1.0
6.3807386399847035,1.0
6.35,1.0
6.3807386399847035,1.0
6.3807386399847035,1.0
6.3807386399847035,13.0
6.3807386399847035,12.0
6.3807386399847035,1.0
6.3807386399847035,1.0
6.3807386399847035,1.0
6.3807386399847035,1.0
6.3807386399847035,1.0
6.32,2.0
6.3807386399847035,1.0
6.3807386399847035,1.0
8.75,26.0
6.3807386399847035,1.0
6.36,1.0
8.72,12.0
7.03,12.0
6.3807386399847035,6.0
6.3807386399847035,1.0
7.27,1.0
7.37,12.0
6.3807386399847035,1.0
6.53,2.0
6.3807386399847035,25.0
6.3807386399847035,126.0
7.52,12.0
5.26,12.0
6.0,1.0
7.72,12.0
6.35,12.0
7.13,8.0
6.72,1.0
7.42,51.0
5.63,8.0
6.52,1.0
6.3807386399847035,1.0
6.3807386399847035,1.0
6.26,95.0
6.73,1.0
6.0,12.0
7.54,12.0
6.3807386399847035,1.0
6.3807386399847035,1.0
6.3807386399847035,1.0
6.3807386399847035,1.0
6.3807386399847035,94.0
6.3807386399847035,1.0
6.3807386399847035,13.0
6.3807386399847035,30.0
6.3807386399847035,1.0
7.04,2.0
6.3807386399847035,1.0
6.25,1.0
7.11,12.0
5.89,1.0
6.3807386399847035,1.0
5.4,1.0
6.3807386399847035,1.0
6.3807386399847035,1.0
6.3807386399847035,1.0
7.52,13.0
5.84,1.0
6.3807386399847035,1.0
6.3807386399847035,1.0
5.35,15.0
8.62,12.0
5.75,8.0
6.3807386399847035,12.0
7.71,12.0
7.32,104.0
7.66,1.0
6.5,18.0
6.96,45.0
6.3807386399847035,1.0
6.49,12.0
5.74,12.0
7.43,12.0
6.87,1.0
6.3807386399847035,5.0
5.62,3.0
6.3807386399847035,1.0
6.3807386399847035,26.0
6.3807386399847035,13.0
6.3807386399847035,12.0
6.3807386399847035,41.0
6.3807386399847035,34.0
6.3807386399847035,34.0
6.3807386399847035,1.0
6.3807386399847035,15.0
5.83,1.0
7.81,12.0
6.3807386399847035,1.0
6.13,1.0
5.78,1.0
6.3807386399847035,2.0
6.3807386399847035,1.0
6.3807386399847035,1.0
6.3807386399847035,1.0
6.3807386399847035,1.0
7.37,1.0
8.15,1.0
6.3807386399847035,1.0
8.46,13.0
6.58,1.0
6.3807386399847035,1.0
7.16,13.0
7.23,6.0
6.3807386399847035,156.0
8.01,13.0
6.3807386399847035,103.0
5.93,12.0
6.31,1.0
6.48,1.0
7.91,1.0
6.3807386399847035,1.0
6.3807386399847035,1.0
6.34,60.0
5.23,13.0
8.18,12.0
6.2,1.0
7.2,12.0
6.3807386399847035,9.0
6.3807386399847035,1.0
6.07,38.0
6.3807386399847035,13.0
7.24,12.0
7.34,24.0
7.31,12.0
6.17,16.0
7.86,1.0
6.5,13.0
7.05,1.0
5.67,1.0
8.25,12.0
6.78,12.0
6.3807386399847035,1.0
7.59,12.0
6.22,1.0
7.23,16.0
6.01,40.0
6.3807386399847035,16.0
6.58,16.0
6.8,24.0
6.2,4.0
6.09,2.0
6.16,2.0
6.28,10.0
6.3807386399847035,12.0
6.22,16.0
6.46,13.0
7.06,12.0
6.38,15.0
6.61,16.0
6.3807386399847035,1.0
6.3807386399847035,12.0
7.34,12.0
7.08,1.0
6.3807386399847035,1.0
6.61,1.0
6.79,8.0
6.73,10.0
6.3807386399847035,2.0
5.65,1.0
6.6,2.0
6.3807386399847035,1.0
6.58,12.0
5.87,1.0
6.3807386399847035,1.0
6.3807386399847035,1.0
6.3807386399847035,1.0
6.3807386399847035,1.0
6.3807386399847035,50.0
6.3807386399847035,1.0
6.3807386399847035,1.0
6.51,40.0
5.59,2.0
6.26,1.0
6.3807386399847035,13.0
6.49,1.0
6.54,1.0
6.43,5.0
5.76,1.0
6.3807386399847035,1.0
6.48,60.0
6.3807386399847035,1.0
6.3807386399847035,1.0
8.26,13.0
6.3807386399847035,10.0
7.41,1.0
6.3807386399847035,1.0
6.3807386399847035,1.0
6.3807386399847035,5.0
7.33,12.0
6.62,16.0
5.84,48.0
6.94,16.0
7.26,1.0
7.38,25.0
6.3807386399847035,1.0
6.41,15.0
6.61,1.0
6.87,1.0
6.04,12.0
6.37,12.0
6.3807386399847035,12.0
6.63,16.0
6.3807386399847035,1.0
6.93,52.0
6.91,1.0
6.1,60.0
7.5,13.0
7.88,1.0
8.42,1.0
6.89,1.0
7.47,10.0
6.15,13.0
6.3807386399847035,22.0
8.31,13.0
6.3807386399847035,18.0
5.71,12.0
6.31,12.0
7.7,13.0
8.25,1.0
6.3807386399847035,2.0
6.34,1.0
6.97,16.0
8.07,12.0
6.27,20.0
7.85,2.0
5.91,20.0
6.5,12.0
6.3807386399847035,1.0
6.09,1.0
6.01,12.0
6.71,40.0
7.23,12.0
6.17,1.0
6.47,2.0
6.86,1.0
6.36,16.0
6.3807386399847035,1.0
7.5,11.0
7.49,16.0
6.3807386399847035,1.0
6.91,1.0
7.59,1.0
6.65,4.0
6.3807386399847035,1.0
6.52,12.0
6.3807386399847035,6.0
7.34,12.0
6.3807386399847035,1.0
6.39,8.0
6.3807386399847035,1.0
6.24,2.0
6.3807386399847035,1.0
5.76,1.0
6.3807386399847035,1.0
6.3807386399847035,10.0
8.2,13.0
7.43,23.0
6.3807386399847035,1.0
6.3807386399847035,1.0
6.91,1.0
6.74,1.0
7.83,12.0
5.76,1.0
6.3807386399847035,1.0
5.72,1.0
5.55,1.0
6.3807386399847035,1.0
6.3807386399847035,1.0
6.69,12.0
6.14,1.0
6.3807386399847035,1.0
6.86,1.0
6.88,1.0
7.0,1.0
5.94,1.0
6.04,11.0
6.3807386399847035,1.0
6.3807386399847035,60.0
7.97,13.0
6.3807386399847035,15.0
6.3807386399847035,13.0
6.3807386399847035,13.0
6.27,2.0
6.3807386399847035,1.0
6.49,1.0
5.77,1.0
6.3807386399847035,12.0
6.3807386399847035,52.0
6.3807386399847035,1.0
7.29,1.0
6.3807386399847035,5.0
6.3807386399847035,20.0
6.3807386399847035,1.0
6.3807386399847035,1.0
6.3807386399847035,1.0
7.48,12.0
6.49,12.0
6.3807386399847035,1.0
6.67,11.0
5.8,12.0
6.3807386399847035,1.0
6.38,1.0
6.3807386399847035,1.0
6.3807386399847035,5.0
6.49,1.0
6.3807386399847035,13.0
5.64,24.0
6.17,4.0
6.3807386399847035,1.0
6.3807386399847035,1.0
6.92,1.0
7.09,12.0
6.52,1.0
6.3807386399847035,36.0
6.84,12.0
6.3807386399847035,1.0
6.82,26.0
5.82,7.0
6.56,1.0
7.2,13.0
6.67,61.0
6.3807386399847035,1.0
6.63,13.0
6.52,60.0
6.3807386399847035,1.0
6.54,1.0
6.49,1.0
6.3807386399847035,1.0
6.0,1.0
6.3807386399847035,1.0
6.3807386399847035,1.0
6.86,12.0
6.21,1.0
6.3807386399847035,20.0
6.3807386399847035,22.0
6.52,12.0
6.14,5.0
5.99,1.0
6.24,1.0
6.3807386399847035,1.0
6.25,1.0
6.1,1.0
6.3807386399847035,1.0
7.02,1.0
6.3807386399847035,1.0
5.55,1.0
8.49,11.0
6.3807386399847035,6.0
6.06,7.0
6.3807386399847035,17.0
7.32,3.0
7.84,52.0
6.59,1.0
6.38,1.0
6.16,1.0
4.95,1.0
5.87,1.0
5.87,1.0
6.3807386399847035,1.0
6.3807386399847035,1.0
5.9,1.0
6.29,1.0
6.3807386399847035,1.0
6.3807386399847035,1.0
6.3807386399847035,1.0
6.3807386399847035,1.0
7.1,12.0
6.06,8.0
7.22,1.0
6.3807386399847035,1.0
6.3807386399847035,1.0
6.89,1.0
5.56,1.0
6.3807386399847035,1.0
6.9,1.0
6.3807386399847035,13.0
6.3807386399847035,1.0
6.46,1.0
6.35,2.0
6.1,1.0
6.3807386399847035,1.0
6.6,1.0
6.04,12.0
6.3807386399847035,1.0
8.13,13.0
6.05,6.0
6.08,12.0
6.3807386399847035,1.0
7.42,1.0
6.3807386399847035,1.0
6.3807386399847035,19.0
6.3807386399847035,1.0
5.93,12.0
6.19,120.0
6.3807386399847035,8.0
5.89,1.0
5.5,32.0
5.36,12.0
6.3807386399847035,1.0
7.4,3.0
6.3807386399847035,1.0
6.05,4.0
5.83,1.0
6.3807386399847035,1.0
6.3807386399847035,5.0
6.3807386399847035,13.0
6.3807386399847035,3.0
6.3807386399847035,51.0
6.3807386399847035,1.0
5.46,1.0
6.3807386399847035,15.0
6.3807386399847035,15.0
6.3807386399847035,15.0
6.32,1.0
6.17,1.0
6.07,9.0
6.03,1.0
6.3807386399847035,12.0
6.01,1.0
6.3807386399847035,6.0
6.3807386399847035,3.0
6.71,12.0
5.89,1.0
7.02,1.0
6.37,7.0
6.3807386399847035,9.0
6.2,1.0
5.42,1.0
6.3807386399847035,1.0
7.22,12.0
6.3807386399847035,13.0
6.3807386399847035,75.0
6.3807386399847035,20.0
6.57,12.0
6.82,12.0
6.3807386399847035,39.0
6.75,2.0
7.68,2.0
6.02,12.0
6.3807386399847035,1.0
7.06,1.0
7.26,1.0
6.13,1.0
6.62,1.0
6.3807386399847035,49.0
6.3807386399847035,1.0
6.3807386399847035,1.0
6.3807386399847035,1.0
6.15,1.0
6.17,1.0
6.13,1.0
5.91,18.0
6.3807386399847035,1.0
6.3807386399847035,10.0
6.3807386399847035,1.0
6.3807386399847035,1.0
6.3807386399847035,1.0
7.27,1.0
6.36,12.0
6.3807386399847035,1.0
6.3807386399847035,1.0
6.3807386399847035,1.0
6.3807386399847035,1.0
6.3807386399847035,12.0
6.3807386399847035,12.0
5.74,26.0
5.12,12.0
6.3807386399847035,1.0
6.3807386399847035,1.0
6.3807386399847035,1.0
6.3807386399847035,1.0
6.3807386399847035,30.0
6.3807386399847035,13.0
6.89,12.0
6.83,8.0
6.3807386399847035,53.0
6.52,24.0
6.74,2.0
5.72,1.0
5.7,2.0
5.36,1.0
6.3807386399847035,1.0
6.3807386399847035,1.0
5.34,4.0
6.06,1.0
7.5,1.0
6.46,2.0
6.3807386399847035,1.0
6.3807386399847035,1.0
6.3807386399847035,1.0
6.3807386399847035,1.0
6.92,1.0
6.3807386399847035,1.0
6.3807386399847035,1.0
5.77,1.0
6.3807386399847035,1.0
6.3807386399847035,1.0
6.3807386399847035,1.0
7.06,1.0
7.72,26.0
5.53,1.0
6.08,12.0
6.3807386399847035,1.0
6.3807386399847035,1.0
6.3807386399847035,1.0
6.3807386399847035,1.0
6.4,1.0
6.3807386399847035,1.0
6.46,6.0
6.3807386399847035,25.0
5.51,21.0
6.3807386399847035,1.0
6.3807386399847035,1.0
6.3807386399847035,1.0
6.3807386399847035,12.0
6.72,11.0
8.12,12.0
7.04,12.0
6.0,12.0
6.3807386399847035,8.0
6.17,1.0
6.3807386399847035,1.0
6.3807386399847035,1.0
6.69,1.0
6.41,1.0
6.3807386399847035,1.0
6.36,12.0
6.3807386399847035,24.0
6.28,16.0
6.3807386399847035,12.0
7.34,16.0
6.3807386399847035,1.0
6.72,12.0
6.3807386399847035,1.0
6.3807386399847035,14.0
6.44,1.0
6.3807386399847035,2.0
6.3807386399847035,1.0
6.3807386399847035,1.0
5.53,1.0
5.13,12.0
6.84,13.0
5.78,1.0
6.23,1.0
5.71,1.0
5.81,1.0
5.62,1.0
6.04,1.0
5.64,1.0
5.7,1.0
6.3807386399847035,1.0
6.08,1.0
5.71,6.0
7.29,1.0
6.3807386399847035,1.0
6.01,1.0
6.58,1.0
6.3807386399847035,1.0
6.3807386399847035,1.0
6.44,1.0
6.56,1.0
6.47,1.0
6.3807386399847035,1.0
6.3807386399847035,1.0
6.3807386399847035,1.0
6.3807386399847035,1.0
6.3807386399847035,1.0
6.31,10.0
6.3807386399847035,1.0
6.3807386399847035,1.0
7.58,12.0
7.16,11.0
5.48,1.0
4.89,1.0
6.3807386399847035,50.0
6.3807386399847035,1.0
7.11,1.0
6.3807386399847035,1.0
6.42,1.0
6.01,1.0
7.15,1.0
5.84,1.0
6.2,1.0
6.21,1.0
6.3807386399847035,1.0
6.3807386399847035,1.0
6.3807386399847035,1.0
7.07,1.0
6.3807386399847035,1.0
6.33,60.0
6.3807386399847035,60.0
6.07,1.0
7.35,1.0
5.39,12.0
6.3807386399847035,12.0
6.3807386399847035,1.0
6.3807386399847035,1.0
6.3807386399847035,1.0
6.3807386399847035,1.0
6.52,1.0
6.46,1.0
6.3807386399847035,1.0
6.3807386399847035,1.0
6.3807386399847035,1.0
6.3807386399847035,1.0
6.3807386399847035,1.0
6.09,1.0
5.81,1.0
5.96,1.0
5.95,1.0
6.68,16.0
6.3807386399847035,112.0
6.3807386399847035,1.0
5.99,1.0
6.43,1.0
7.09,1.0
6.12,1.0
6.3807386399847035,1.0
6.3807386399847035,118.0
7.74,1.0
5.64,1.0
9.05,2.0
7.59,12.0
6.3807386399847035,1.0
6.3807386399847035,1.0
5.73,16.0
5.93,25.0
5.38,1.0
6.42,1.0
6.4,12.0
6.3807386399847035,17.0
6.58,1.0
6.52,2.0
6.3807386399847035,100.0
6.52,1.0
6.3807386399847035,3.0
6.49,9.0
5.89,1.0
5.63,1.0
6.06,1.0
5.81,1.0
6.25,1.0
5.95,1.0
6.11,1.0
6.3807386399847035,1.0
6.3807386399847035,1.0
7.39,12.0
6.66,1.0
6.3807386399847035,1.0
5.69,2.0
6.3807386399847035,1.0
6.3807386399847035,1.0
6.3807386399847035,1.0
6.3807386399847035,1.0
6.3807386399847035,1.0
5.62,1.0
6.3807386399847035,1.0
6.3807386399847035,1.0
6.77,1.0
7.51,1.0
7.19,24.0
6.88,2.0
6.3807386399847035,1.0
6.31,1.0
6.3807386399847035,26.0
5.74,24.0
6.3807386399847035,1.0
6.47,12.0
6.3807386399847035,1.0
5.55,10.0
7.35,1.0
6.3807386399847035,1.0
6.3807386399847035,1.0
6.3807386399847035,1.0
6.7,13.0
6.3807386399847035,1.0
7.21,12.0
6.3807386399847035,26.0
6.3807386399847035,26.0
6.3807386399847035,1.0
6.3807386399847035,1.0
7.47,4.0
6.37,4.0
6.22,1.0
6.3807386399847035,1.0
7.71,12.0
7.88,24.0
6.01,12.0
5.73,12.0
5.69,26.0
6.3807386399847035,1.0
6.3807386399847035,1.0
6.3807386399847035,1.0
7.1,30.0
6.79,12.0
6.3807386399847035,1.0
6.3807386399847035,15.0
6.3807386399847035,1.0
7.04,12.0
6.27,12.0
7.77,1.0
6.36,12.0
6.3807386399847035,2.0
5.47,2.0
6.45,2.0
6.42,26.0
6.3807386399847035,26.0
6.27,52.0
5.56,2.0
5.72,22.0
6.2,1.0
6.3807386399847035,12.0
6.3807386399847035,1.0
6.3807386399847035,1.0
6.3807386399847035,1.0
6.3807386399847035,1.0
6.3807386399847035,26.0
6.3807386399847035,10.0
6.3807386399847035,26.0
6.3807386399847035,26.0
6.3807386399847035,6.0
6.3807386399847035,1.0
6.3807386399847035,13.0
6.3807386399847035,12.0
6.3807386399847035,12.0
7.87,4.0
5.51,1.0
6.3807386399847035,1.0
4.91,12.0
6.3807386399847035,1.0
6.62,24.0
4.85,13.0
6.3807386399847035,1.0
5.65,1.0
5.62,1.0
6.81,2.0
6.78,1.0
6.3807386399847035,1.0
6.3807386399847035,1.0
6.3807386399847035,1.0
6.56,12.0
6.3807386399847035,1.0
6.3807386399847035,1.0
6.3807386399847035,1.0
6.3807386399847035,1.0
6.3807386399847035,1.0
6.3807386399847035,1.0
6.3807386399847035,1.0
6.3807386399847035,1.0
8.24,12.0
6.3807386399847035,1.0
6.3807386399847035,1.0
6.3807386399847035,1.0
6.3807386399847035,1.0
6.3807386399847035,1.0
6.52,1.0
6.3807386399847035,1.0
5.78,1.0
5.69,1.0
7.56,12.0
5.96,1.0
6.45,12.0
6.58,1.0
6.3807386399847035,60.0
6.3807386399847035,1.0
6.3807386399847035,1.0
6.3807386399847035,1.0
6.3807386399847035,1.0
6.3807386399847035,1.0
6.3807386399847035,1.0
6.3807386399847035,1.0
6.01,1.0
6.3807386399847035,1.0
6.3807386399847035,52.0
6.58,11.0
6.3807386399847035,12.0
6.34,1.0
6.3807386399847035,1.0
6.3807386399847035,1.0
6.3807386399847035,1.0
6.3807386399847035,1.0
6.3807386399847035,1.0
6.3807386399847035,1.0
6.3807386399847035,1.0
6.3807386399847035,1.0
6.3807386399847035,1.0
6.36,40.0
7.08,16.0
6.3807386399847035,52.0
6.09,48.0
6.18,36.0
5.31,1.0
5.54,6.0
5.23,1.0
5.52,1.0
6.3807386399847035,1.0
5.66,8.0
5.75,2.0
6.3807386399847035,1.0
6.3807386399847035,1.0
6.3807386399847035,1.0
6.3807386399847035,1.0
6.3807386399847035,1.0
5.67,1.0
5.58,1.0
5.55,1.0
5.63,1.0
5.45,2.0
5.47,2.0
6.3807386399847035,1.0
6.49,1.0
6.3807386399847035,12.0
6.3807386399847035,1.0
6.3807386399847035,24.0
6.52,1.0
6.8,1.0
7.06,1.0
6.3807386399847035,1.0
6.17,60.0
6.3807386399847035,1.0
6.3807386399847035,13.0
6.3807386399847035,1.0
6.3807386399847035,1.0
5.81,12.0
6.3807386399847035,1.0
6.3807386399847035,12.0
6.3807386399847035,12.0
6.3807386399847035,104.0
6.3807386399847035,104.0
6.48,28.0
6.69,40.0
6.3807386399847035,1.0
5.61,8.0
6.3807386399847035,1.0
7.6,12.0
6.3807386399847035,4.0
6.3807386399847035,2.0
6.3807386399847035,30.0
6.3807386399847035,1.0
6.3807386399847035,1.0
6.3807386399847035,5.0
7.12,12.0
7.57,2.0
6.3807386399847035,1.0
6.3807386399847035,1.0
6.3807386399847035,1.0
6.3807386399847035,1.0
6.3807386399847035,26.0
6.3807386399847035,10.0
6.3807386399847035,20.0
6.3807386399847035,1.0
6.3807386399847035,1.0
6.3807386399847035,2.0
6.3807386399847035,1.0
5.14,1.0
6.3,1.0
6.21,1.0
6.03,22.0
6.3807386399847035,1.0
6.3807386399847035,27.0
6.46,72.0
6.3807386399847035,1.0
6.3807386399847035,1.0
6.3807386399847035,6.0
6.3807386399847035,1.0
6.3807386399847035,20.0
6.3807386399847035,10.0
6.3807386399847035,13.0
6.59,12.0
6.3807386399847035,1.0
6.3807386399847035,1.0
8.98,11.0
6.32,1.0
7.02,12.0
6.94,13.0
6.3807386399847035,50.0
6.3807386399847035,1.0
5.79,1.0
6.3807386399847035,1.0
6.3807386399847035,5.0
6.3807386399847035,5.0
6.3807386399847035,1.0
6.3807386399847035,1.0
6.3807386399847035,1.0
6.3807386399847035,1.0
6.3807386399847035,1.0
6.3807386399847035,20.0
6.3807386399847035,18.0
6.3807386399847035,6.0
6.18,1.0
6.3807386399847035,1.0
6.3807386399847035,1.0
6.3807386399847035,1.0
7.11,12.0
6.3807386399847035,12.0
6.3807386399847035,1.0
6.3807386399847035,1.0
7.04,12.0
7.85,12.0
6.3807386399847035,1.0
6.3807386399847035,1.0
6.38,26.0
6.3807386399847035,1.0
6.3807386399847035,3.0
6.3807386399847035,1.0
6.3807386399847035,1.0
6.3807386399847035,1.0
5.79,2.0
6.21,1.0
6.08,3.0
7.33,1.0
6.3807386399847035,2.0
7.1,1.0
6.3807386399847035,3.0
6.3807386399847035,3.0
6.3807386399847035,7.0
6.3807386399847035,3.0
6.3807386399847035,1.0
6.3807386399847035,1.0
6.3807386399847035,1.0
7.01,1.0
6.3807386399847035,4.0
6.3807386399847035,4.0
6.3807386399847035,4.0
6.3807386399847035,4.0
6.3807386399847035,4.0
6.3807386399847035,6.0
6.3807386399847035,4.0
6.3807386399847035,4.0
6.38,1.0
6.3807386399847035,1.0
6.3807386399847035,12.0
7.87,1.0
7.34,12.0
7.24,16.0
6.3807386399847035,16.0
6.3807386399847035,1.0
6.3807386399847035,1.0
6.3807386399847035,52.0
6.3807386399847035,1.0
6.3807386399847035,1.0
7.63,12.0
6.3807386399847035,1.0
6.3807386399847035,1.0
8.87,1.0
6.46,1.0
5.6,1.0
6.3807386399847035,1.0
6.3807386399847035,26.0
7.59,12.0
6.35,1.0
6.3807386399847035,13.0
6.3807386399847035,1.0
6.04,48.0
5.91,1.0
6.3807386399847035,1.0
6.3807386399847035,1.0
6.3807386399847035,1.0
6.3807386399847035,1.0
6.3807386399847035,1.0
7.84,12.0
6.3807386399847035,1.0
6.3807386399847035,1.0
6.3807386399847035,1.0
6.3807386399847035,1.0
6.3807386399847035,1.0
6.3807386399847035,1.0
6.3807386399847035,3.0
6.3807386399847035,1.0
6.3807386399847035,16.0
6.39,1.0
6.3807386399847035,1.0
6.3807386399847035,1.0
6.3807386399847035,1.0
6.3807386399847035,1.0
6.3807386399847035,1.0
6.3807386399847035,1.0
6.3807386399847035,1.0
6.3807386399847035,1.0
6.3807386399847035,1.0
6.3807386399847035,1.0
6.17,12.0
6.58,13.0
5.95,1.0
6.3807386399847035,1.0
6.58,2.0
5.6,1.0
5.64,12.0
7.52,12.0
6.3807386399847035,12.0
5.57,1.0
6.3807386399847035,1.0
6.3807386399847035,1.0
6.36,1.0
7.86,13.0
6.3807386399847035,1.0
7.46,12.0
6.3807386399847035,1.0
6.3807386399847035,1.0
6.3807386399847035,1.0
6.3807386399847035,1.0
6.3807386399847035,1.0
6.3807386399847035,1.0
6.3807386399847035,1.0
6.3807386399847035,1.0
6.3807386399847035,1.0
6.3807386399847035,1.0
6.3807386399847035,1.0
6.18,1.0
5.86,1.0
6.3807386399847035,12.0
6.3807386399847035,2.0
6.3807386399847035,1.0
6.3807386399847035,1.0
5.91,1.0
5.77,1.0
6.3807386399847035,1.0
6.3807386399847035,1.0
6.11,1.0
5.86,1.0
6.0,1.0
6.3807386399847035,1.0
5.67,3.0
6.66,1.0
6.71,1.0
6.3807386399847035,13.0
6.3807386399847035,20.0
6.3807386399847035,13.0
6.3807386399847035,13.0
6.3807386399847035,13.0
5.91,1.0
6.3807386399847035,1.0
6.3807386399847035,13.0
5.01,12.0
6.11,1.0
6.3807386399847035,2.0
6.3807386399847035,1.0
6.3807386399847035,1.0
6.3807386399847035,13.0
6.3807386399847035,1.0
6.3807386399847035,1.0
6.3807386399847035,1.0
6.3807386399847035,50.0
6.3807386399847035,1.0
6.3807386399847035,1.0
6.3807386399847035,1.0
6.3807386399847035,1.0
6.8,1.0
6.3807386399847035,2.0
6.3807386399847035,1.0
6.3807386399847035,1.0
6.3807386399847035,1.0
7.06,12.0
6.3807386399847035,1.0
6.3807386399847035,1.0
6.3807386399847035,1.0
6.25,1.0
6.3807386399847035,29.0
6.94,12.0
6.3807386399847035,7.0
6.3807386399847035,1.0
6.3807386399847035,63.0
6.3807386399847035,1.0
6.3807386399847035,1.0
6.3807386399847035,1.0
6.3807386399847035,12.0
5.67,3.0
6.3807386399847035,1.0
6.3807386399847035,1.0
6.3807386399847035,1.0
6.3807386399847035,1.0
6.3807386399847035,1.0
6.83,1.0
6.3807386399847035,1.0
6.3807386399847035,1.0
6.3807386399847035,1.0
6.3807386399847035,1.0
6.3807386399847035,1.0
6.3807386399847035,1.0
6.3807386399847035,1.0
6.3807386399847035,1.0
6.3807386399847035,1.0
6.3807386399847035,2.0
6.3807386399847035,26.0
6.3807386399847035,12.0
5.5,1.0
5.69,1.0
5.52,1.0
5.56,1.0
5.6,1.0
5.3,1.0
5.44,1.0
5.71,1.0
5.43,1.0
5.72,1.0
5.55,1.0
5.78,1.0
5.85,1.0
5.62,1.0
5.54,1.0
5.64,1.0
5.64,1.0
5.63,1.0
5.46,1.0
6.3807386399847035,1.0
6.3807386399847035,1.0
6.3807386399847035,1.0
6.3807386399847035,1.0
6.3807386399847035,1.0
6.3807386399847035,5.0
5.81,2.0
6.37,1.0
6.3807386399847035,1.0
6.3807386399847035,1.0
5.42,2.0
5.69,12.0
6.3807386399847035,1.0
6.3807386399847035,1.0
6.3807386399847035,1.0
6.3807386399847035,1.0
7.06,1.0
6.72,1.0
7.82,1.0
8.29,12.0
6.3807386399847035,1.0
6.3807386399847035,1.0
6.3807386399847035,1.0
6.3807386399847035,1.0
6.3807386399847035,1.0
5.9,1.0
6.11,1.0
6.3807386399847035,1.0
6.3807386399847035,12.0
6.3807386399847035,1.0
6.3807386399847035,1.0
6.3807386399847035,1.0
6.65,12.0
6.85,24.0
6.3807386399847035,1.0
5.48,1.0
7.57,2.0
6.3807386399847035,1.0
6.3807386399847035,1.0
5.69,1.0
6.3807386399847035,1.0
6.3807386399847035,1.0
6.3807386399847035,1.0
6.3807386399847035,1.0
6.3807386399847035,1.0
6.3807386399847035,1.0
6.3807386399847035,1.0
6.3807386399847035,1.0
6.3807386399847035,1.0
6.3807386399847035,1.0
6.3807386399847035,1.0
6.3807386399847035,1.0
4.81,1.0
6.3807386399847035,1.0
6.3807386399847035,1.0
6.3807386399847035,1.0
5.67,1.0
6.3807386399847035,1.0
6.3807386399847035,1.0
6.3807386399847035,1.0
6.3807386399847035,1.0
6.11,1.0
6.3807386399847035,1.0
6.3807386399847035,1.0
6.3807386399847035,1.0
6.3807386399847035,1.0
6.3807386399847035,1.0
6.3807386399847035,1.0
4.85,1.0
7.27,10.0
6.3807386399847035,18.0
7.85,52.0
6.3807386399847035,1.0
5.56,1.0
6.3807386399847035,1.0
6.3807386399847035,1.0
5.05,1.0
6.3807386399847035,1.0
6.3807386399847035,1.0
6.3807386399847035,1.0
6.3807386399847035,1.0
6.3807386399847035,1.0
6.3807386399847035,1.0
6.3807386399847035,1.0
5.94,9.0
6.3807386399847035,1.0
6.3807386399847035,1.0
6.3807386399847035,1.0
6.68,1.0
6.3807386399847035,1.0
6.3807386399847035,1.0
6.3807386399847035,1.0
6.3807386399847035,1.0
6.3807386399847035,1.0
6.3807386399847035,1.0
6.59,8.0
5.39,3.0
6.14,2.0
6.16,1.0
6.3807386399847035,26.0
7.52,12.0
6.3807386399847035,13.0
6.3807386399847035,8.0
6.3807386399847035,1.0
6.3807386399847035,2.0
6.3807386399847035,1.0
6.3807386399847035,52.0
6.75,12.0
7.01,1.0
5.82,1.0
6.28,12.0
6.3807386399847035,1.0
6.3807386399847035,1.0
6.3807386399847035,1.0
6.3807386399847035,1.0
6.3807386399847035,1.0
5.2,1.0
5.22,1.0
5.71,1.0
5.67,1.0
6.38,1.0
6.7,112.0
6.3807386399847035,1.0
6.3807386399847035,1.0
6.3807386399847035,1.0
6.3807386399847035,1.0
6.3807386399847035,1.0
6.3807386399847035,1.0
6.3807386399847035,1.0
6.3807386399847035,1.0
6.3807386399847035,1.0
5.85,1.0
6.3807386399847035,1.0
6.3807386399847035,1.0
5.67,10.0
6.3807386399847035,60.0
6.41,1.0
6.01,1.0
6.3807386399847035,2.0
8.09,13.0
6.82,1.0
5.73,1.0
6.35,1.0
6.6,13.0
7.84,1.0
5.8,1.0
6.3807386399847035,1.0
6.3807386399847035,1.0
6.3807386399847035,1.0
6.3807386399847035,1.0
6.3807386399847035,1.0
6.3807386399847035,1.0
6.3807386399847035,1.0
7.37,1.0
8.04,1.0
7.7,1.0
6.3807386399847035,1.0
6.3807386399847035,1.0
6.3807386399847035,1.0
6.3807386399847035,1.0
6.3807386399847035,1.0
6.3807386399847035,1.0
6.3807386399847035,1.0
6.3807386399847035,1.0
6.3807386399847035,1.0
6.3807386399847035,1.0
6.3807386399847035,1.0
6.3807386399847035,1.0
8.07,12.0
6.3807386399847035,8.0
6.3807386399847035,1.0
6.3807386399847035,2.0
7.09,1.0
7.33,1.0
7.25,1.0
6.57,1.0
6.3807386399847035,1.0
6.3807386399847035,1.0
6.3807386399847035,1.0
6.3807386399847035,1.0
6.02,1.0
6.3807386399847035,1.0
6.3807386399847035,1.0
6.3807386399847035,1.0
6.3807386399847035,1.0
6.3807386399847035,1.0
7.13,1.0
5.93,1.0
7.47,1.0
5.98,1.0
6.3807386399847035,1.0
6.3807386399847035,1.0
6.3807386399847035,14.0
6.99,2.0
5.73,1.0
6.3807386399847035,1.0
6.3807386399847035,1.0
6.3807386399847035,1.0
6.3807386399847035,1.0
6.3807386399847035,1.0
6.3807386399847035,1.0
6.3807386399847035,1.0
6.79,1.0
6.3807386399847035,1.0
6.3807386399847035,1.0
6.3807386399847035,1.0
6.16,1.0
6.07,1.0
6.3807386399847035,25.0
6.3807386399847035,1.0
6.3807386399847035,1.0
6.3807386399847035,1.0
6.3807386399847035,20.0
5.77,2.0
5.32,3.0
6.3807386399847035,1.0
6.2,1.0
6.83,52.0
8.03,12.0
6.3807386399847035,3.0
6.3807386399847035,1.0
6.3807386399847035,1.0
6.3807386399847035,1.0
6.3807386399847035,1.0
7.03,1.0
6.3807386399847035,12.0
6.3807386399847035,1.0
6.3807386399847035,1.0
6.3807386399847035,12.0
5.9,12.0
6.47,1.0
7.0,12.0
6.3807386399847035,1.0
7.85,13.0
5.71,6.0
6.3807386399847035,1.0
6.3807386399847035,1.0
6.3807386399847035,1.0
6.36,1.0
6.3807386399847035,5.0
6.3807386399847035,3.0
6.3807386399847035,24.0
6.99,1.0
6.2,1.0
6.3807386399847035,1.0
6.3807386399847035,1.0
6.5,1.0
7.25,6.0
6.32,1.0
6.3807386399847035,2.0
6.3807386399847035,2.0
6.38,1.0
5.47,1.0
6.35,1.0
6.3807386399847035,1.0
6.3807386399847035,48.0
6.73,12.0
7.82,1.0
6.3807386399847035,2.0
6.3807386399847035,5.0
6.3807386399847035,1.0
6.3807386399847035,26.0
6.3807386399847035,5.0
6.3807386399847035,1.0
6.3807386399847035,2.0
6.3807386399847035,1.0
6.3807386399847035,1.0
6.3807386399847035,1.0
6.3807386399847035,1.0
6.3807386399847035,1.0
6.3807386399847035,1.0
6.3807386399847035,1.0
6.3807386399847035,6.0
6.3807386399847035,12.0
6.3807386399847035,8.0
6.3807386399847035,24.0
6.3807386399847035,1.0
6.3807386399847035,27.0
6.3807386399847035,27.0
6.3807386399847035,10.0
6.3807386399847035,1.0
6.3807386399847035,1.0
6.3807386399847035,1.0
6.3807386399847035,1.0
6.3807386399847035,12.0
6.3807386399847035,1.0
6.3807386399847035,1.0
6.3807386399847035,1.0
6.3807386399847035,1.0
6.3807386399847035,1.0
6.3807386399847035,1.0
6.3807386399847035,1.0
6.15,2.0
6.37,1.0
7.4,1.0
6.24,1.0
5.9,4.0
6.81,12.0
6.3807386399847035,1.0
6.3807386399847035,1.0
6.3807386399847035,1.0
6.3807386399847035,1.0
6.3807386399847035,1.0
5.84,27.0
6.3807386399847035,6.0
6.3807386399847035,1.0
6.3807386399847035,13.0
6.3807386399847035,26.0
6.3807386399847035,1.0
6.3807386399847035,1.0
6.3807386399847035,1.0
6.94,1.0
6.3807386399847035,1.0
6.3807386399847035,1.0
6.74,12.0
6.3807386399847035,1.0
6.3807386399847035,1.0
6.3807386399847035,1.0
6.51,1.0
6.3807386399847035,1.0
8.24,11.0
5.96,1.0
6.3807386399847035,13.0
6.3807386399847035,13.0
6.3807386399847035,1.0
6.3807386399847035,1.0
6.3807386399847035,1.0
6.3807386399847035,1.0
6.3807386399847035,1.0
6.3807386399847035,1.0
7.68,13.0
6.3807386399847035,1.0
6.3807386399847035,1.0
6.3807386399847035,1.0
5.29,1.0
7.0,12.0
5.72,1.0
6.3807386399847035,1.0
6.3807386399847035,1.0
6.3807386399847035,1.0
6.3807386399847035,1.0
6.3807386399847035,1.0
6.3807386399847035,1.0
6.3807386399847035,1.0
7.55,5.0
7.52,8.0
6.3807386399847035,1.0
6.3807386399847035,1.0
6.3807386399847035,1.0
6.3807386399847035,1.0
6.3807386399847035,1.0
6.3807386399847035,1.0
6.3807386399847035,2.0
6.3807386399847035,1.0
6.11,12.0
6.78,12.0
6.3807386399847035,1.0
6.3807386399847035,1.0
6.3807386399847035,1.0
6.3807386399847035,1.0
6.3807386399847035,1.0
6.3807386399847035,1.0
6.3807386399847035,1.0
6.11,12.0
6.3807386399847035,1.0
6.07,3.0
6.3807386399847035,1.0
6.3807386399847035,1.0
6.3807386399847035,1.0
6.3807386399847035,1.0
6.3807386399847035,1.0
6.3807386399847035,1.0
6.27,1.0
6.3807386399847035,1.0
8.27,12.0
6.3807386399847035,1.0
6.3807386399847035,12.0
6.3807386399847035,1.0
6.3807386399847035,1.0
6.3807386399847035,1.0
6.68,12.0
6.3807386399847035,1.0
6.3807386399847035,2.0
5.83,1.0
6.3807386399847035,13.0
6.3807386399847035,12.0
6.3807386399847035,3.0
6.3807386399847035,16.0
5.83,1.0
6.3807386399847035,1.0
6.3807386399847035,13.0
6.66,1.0
8.49,1.0
6.72,1.0
6.3807386399847035,1.0
6.3807386399847035,1.0
6.83,1.0
5.91,13.0
6.3807386399847035,20.0
6.3807386399847035,20.0
6.43,1.0
6.3807386399847035,1.0
6.3807386399847035,1.0
6.3807386399847035,1.0
6.3807386399847035,1.0
6.3807386399847035,1.0
6.3807386399847035,1.0
6.3807386399847035,1.0
6.38,1.0
6.3807386399847035,1.0
8.63,14.0
5.78,1.0
6.3807386399847035,1.0
6.3807386399847035,1.0
5.88,1.0
6.3807386399847035,1.0
6.0,1.0
7.21,1.0
6.3807386399847035,1.0
6.3807386399847035,9.0
6.3807386399847035,1.0
6.3807386399847035,1.0
6.3807386399847035,1.0
6.3807386399847035,1.0
6.3807386399847035,1.0
6.3807386399847035,1.0
6.3807386399847035,26.0
5.7,2.0
6.64,1.0
6.25,1.0
6.37,1.0
6.3807386399847035,1.0
6.14,1.0
6.3807386399847035,1.0
6.14,1.0
6.36,1.0
6.3807386399847035,1.0
5.82,1.0
6.3807386399847035,1.0
6.3807386399847035,1.0
6.3807386399847035,1.0
6.29,1.0
6.43,1.0
7.0,15.0
6.3807386399847035,1.0
6.3807386399847035,26.0
6.3807386399847035,25.0
6.3807386399847035,8.0
6.3807386399847035,10.0
6.3807386399847035,10.0
6.3807386399847035,12.0
6.3807386399847035,54.0
6.3807386399847035,10.0
6.3807386399847035,10.0
6.3807386399847035,1.0
6.3807386399847035,13.0
8.21,13.0
6.71,1.0
6.3807386399847035,2.0
6.78,1.0
6.23,1.0
6.3807386399847035,1.0
6.62,1.0
7.09,17.0
6.3807386399847035,3.0
6.3807386399847035,1.0
8.17,12.0
7.37,6.0
6.3807386399847035,45.0
5.32,6.0
6.44,1.0
6.8,4.0
6.5,1.0
6.3807386399847035,12.0
6.3807386399847035,12.0
6.61,1.0
7.7,12.0
6.3807386399847035,12.0
6.18,40.0
6.3807386399847035,52.0
6.3807386399847035,1.0
6.3807386399847035,1.0
6.3807386399847035,1.0
6.3807386399847035,1.0
6.3807386399847035,1.0
6.3807386399847035,1.0
6.3807386399847035,1.0
6.3807386399847035,2.0
6.3807386399847035,3.0
6.3807386399847035,15.0
6.3807386399847035,1.0
6.3807386399847035,14.0
6.3807386399847035,1.0
6.3807386399847035,1.0
7.37,1.0
6.3807386399847035,1.0
6.3807386399847035,1.0
6.3807386399847035,1.0
7.56,1.0
6.49,1.0
6.3807386399847035,2.0
6.3807386399847035,1.0
6.72,1.0
6.3807386399847035,1.0
7.48,1.0
6.3807386399847035,1.0
5.18,12.0
6.47,1.0
6.3807386399847035,12.0
6.3807386399847035,2.0
5.54,15.0
5.75,1.0
6.12,1.0
6.3807386399847035,1.0
6.32,1.0
6.3807386399847035,1.0
6.3807386399847035,12.0
7.31,12.0
6.3807386399847035,50.0
5.7,24.0
6.3807386399847035,1.0
7.47,13.0
6.3807386399847035,1.0
6.3807386399847035,1.0
6.3807386399847035,6.0
6.3807386399847035,1.0
6.38,1.0
6.3807386399847035,2.0
6.3807386399847035,2.0
6.3807386399847035,2.0
6.3807386399847035,1.0
6.39,1.0
6.61,1.0
5.81,1.0
6.49,1.0
6.26,1.0
6.3807386399847035,1.0
6.3807386399847035,1.0
6.3807386399847035,5.0
6.3807386399847035,5.0
6.3807386399847035,1.0
6.3807386399847035,1.0
6.3807386399847035,15.0
6.3807386399847035,1.0
6.3807386399847035,1.0
6.3807386399847035,1.0
6.3807386399847035,4.0
6.3807386399847035,1.0
6.3807386399847035,6.0
6.3807386399847035,1.0
6.3807386399847035,1.0
6.3807386399847035,26.0
6.79,1.0
8.07,1.0
6.3807386399847035,26.0
6.3807386399847035,26.0
6.3807386399847035,2.0
6.3807386399847035,1.0
7.07,4.0
6.43,2.0
6.3807386399847035,1.0
5.44,14.0
6.3807386399847035,1.0
6.3807386399847035,1.0
6.3807386399847035,15.0
6.3807386399847035,1.0
6.3807386399847035,20.0
6.3807386399847035,1.0
6.3807386399847035,1.0
6.3807386399847035,1.0
6.72,12.0
6.3807386399847035,1.0
6.3807386399847035,1.0
6.22,1.0
6.3807386399847035,1.0
6.3807386399847035,62.0
6.3807386399847035,1.0
6.3807386399847035,1.0
6.49,1.0
6.3807386399847035,1.0
6.3807386399847035,1.0
6.3807386399847035,1.0
6.3807386399847035,34.0
6.3807386399847035,34.0
6.3807386399847035,1.0
6.77,1.0
6.3807386399847035,1.0
5.71,1.0
6.3807386399847035,1.0
6.3807386399847035,1.0
6.3807386399847035,1.0
6.3807386399847035,2.0
6.3807386399847035,6.0
6.3807386399847035,1.0
6.3807386399847035,1.0
6.3807386399847035,1.0
6.3807386399847035,1.0
6.45,1.0
6.3807386399847035,1.0
6.3807386399847035,1.0
6.3807386399847035,1.0
6.3807386399847035,1.0
6.3807386399847035,1.0
6.3807386399847035,1.0
6.3807386399847035,1.0
6.3807386399847035,1.0
6.3807386399847035,1.0
5.87,1.0
6.3807386399847035,1.0
6.3807386399847035,1.0
6.3807386399847035,1.0
6.3807386399847035,1.0
6.3807386399847035,1.0
6.3807386399847035,1.0
6.3807386399847035,13.0
6.3807386399847035,1.0
6.3807386399847035,1.0
6.3807386399847035,1.0
6.89,1.0
6.3807386399847035,1.0
5.85,1.0
6.3807386399847035,1.0
6.3807386399847035,1.0
6.3807386399847035,12.0
6.3807386399847035,1.0
6.3807386399847035,1.0
6.3807386399847035,1.0
6.3807386399847035,1.0
6.3807386399847035,1.0
6.3807386399847035,1.0
6.3807386399847035,1.0
6.3807386399847035,1.0
6.3807386399847035,1.0
6.3807386399847035,1.0
6.3807386399847035,1.0
6.3807386399847035,1.0
6.3807386399847035,1.0
6.3807386399847035,1.0
6.3807386399847035,1.0
6.3807386399847035,1.0
6.3807386399847035,1.0
6.3807386399847035,1.0
6.3807386399847035,1.0
6.3807386399847035,10.0
6.3807386399847035,10.0
6.3807386399847035,10.0
6.3807386399847035,10.0
6.3807386399847035,1.0
6.3807386399847035,1.0
6.3807386399847035,10.0
6.3807386399847035,1.0
6.3807386399847035,1.0
6.3807386399847035,1.0
6.3807386399847035,1.0
6.3807386399847035,1.0
6.3807386399847035,1.0
6.3807386399847035,1.0
6.74,1.0
6.59,1.0
6.3807386399847035,1.0
6.51,6.0
6.3807386399847035,8.0
6.3807386399847035,6.0
6.44,1.0
5.63,1.0
5.58,1.0
6.3807386399847035,1.0
6.3807386399847035,1.0
6.3807386399847035,1.0
6.3807386399847035,3.0
6.3807386399847035,1.0
6.3807386399847035,1.0
6.3807386399847035,1.0
6.3807386399847035,1.0
7.21,1.0
7.56,11.0
6.2,1.0
6.19,1.0
6.3807386399847035,1.0
6.3807386399847035,1.0
5.91,1.0
6.3807386399847035,1.0
6.35,1.0
6.3807386399847035,2.0
6.3807386399847035,1.0
6.3807386399847035,1.0
6.3807386399847035,1.0
6.3807386399847035,1.0
6.3807386399847035,1.0
6.3807386399847035,1.0
6.3807386399847035,3.0
6.89,12.0
6.44,1.0
6.3807386399847035,1.0
6.3807386399847035,105.0
6.3807386399847035,1.0
6.25,1.0
6.44,8.0
6.3807386399847035,1.0
6.3807386399847035,1.0
6.3807386399847035,1.0
6.3807386399847035,1.0
6.3807386399847035,1.0
6.3807386399847035,1.0
6.3807386399847035,1.0
6.3807386399847035,1.0
5.74,1.0
7.45,1.0
5.15,1.0
7.29,1.0
6.3807386399847035,1.0
6.3807386399847035,1.0
6.3807386399847035,1.0
6.3807386399847035,1.0
6.3807386399847035,1.0
6.3807386399847035,1.0
6.3807386399847035,1.0
6.3807386399847035,1.0
6.3,1.0
6.33,1.0
6.3807386399847035,1.0
6.3807386399847035,1.0
6.3807386399847035,1.0
6.3807386399847035,1.0
6.3807386399847035,1.0
6.3807386399847035,1.0
5.76,14.0
6.3807386399847035,1.0
6.3807386399847035,1.0
6.3807386399847035,15.0
6.3807386399847035,1.0
6.3807386399847035,1.0
6.3807386399847035,1.0
6.3807386399847035,1.0
6.3807386399847035,1.0
6.3807386399847035,1.0
6.3807386399847035,1.0
6.3807386399847035,1.0
6.3807386399847035,1.0
6.3807386399847035,1.0
6.3807386399847035,1.0
6.3807386399847035,1.0
6.3807386399847035,1.0
6.3807386399847035,1.0
6.3807386399847035,1.0
6.3807386399847035,1.0
6.3807386399847035,1.0
6.3807386399847035,1.0
6.3807386399847035,1.0
6.3807386399847035,1.0
6.3807386399847035,1.0
6.3807386399847035,1.0
6.3807386399847035,1.0
6.3807386399847035,1.0
6.3807386399847035,1.0
6.3807386399847035,1.0
6.3807386399847035,1.0
6.3807386399847035,1.0
6.3807386399847035,1.0
6.3807386399847035,10.0
6.3807386399847035,10.0
6.3807386399847035,1.0
6.3807386399847035,1.0
6.3807386399847035,1.0
7.41,1.0
6.58,1.0
6.3807386399847035,1.0
6.3807386399847035,1.0
6.3807386399847035,1.0
6.3807386399847035,6.0
6.3807386399847035,10.0
6.3807386399847035,1.0
6.3807386399847035,1.0
6.3807386399847035,13.0
6.3807386399847035,60.0
6.07,1.0
5.68,1.0
7.78,1.0
6.3807386399847035,1.0
7.91,10.0
6.3807386399847035,1.0
6.3807386399847035,1.0
6.3807386399847035,1.0
6.3807386399847035,1.0
7.33,2.0
6.3807386399847035,1.0
6.3807386399847035,1.0
6.3807386399847035,1.0
6.18,1.0
6.13,1.0
6.13,1.0
6.42,1.0
5.63,1.0
6.3807386399847035,13.0
6.3807386399847035,6.0
6.3807386399847035,1.0
6.3807386399847035,23.0
6.3807386399847035,1.0
6.51,1.0
6.3807386399847035,24.0
6.3807386399847035,1.0
6.3807386399847035,4.0
6.3807386399847035,1.0
6.3807386399847035,1.0
6.3807386399847035,1.0
6.3807386399847035,1.0
6.3807386399847035,54.0
6.3807386399847035,1.0
6.3807386399847035,1.0
6.12,24.0
6.3807386399847035,1.0
6.3807386399847035,54.0
6.3807386399847035,47.0
6.3807386399847035,1.0
6.3807386399847035,1.0
6.3807386399847035,1.0
6.3807386399847035,1.0
5.78,12.0
6.3807386399847035,1.0
6.3807386399847035,1.0
6.3807386399847035,1.0
6.3807386399847035,6.0
6.3807386399847035,1.0
6.3807386399847035,1.0
6.3807386399847035,1.0
6.3807386399847035,1.0
6.3807386399847035,1.0
6.3807386399847035,1.0
6.3807386399847035,1.0
6.3807386399847035,1.0
6.3807386399847035,4.0
6.06,1.0
6.3807386399847035,1.0
6.3807386399847035,1.0
6.3807386399847035,1.0
6.3807386399847035,1.0
6.3807386399847035,1.0
6.3807386399847035,1.0
6.3807386399847035,1.0
6.3807386399847035,1.0
6.3807386399847035,6.0
6.35,3.0
6.3807386399847035,1.0
6.3807386399847035,1.0
6.3807386399847035,16.0
6.3807386399847035,3.0
6.3807386399847035,1.0
7.27,13.0
6.3807386399847035,1.0
6.3807386399847035,26.0
6.3807386399847035,1.0
6.3807386399847035,1.0
6.3807386399847035,1.0
5.81,12.0
6.3807386399847035,1.0
6.3807386399847035,1.0
6.3807386399847035,1.0
6.3807386399847035,15.0
6.3807386399847035,1.0
6.3807386399847035,1.0
6.3807386399847035,1.0
6.3807386399847035,1.0
6.3807386399847035,1.0
6.3807386399847035,1.0
6.3807386399847035,1.0
6.3807386399847035,1.0
6.3807386399847035,1.0
6.3807386399847035,1.0
6.3807386399847035,1.0
6.3807386399847035,1.0
6.3807386399847035,1.0
6.3807386399847035,1.0
6.3807386399847035,1.0
6.3807386399847035,1.0
6.22,1.0
6.3807386399847035,1.0
6.3807386399847035,2.0
6.3807386399847035,1.0
6.3807386399847035,6.0
6.3807386399847035,1.0
6.3807386399847035,1.0
6.3807386399847035,1.0
6.3807386399847035,1.0
6.3807386399847035,1.0
6.3807386399847035,1.0
6.23,1.0
5.85,2.0
6.3807386399847035,1.0
6.3807386399847035,1.0
6.3807386399847035,60.0
6.3807386399847035,1.0
6.3807386399847035,2.0
6.3807386399847035,52.0
5.32,2.0
6.3807386399847035,52.0
6.3807386399847035,9.0
6.3807386399847035,4.0
6.3807386399847035,1.0
6.3807386399847035,1.0
6.3807386399847035,1.0
6.3807386399847035,1.0
6.3807386399847035,1.0
6.3807386399847035,1.0
6.3807386399847035,2.0
6.3807386399847035,1.0
6.3807386399847035,1.0
6.24,1.0
6.19,12.0
6.3807386399847035,12.0
6.3807386399847035,1.0
6.3807386399847035,1.0
6.3807386399847035,1.0
6.3807386399847035,1.0
6.3807386399847035,1.0
6.3807386399847035,1.0
6.3807386399847035,1.0
6.3807386399847035,1.0
6.3807386399847035,1.0
6.3807386399847035,3.0
6.02,1.0
6.3807386399847035,1.0
6.3807386399847035,2.0
6.3807386399847035,1.0
6.3807386399847035,1.0
6.98,52.0
6.3807386399847035,1.0
6.3807386399847035,1.0
6.3807386399847035,1.0
6.3807386399847035,26.0
6.3807386399847035,1.0
6.3807386399847035,26.0
6.3807386399847035,1.0
6.3807386399847035,1.0
6.3807386399847035,1.0
6.3807386399847035,4.0
6.3807386399847035,1.0
6.3807386399847035,1.0
6.3807386399847035,1.0
7.35,1.0
6.3807386399847035,1.0
6.3807386399847035,1.0
6.3807386399847035,1.0
6.3807386399847035,1.0
6.3807386399847035,1.0
6.3807386399847035,1.0
6.3807386399847035,1.0
6.3807386399847035,1.0
6.3807386399847035,1.0
6.3807386399847035,1.0
6.3807386399847035,1.0
6.3807386399847035,1.0
6.3807386399847035,1.0
6.3807386399847035,1.0
6.3807386399847035,1.0
6.64,1.0
5.67,1.0
6.3807386399847035,1.0
6.3807386399847035,1.0
6.3807386399847035,1.0
6.3807386399847035,1.0
6.3807386399847035,1.0
5.55,1.0
6.3807386399847035,1.0
6.3807386399847035,1.0
6.3807386399847035,1.0
6.3807386399847035,1.0
6.3807386399847035,1.0
6.38,1.0
6.46,1.0
6.3807386399847035,3.0
5.92,1.0
6.3807386399847035,1.0
6.3807386399847035,1.0
6.3807386399847035,1.0
6.3807386399847035,1.0
6.3807386399847035,2.0
6.3807386399847035,1.0
6.3807386399847035,1.0
6.3807386399847035,1.0
6.3807386399847035,40.0
6.3807386399847035,15.0
6.3807386399847035,20.0
6.3807386399847035,1.0
6.3807386399847035,1.0
6.3807386399847035,1.0
6.3807386399847035,1.0
6.3807386399847035,1.0
6.3807386399847035,1.0
6.3807386399847035,1.0
6.3807386399847035,1.0
6.3807386399847035,1.0
6.3807386399847035,1.0
6.3807386399847035,1.0
6.3807386399847035,1.0
6.3807386399847035,1.0
6.3807386399847035,1.0
6.3807386399847035,1.0
6.3807386399847035,1.0
6.3807386399847035,1.0
6.3807386399847035,1.0
6.3807386399847035,1.0
6.3807386399847035,1.0
6.96,60.0
6.3807386399847035,1.0
6.3807386399847035,1.0
6.3807386399847035,1.0
6.3807386399847035,1.0
6.3807386399847035,1.0
6.3807386399847035,1.0
6.3807386399847035,1.0
6.3807386399847035,1.0
6.3807386399847035,1.0
6.3807386399847035,1.0
6.3807386399847035,1.0
6.3807386399847035,1.0
6.3807386399847035,1.0
7.45,1.0
6.3807386399847035,1.0
6.3807386399847035,1.0
6.3807386399847035,1.0
6.3807386399847035,1.0
6.37,1.0
6.3807386399847035,1.0
6.3807386399847035,1.0
6.3807386399847035,1.0
6.3807386399847035,1.0
6.3807386399847035,1.0
6.3807386399847035,1.0
6.3807386399847035,1.0
6.3807386399847035,1.0
6.3807386399847035,1.0
6.3807386399847035,6.0
6.3807386399847035,1.0
6.3807386399847035,1.0
6.3807386399847035,1.0
6.3807386399847035,1.0
6.3807386399847035,1.0
6.3807386399847035,1.0
6.3807386399847035,1.0
6.3807386399847035,1.0
6.3807386399847035,1.0
6.3807386399847035,1.0
6.3807386399847035,1.0
6.3807386399847035,1.0
6.3807386399847035,1.0
6.3807386399847035,1.0
6.3807386399847035,1.0
6.3807386399847035,1.0
6.3807386399847035,1.0
6.3807386399847035,1.0
6.3807386399847035,1.0
6.3807386399847035,1.0
6.3807386399847035,1.0
6.3807386399847035,1.0
6.29,21.0
6.3807386399847035,1.0
6.3807386399847035,1.0
6.3807386399847035,1.0
6.3807386399847035,1.0
6.3807386399847035,1.0
6.3807386399847035,1.0
6.3807386399847035,1.0
6.3807386399847035,4.0
6.3807386399847035,1.0
6.3807386399847035,1.0
6.3807386399847035,1.0
6.3807386399847035,1.0
6.3807386399847035,1.0
6.3807386399847035,1.0
6.3807386399847035,1.0
6.3807386399847035,1.0
6.3807386399847035,1.0
6.3807386399847035,1.0
6.3807386399847035,1.0
6.3807386399847035,1.0
6.3807386399847035,1.0
6.3807386399847035,1.0
6.3807386399847035,3.0
6.3807386399847035,1.0
6.3807386399847035,1.0
6.3807386399847035,1.0
6.3807386399847035,1.0
6.3807386399847035,1.0
6.3807386399847035,1.0
6.3807386399847035,1.0
6.3807386399847035,1.0
6.3807386399847035,1.0
6.3807386399847035,1.0
6.3807386399847035,1.0
6.3807386399847035,1.0
7.58,1.0
6.3807386399847035,3.0
6.3807386399847035,12.0
6.3807386399847035,1.0
6.3807386399847035,1.0
6.3807386399847035,1.0
6.3807386399847035,1.0
6.35,2.0
7.14,1.0
6.3807386399847035,1.0
6.3807386399847035,40.0
6.3807386399847035,1.0
6.3807386399847035,13.0
6.3807386399847035,1.0
6.3807386399847035,1.0
6.3807386399847035,1.0
6.3807386399847035,1.0
6.3807386399847035,1.0
6.3807386399847035,1.0
6.3807386399847035,1.0
6.5,1.0
6.3807386399847035,1.0
6.3807386399847035,1.0
6.3807386399847035,1.0
6.3807386399847035,1.0
6.3807386399847035,1.0
6.3807386399847035,1.0
6.3807386399847035,1.0
6.3807386399847035,1.0
5.67,18.0
6.3807386399847035,12.0
6.3807386399847035,4.0
6.3807386399847035,3.0
6.3807386399847035,1.0
6.3807386399847035,1.0
6.3807386399847035,1.0
6.3807386399847035,22.0
6.3807386399847035,2.0
6.3807386399847035,2.0
6.65,1.0
6.3807386399847035,24.0
6.3807386399847035,40.0
6.09,12.0
6.3807386399847035,1.0
6.3807386399847035,1.0
6.3807386399847035,1.0
6.31,1.0
6.3807386399847035,1.0
6.3807386399847035,1.0
6.3807386399847035,3.0
6.02,1.0
6.3807386399847035,12.0
7.43,1.0
6.3807386399847035,1.0
6.36,1.0
6.3807386399847035,1.0
6.3807386399847035,19.0
6.39,12.0
6.3807386399847035,18.0
5.58,1.0
5.45,1.0
6.3807386399847035,16.0
6.3807386399847035,2.0
6.3807386399847035,15.0
6.64,3.0
6.3807386399847035,8.0
6.3807386399847035,1.0
6.3807386399847035,13.0
6.3807386399847035,1.0
6.3807386399847035,1.0
6.3807386399847035,1.0
6.3807386399847035,1.0
6.3807386399847035,1.0
6.3807386399847035,10.0
6.3807386399847035,8.0
6.3807386399847035,33.0
6.3807386399847035,38.0
6.3807386399847035,1.0
5.86,1.0
6.12,1.0
6.3807386399847035,1.0
6.3807386399847035,23.0
6.3807386399847035,1.0
6.3807386399847035,1.0
6.3807386399847035,1.0
6.3807386399847035,1.0
7.29,22.0
6.3807386399847035,52.0
6.41,6.0
6.3807386399847035,13.0
6.3807386399847035,1.0
6.3807386399847035,1.0
6.3807386399847035,1.0
6.3807386399847035,12.0
6.3807386399847035,1.0
6.3807386399847035,1.0
6.3807386399847035,12.0
6.3807386399847035,13.0
6.3807386399847035,37.0
6.3807386399847035,1.0
6.3807386399847035,1.0
6.3807386399847035,16.0
6.3807386399847035,1.0
6.3807386399847035,1.0
6.3807386399847035,1.0
6.3807386399847035,1.0
6.3807386399847035,50.0
6.3807386399847035,1.0
6.3807386399847035,3.0
6.3807386399847035,1.0
6.3807386399847035,1.0
6.3807386399847035,1.0
6.3807386399847035,2.0
6.3807386399847035,1.0
6.51,1.0
6.3807386399847035,80.0
6.3807386399847035,52.0
6.3807386399847035,1.0
6.19,1.0
5.82,1.0
6.3807386399847035,20.0
6.41,1.0
6.3807386399847035,12.0
6.3807386399847035,1.0
6.3807386399847035,1.0
6.3807386399847035,1.0
6.3807386399847035,13.0
6.3807386399847035,1.0
6.3807386399847035,20.0
6.3807386399847035,12.0
6.3807386399847035,1.0
6.3807386399847035,1.0
6.3807386399847035,1.0
6.3807386399847035,20.0
6.3807386399847035,1.0
6.3807386399847035,1.0
6.3807386399847035,26.0
5.61,1.0
5.49,1.0
6.3807386399847035,1.0
6.3807386399847035,2.0
6.3807386399847035,12.0
6.3807386399847035,1.0
6.3807386399847035,26.0
8.85,1.0
6.3807386399847035,1.0
6.07,5.0
6.3807386399847035,10.0
6.3807386399847035,1.0
6.3807386399847035,1.0
6.3807386399847035,1.0
5.21,1.0
6.3807386399847035,8.0
6.3807386399847035,1.0
6.3807386399847035,1.0
6.3807386399847035,1.0
6.3807386399847035,34.0
6.3807386399847035,20.0
6.3807386399847035,1.0
6.3807386399847035,26.0
5.85,1.0
6.3807386399847035,1.0
6.3807386399847035,30.0
6.3807386399847035,1.0
6.3807386399847035,1.0
6.3807386399847035,1.0
6.3807386399847035,1.0
6.3807386399847035,7.0
6.3807386399847035,7.0
6.3807386399847035,13.0
6.3807386399847035,1.0
6.3807386399847035,1.0
6.3807386399847035,1.0
6.3807386399847035,12.0
6.3807386399847035,12.0
6.3807386399847035,12.0
6.3807386399847035,1.0
6.3807386399847035,1.0
6.3807386399847035,6.0
7.16,1.0
6.3807386399847035,52.0
6.3807386399847035,3.0
6.3807386399847035,1.0
6.3807386399847035,1.0
6.3807386399847035,1.0
6.3807386399847035,1.0
6.3807386399847035,26.0
6.3807386399847035,1.0
6.73,1.0
6.3807386399847035,1.0
6.3807386399847035,52.0
6.71,1.0
6.09,1.0
6.3807386399847035,1.0
6.3807386399847035,1.0
6.3807386399847035,1.0
6.3807386399847035,7.0
6.3807386399847035,26.0
6.3807386399847035,1.0
6.3807386399847035,1.0
6.3807386399847035,1.0
6.3807386399847035,1.0
6.3807386399847035,20.0
6.3807386399847035,20.0
6.3807386399847035,1.0
6.3807386399847035,1.0
6.3807386399847035,1.0
6.3807386399847035,1.0
6.3807386399847035,1.0
6.3807386399847035,52.0
6.3807386399847035,1.0
6.3807386399847035,12.0
6.3807386399847035,10.0
6.3807386399847035,5.0
6.3807386399847035,3.0
6.3807386399847035,12.0
6.3807386399847035,1.0
6.3807386399847035,1.0
6.3807386399847035,1.0
6.3807386399847035,1.0
6.3807386399847035,1.0
6.3807386399847035,1.0
6.3807386399847035,1.0
6.3807386399847035,52.0
6.3807386399847035,1.0
6.3807386399847035,1.0
6.3807386399847035,1.0
6.3807386399847035,1.0
6.3807386399847035,1.0
6.3807386399847035,1.0
6.3807386399847035,1.0
6.3807386399847035,1.0
6.3807386399847035,1.0
6.3807386399847035,1.0
6.3807386399847035,1.0
6.3807386399847035,1.0
6.3807386399847035,1.0
6.3807386399847035,1.0
6.3807386399847035,1.0
6.3807386399847035,1.0
6.3807386399847035,1.0
6.3807386399847035,1.0
6.3807386399847035,1.0
6.3807386399847035,1.0
6.3807386399847035,1.0
6.3807386399847035,1.0
6.3807386399847035,1.0
6.11,2.0
6.3807386399847035,1.0
6.64,1.0
6.3807386399847035,1.0
6.3807386399847035,8.0
6.3807386399847035,1.0
6.3807386399847035,1.0
6.3807386399847035,1.0
6.3807386399847035,52.0
6.3807386399847035,1.0
6.3807386399847035,26.0
6.3807386399847035,1.0
6.3807386399847035,1.0
6.3807386399847035,1.0
6.3807386399847035,1.0
6.3807386399847035,1.0
6.3807386399847035,1.0
6.3807386399847035,1.0
6.3807386399847035,1.0
6.3807386399847035,1.0
6.3807386399847035,1.0
6.3807386399847035,1.0
6.3807386399847035,52.0
6.3807386399847035,5.0
6.3807386399847035,10.0
6.3807386399847035,1.0
6.3807386399847035,1.0
6.3807386399847035,1.0
6.3807386399847035,1.0
6.3807386399847035,1.0
6.3807386399847035,1.0
6.3807386399847035,1.0
6.3807386399847035,1.0
6.3807386399847035,1.0
6.3807386399847035,1.0
6.3807386399847035,1.0
6.15,1.0
6.3807386399847035,1.0
6.3807386399847035,1.0
6.3807386399847035,1.0
6.3807386399847035,52.0
6.3807386399847035,7.0
6.3807386399847035,1.0
6.3807386399847035,1.0
6.3807386399847035,1.0
6.3807386399847035,1.0
6.3807386399847035,1.0
6.3807386399847035,1.0
6.3807386399847035,1.0
6.3807386399847035,1.0
6.3807386399847035,1.0
6.3807386399847035,1.0
6.8,1.0
6.3807386399847035,3.0
6.3807386399847035,3.0
6.3807386399847035,1.0
6.3807386399847035,1.0
6.3807386399847035,1.0
6.3807386399847035,12.0
6.3807386399847035,3.0
6.3807386399847035,1.0
6.11,1.0
6.47,1.0
6.3807386399847035,1.0
6.3807386399847035,1.0
6.3807386399847035,1.0
6.3807386399847035,1.0
6.3807386399847035,1.0
6.3807386399847035,1.0
6.3807386399847035,1.0
6.3807386399847035,1.0
6.3807386399847035,5.0
6.28,1.0
6.3807386399847035,1.0
6.3807386399847035,1.0
6.3807386399847035,1.0
6.3807386399847035,1.0
6.3807386399847035,1.0
7.78,18.0
6.3807386399847035,1.0
6.3807386399847035,1.0
6.3807386399847035,1.0
6.3807386399847035,1.0
6.3807386399847035,1.0
6.3807386399847035,5.0
6.3807386399847035,1.0
6.3807386399847035,1.0
6.3807386399847035,10.0
6.3807386399847035,1.0
6.3807386399847035,1.0
6.3807386399847035,1.0
6.3807386399847035,1.0
6.3807386399847035,1.0
6.3807386399847035,1.0
6.3807386399847035,1.0
6.3807386399847035,1.0
6.3807386399847035,1.0
6.3807386399847035,1.0
6.3807386399847035,1.0
5.84,1.0
6.3807386399847035,1.0
6.3807386399847035,1.0
6.3807386399847035,8.0
6.3807386399847035,1.0
6.3807386399847035,1.0
6.3807386399847035,1.0
6.3807386399847035,1.0
6.3807386399847035,1.0
5.99,1.0
6.3807386399847035,1.0
6.3807386399847035,1.0
6.3807386399847035,5.0
6.3807386399847035,1.0
6.3807386399847035,1.0
6.3807386399847035,1.0
6.3807386399847035,1.0
6.3807386399847035,1.0
6.3807386399847035,1.0
6.3807386399847035,1.0
6.3807386399847035,1.0
6.3807386399847035,1.0
6.3807386399847035,1.0
6.3807386399847035,1.0
6.3807386399847035,1.0
6.3807386399847035,1.0
6.3807386399847035,1.0
6.3807386399847035,1.0
6.3807386399847035,1.0
6.3807386399847035,1.0
6.3807386399847035,1.0
6.3807386399847035,1.0
6.3807386399847035,1.0
6.3807386399847035,1.0
6.3807386399847035,1.0
6.3807386399847035,1.0
6.3807386399847035,1.0
6.3807386399847035,1.0
6.3807386399847035,1.0
6.3807386399847035,1.0
6.3807386399847035,1.0
6.3807386399847035,1.0
6.3807386399847035,1.0
6.3807386399847035,10.0
6.3807386399847035,4.0
6.3807386399847035,1.0
6.3807386399847035,1.0
6.3807386399847035,1.0
6.3807386399847035,1.0
6.3807386399847035,1.0
6.3807386399847035,1.0
6.45,1.0
6.3807386399847035,6.0
6.3807386399847035,1.0
6.3807386399847035,1.0
6.3807386399847035,1.0
6.3807386399847035,1.0
6.3807386399847035,1.0
6.3807386399847035,1.0
6.3807386399847035,1.0
6.3807386399847035,1.0
6.3807386399847035,1.0
6.3807386399847035,1.0
6.3807386399847035,1.0
6.3807386399847035,1.0
6.3807386399847035,1.0
6.3807386399847035,1.0
6.3807386399847035,1.0
6.3807386399847035,1.0
6.3807386399847035,1.0
6.3807386399847035,1.0
6.3807386399847035,1.0
6.3807386399847035,1.0
6.3807386399847035,1.0
6.3807386399847035,1.0
6.3807386399847035,1.0
6.3807386399847035,1.0
6.3807386399847035,1.0
6.3807386399847035,1.0
6.3807386399847035,1.0
6.3807386399847035,1.0
6.3807386399847035,1.0
6.3807386399847035,1.0
6.3807386399847035,1.0
6.3807386399847035,1.0
6.3807386399847035,1.0
6.3807386399847035,1.0
6.3807386399847035,1.0
6.3807386399847035,1.0
6.3807386399847035,1.0
6.3807386399847035,1.0
6.3807386399847035,1.0
6.3807386399847035,1.0
6.3807386399847035,5.0
6.3807386399847035,1.0
6.3807386399847035,1.0
6.3807386399847035,1.0
6.3807386399847035,1.0
6.3807386399847035,1.0
6.3807386399847035,1.0
6.3807386399847035,1.0
6.3807386399847035,1.0
6.3807386399847035,1.0
6.3807386399847035,1.0
6.3807386399847035,1.0
6.3807386399847035,1.0
6.3807386399847035,1.0
6.3807386399847035,1.0
6.3807386399847035,1.0
6.3807386399847035,1.0
6.3807386399847035,1.0
6.3807386399847035,1.0
6.3807386399847035,1.0
6.3807386399847035,1.0
6.3807386399847035,1.0
6.3807386399847035,1.0
6.3807386399847035,1.0
6.3807386399847035,1.0
6.3807386399847035,1.0
6.3807386399847035,1.0
6.3807386399847035,1.0
6.3807386399847035,1.0
6.3807386399847035,1.0
6.3807386399847035,1.0
6.3807386399847035,1.0
6.3807386399847035,1.0
6.3807386399847035,1.0
6.3807386399847035,1.0
6.3807386399847035,1.0
6.3807386399847035,1.0
6.3807386399847035,1.0
6.3807386399847035,1.0
6.3807386399847035,1.0
6.3807386399847035,1.0
6.3807386399847035,1.0
6.3807386399847035,1.0
6.3807386399847035,1.0
6.3807386399847035,1.0
6.3807386399847035,1.0
6.3807386399847035,1.0
6.3807386399847035,1.0
6.07,1.0
6.3807386399847035,1.0
6.3807386399847035,2.0
6.3807386399847035,2.0
6.3807386399847035,1.0
6.3807386399847035,1.0
6.3807386399847035,26.0
6.3807386399847035,10.0
6.3807386399847035,1.0
6.3807386399847035,1.0
6.3807386399847035,1.0
6.3807386399847035,1.0
6.3807386399847035,1.0
6.3807386399847035,12.0
6.3807386399847035,1.0
6.3807386399847035,1.0
6.3807386399847035,1.0
6.3807386399847035,1.0
6.3807386399847035,1.0
6.3807386399847035,1.0
6.3807386399847035,1.0
6.3807386399847035,1.0
6.3807386399847035,1.0
6.3807386399847035,1.0
6.3807386399847035,3.0
6.3807386399847035,1.0
6.3807386399847035,1.0
6.3807386399847035,1.0
6.3807386399847035,1.0
6.3807386399847035,1.0
6.3807386399847035,1.0
6.3807386399847035,25.0
6.3807386399847035,50.0
6.3807386399847035,1.0
6.3807386399847035,1.0
6.3807386399847035,1.0
6.3807386399847035,1.0
6.3807386399847035,1.0
6.3807386399847035,1.0
6.3807386399847035,1.0
6.3807386399847035,1.0
6.3807386399847035,1.0
6.3807386399847035,1.0
6.3807386399847035,1.0
6.3807386399847035,1.0
6.3807386399847035,1.0
6.3807386399847035,12.0
6.3807386399847035,1.0
6.3807386399847035,13.0
6.3807386399847035,12.0
6.3807386399847035,1.0
6.3807386399847035,1.0
6.3807386399847035,1.0
6.3807386399847035,1.0
6.3807386399847035,32.0
6.3807386399847035,1.0
6.3807386399847035,1.0
6.3807386399847035,1.0
6.3807386399847035,1.0
6.3807386399847035,3.0
6.3807386399847035,1.0
6.3807386399847035,2.0
6.3807386399847035,10.0
6.3807386399847035,1.0
6.3807386399847035,1.0
6.3807386399847035,8.0
6.3807386399847035,1.0
6.3807386399847035,1.0
6.3807386399847035,1.0
6.3807386399847035,1.0
6.3807386399847035,1.0
6.3807386399847035,1.0
6.3807386399847035,1.0
6.3807386399847035,1.0
6.3807386399847035,1.0
6.3807386399847035,1.0
6.3807386399847035,1.0
6.3807386399847035,1.0
6.3807386399847035,1.0
6.3807386399847035,32.0
6.29,1.0
6.3807386399847035,1.0
6.3807386399847035,1.0
6.3807386399847035,1.0
6.3807386399847035,4.0
6.3807386399847035,26.0
6.3807386399847035,26.0
6.3807386399847035,1.0
6.3807386399847035,26.0
6.3807386399847035,26.0
6.3807386399847035,1.0
6.3807386399847035,1.0
6.3807386399847035,1.0
6.3807386399847035,1.0
6.3807386399847035,1.0
6.3807386399847035,1.0
6.3807386399847035,1.0
6.3807386399847035,1.0
6.3807386399847035,1.0
6.3807386399847035,1.0
6.3807386399847035,1.0
6.3807386399847035,1.0
6.3807386399847035,1.0
6.45,1.0
6.3807386399847035,37.0
6.3807386399847035,1.0
6.3807386399847035,12.0
6.3807386399847035,1.0
6.3807386399847035,12.0
6.3807386399847035,1.0
6.3807386399847035,1.0
6.3807386399847035,1.0
6.3807386399847035,1.0
6.3807386399847035,1.0
6.3807386399847035,1.0
6.3807386399847035,4.0
6.3807386399847035,1.0
6.3807386399847035,1.0
6.3807386399847035,1.0
6.3807386399847035,1.0
6.3807386399847035,1.0
6.3807386399847035,1.0
6.3807386399847035,1.0
6.3807386399847035,12.0
6.3807386399847035,10.0
6.3807386399847035,6.0
6.3807386399847035,10.0
6.3807386399847035,1.0
6.3807386399847035,1.0
6.3807386399847035,1.0
6.3807386399847035,15.0
6.3807386399847035,18.0
6.3807386399847035,16.0
6.3807386399847035,1.0
6.3807386399847035,1.0
